curated_smiles,dog_oral_LD50
Clc1ccc(C(c2ccc(Cl)cc2)C(Cl)(Cl)Cl)cc1,3.373513954511488
CCCCC1C(=O)N(c2ccccc2)N(c2ccccc2)C1=O,2.967949528705525
CC(=O)Oc1ccccc1C(=O)O,2.4105579225459426
O=c1[nH]cc(F)c(=O)[nH]1,3.637082596134564
CC(C)NCC(O)c1ccc(O)c(O)c1,2.546668080799873
O=[N+]([O-])C(Br)(CO)CO,2.903063928541268
NC1(C(=O)O)CCCC1,2.634003419159039
COP(=O)(OC)C(O)C(Cl)(Cl)Cl,2.808610974476723
O=C(CCCN1CCC(O)(c2ccc(Cl)cc2)CC1)c1ccc(F)cc1,3.620796309954128
COc1ccc2c(c1)c(CC(=O)O)c(C)n2C(=O)c1ccc(Cl)cc1,3.3495118569541
NS(=O)(=O)c1cc(C(=O)O)c(NCc2ccco2)cc1Cl,2.218468544133914
NNC(=O)c1ccncc1,3.4382004743402983
N=C(N)SCCN,2.8282774844229444
CCOP(=S)(OCC)Oc1ccc([N+](=O)[O-])cc1,4.9871670458362365
CCC1(c2ccccc2)C(=O)NC(=O)NC1=O,3.189843893739444
CC(O)CO,0.5389334405508791
CN(C)C1C(=O)C(C(N)=O)C(=O)C2(O)C(O)=C3C(=O)c4c(O)ccc(Cl)c4C(C)(O)C3CC12,2.8051699705620536
Cn1c(=O)c2c(ncn2C)n(C)c1=O,3.142107771731306
Cc1c(N(C)C)c(=O)n(-c2ccccc2)n1C,3.021751074320135
Cc1ncc(CO)c(CO)c1O,2.5293790162876184
Cc1cc(C(=O)NNCc2ccccc2)no1,3.762031140132554
NCCCCCC(=O)O,1.2727530328561196
CNC(=O)CSP(=S)(OC)OC,2.7582739797019595
ClC1=C(Cl)C2(Cl)C3C4CC(C5OC45)C3C1(Cl)C2(Cl)Cl,3.767912438102421
COP(=O)(OC)OC=C(Cl)Cl,3.3443451079223725
O=C(O)CF,6.072784455086223
CNC(=O)Oc1cccc2ccccc12,2.4234401601681586
Nc1ccc(S(N)(=O)=O)cc1,1.9350258491783836
CCC1(CCC(C)C)C(=O)NC(=O)NC1=O,3.359003298286439
Cc1ncc(CO)c(C=O)c1O,2.5241727503175704
O=c1cc[nH]c(=O)[nH]1,1.3505891157277945
O=C1CC2OCC=C3CN4CCC56c7ccccc7N1C5C2C3CC46,5.825320939552804
CC1CC(C)C(=O)C(C(O)CC2CC(=O)NC(=O)C2)C1,3.6363366500548207
CS(C)=O,0.8928511747107216
C=C1CCC(O)CC1=CC=C1CCCC2(C)C1CCC2C(C)CCCC(C)C,3.681973491647877
CCC(=O)c1ccc(N)cc1,3.4747784425761625
CC(Cl)(Cl)Cl,2.250110843787899
CC(=O)OC1(C(C)=O)CCC2C3CC(C)C4=CC(=O)CCC4(C)C3CCC21C,1.8882154495409351
Cc1ccc2c(Cl)cc(Cl)c(O)c2n1,2.0059008779088585
CCCC(C)C1(CC)C(=O)NC(=O)NC1=O,3.541725136241133
CCC1(c2ccccc2)CCC(=O)NC1=O,2.6380257622661367
CCOP(=O)(C#N)N(C)C,5.908830708348727
CCOP(=S)(OCC)SC1OCCOC1SP(=S)(OCC)OCC,4.659488347116726
NC(=O)CCl,3.479510296030869
NNC(N)=S,3.959704259084432
C=C(C)C(=O)OC,1.326106014677341
CN1C(=O)CCS(=O)(=O)C1c1ccc(Cl)cc1,2.738369845102693
O=C1C(=C(O)C(c2ccccc2)c2ccccc2)C(=O)c2ccccc21,5.054840227399799
CC(C)(C)C(O)=C1C(=O)c2ccccc2C1=O,3.48716289521177
COP(=S)(OC)SCn1nnc2ccccc2c1=O,4.501513868894247
NNc1nncc2ccccc12,3.204608289327035
NC(=S)Nc1cccc2ccccc12,5.726173642315763
NS(=O)(=O)c1cc2c(cc1Cl)NC(=CSCc1ccccc1)NS2(=O)=O,1.936461463144752
O=C(O)COc1cc(Cl)c(Cl)cc1Cl,3.4073637070958123
CCCNC(=O)NS(=O)(=O)c1ccc(Cl)cc1,2.538989796155833
CC=C(CC)C(=O)NC(N)=O,1.9493639636723608
Oc1ccc(Cl)cc1Cc1cc(Cl)ccc1O,2.128927274611079
Cc1cc(N=Nc2ccccc2C)ccc1N,2.875630298759582
O=Cc1ccco1,2.004931989188327
Clc1nc(Cl)nc(Nc2ccccc2Cl)n1,1.7411925829670092
ClCCCl,1.2395848309485726
OCCO,1.0525050619656204
COCC(C)O,1.2558608167464644
CC1OC(C)OC(C)OC(C)O1,2.4678842300620025
OCCOCCO,1.071558824336437
CCCCOCCOCCSC#N,3.831031077233856
O=S1OCC2C(CO1)C1(Cl)C(Cl)=C(Cl)C2(Cl)C1(Cl)Cl,3.72472327722204
OC(c1ccc(Cl)cc1)(c1ccc(Cl)cc1)C(Cl)(Cl)Cl,1.966716498980828
O=C(C(Cl)(Cl)Cl)C(Cl)(Cl)Cl,2.577737928765265
O=S(=O)(c1ccc(Cl)cc1)c1cc(Cl)c(Cl)cc1Cl,2.2504895326569456
CCOP(=S)(OCC)Oc1ccc(=O)n(-c2ccccc2)n1,1.452733024532725
COC(=O)c1ccccc1O,1.8600498075671728
CCOC(=O)c1ccc(O)cc1,1.5215982965789432
O=C(OCc1ccccc1)c1ccccc1,0.975820754020648
Oc1ccccc1O,2.9278912986339987
O=[N+]([O-])c1cc([As](=O)(O)O)ccc1O,3.721046838319575
COc1cc(NS(=O)(=O)c2ccc(N)cc2)nc(OC)n1,1.986680780344114
CN(C)C(=O)OC1=CC(=O)CC(C)(C)C1,3.625849326847497
Oc1ccc(O)cc1,2.7408046552768544
CCC=C(C)C1(CC)C(=O)NC(=O)NC1=O,3.5312078822745474
CN1CCCN=C1COC(=O)C(O)(c1ccccc1)C1CCCCC1,2.5371324932154686
CCC1(CC)C(=O)NCC(C)C1=O,2.7859250985432813
C#CC1(OC(N)=O)CCCCC1,2.944503451293346
NC(=O)NO,1.5800977750068188
CSc1ccc2c(c1)N(CCC1CCCCN1C)c1ccccc1S2,3.364770197768697
O=C(O)c1cc(-c2ccccc2)nc2ccccc12,2.2997582584116167
CC(=O)Nc1ncc([N+](=O)[O-])s1,3.1753494299321656
O=CO,1.06093380584809
O=C1C2(Cl)C3(Cl)C4(Cl)C(Cl)(Cl)C5(Cl)C3(Cl)C1(Cl)C5(Cl)C24Cl,3.2928220578473537
Nc1ccc(C(=O)O)cc1,2.137157811490028
COc1ccc(CCN(C)CCCC(C#N)(c2ccc(OC)c(OC)c2)C(C)C)cc1OC,3.055579948599274
ClC1=C(Cl)C2(Cl)C3C(Cl)OC(Cl)C3C1(Cl)C2(Cl)Cl,5.614637826832658
COP(=S)(OC)Oc1ccc([N+](=O)[O-])cc1,3.4660615257285627
CCOP(=S)(OCC)SCCSCC,4.739434677387216
NC(=O)N1c2ccccc2C=Cc2ccccc21,1.6236796181759467
C(=Cc1ccccc1)CN1CCN(C(c2ccccc2)c2ccccc2)CC1,2.867495772060297
COP(=S)(OC)Oc1cc(Cl)c(Cl)cc1Cl,2.8082771589525164
COP(S)(=NC(C)C)Oc1ccc(Cl)cc1Cl,2.4971702414176824
CNP(=O)(OC)Oc1ccc(C(C)(C)C)cc1Cl,2.4649587611400388
CNC(C)Cc1ccccc1,4.173876510158787
C=CCC1(C2C=CCC2)C(=O)NC(=O)NC1=O,3.3484995702838374
CCN(CC)C(=O)c1ccc(O)c(OC)c1,2.8717130079489324
CC(C)NNC(=O)c1ccncc1,3.275670137381667
C#CCN(C)Cc1ccccc1,2.958992301316373
C=CCC1(C(C)CCC)C(=O)NC(=O)NC1=O,3.447681423882398
CNC(=O)Oc1cc(C)c(N(C)C)c(C)c1,4.004493337547274
CON(C)C(=O)Nc1ccc(Cl)c(Cl)c1,2.6973984928059016
C=CCC1(C(C)CCC)C(=O)NC(=S)NC1=O,3.2783354808585767
NC1CONC1=O,1.7079659700704142
CN1C(CSCC(F)(F)F)Nc2cc(Cl)c(S(N)(=O)=O)cc2S1(=O)=O,2.990131575516403
CCNC(C)Cc1cccc(C(F)(F)F)c1,3.3641023992518644
CNC1=Nc2ccc(Cl)cc2C(c2ccccc2)=[N+](O)C1,2.4782330718706294
COC(=O)CF,5.964113426122697
ClC1=C(Cl)C2(Cl)C3C4C=CC(C4)C3C1(Cl)C2(Cl)Cl,3.749277168837749
CCOP(=O)(OCC)OC(=CCl)c1ccc(Cl)cc1Cl,2.476605827471726
CC(CCC(=O)O)C1CCC2C3C(O)CC4CC(O)CCC4(C)C3CCC12C,2.5939281706820063
CCC(C)c1cc([N+](=O)[O-])cc([N+](=O)[O-])c1OC(=O)C=C(C)C,3.809313207820708
CN(C)CCC(O)(c1ccccc1)c1ccccc1Cl,3.537828086584375
C=CCC(CC)(CC)C(N)=O,2.713885176907469
OC(CCN1CCCCC1)(c1ccccc1)C1CC2C=CC1C2,2.96193591148456
COc1ccccc1OCC(O)COC(N)=O,2.081424724878362
O=C(O)c1ccccc1,1.7857674687101257
CCCCc1ccc(C(=O)O)nc1,2.9523540540691675
C[N+](C)(C)CC(O)CC(=O)O,2.005954964271625
CCN(CC)CCSC(=O)C(c1ccccc1)c1ccccc1,2.339110762542768
CCOP(=S)(OCC)Oc1ccc2c3c(c(=O)oc2c1)CCCC3,2.964249020267202
CC(COc1ccccc1)NC(C)C(O)c1ccc(O)cc1,2.3999418285270013
O=C(O)O,2.093589766625432
CC(C)NCC(O)c1cc(O)cc(O)c1,3.22790931817546
c1ccc(P(c2ccccc2)c2ccccc2)cc1,2.719815040318996
CC(=O)Oc1ccc(C(c2ccc(OC(C)=O)cc2)c2ccccn2)cc1,1.3818932840534226
ClC1C(Cl)C(Cl)C(Cl)C(Cl)C1Cl,3.8615821985441534
CC(=O)NC(CS)C(=O)O,2.212714832148932
C=Cc1ccc(C)cc1,1.3735703064360825
O=[N+]([O-])OCC(O)CO,2.137008944369123
COc1cnc(NS(=O)(=O)c2ccc(N)cc2)nc1,2.4476370420613494
CCC(=O)Nc1ccc(Cl)c(Cl)c1,2.253331234556591
O=C(CCCN1CCC2(CC1)C(=O)NCN2c1ccccc1)c1ccc(F)cc1,3.597122329188058
Clc1cc(Cl)c(OCC#CI)cc1Cl,2.08085848152181
CCOC(=O)COc1ccc2c(C)c(CCN(CC)CC)c(=O)oc2c1,1.7586932609814738
CCC12COP(OC1)OC2,4.510879984756117
O=C1Nc2ccc(Cl)cc2C(c2ccccc2Cl)=NC1O,2.205695510365408
CN1C(=O)C(O)N=C(c2ccccc2)c2cc(Cl)ccc21,1.9194898452278095
CN1CCCN(C(c2ccccc2)c2ccc(Cl)cc2)CC1,3.197087495449889
CCOP(=S)(CC)Sc1ccccc1,4.914408393371937
CN(C)C(=O)C(c1ccccc1)c1ccccc1,2.378975364750849
CN(C)CCN(Cc1ccsc1)c1ccccn1,3.6391443642426817
O=C1NC(=O)C2C3C(C(O)(c4ccccc4)c4ccccn4)=CC(C3=C(c3ccccc3)c3ccccn3)C12,2.7089144065095376
C[N+](C)(C)CCCl,3.389587765649188
Nc1ccncc1,1.4695238655387672
CCC12COP(=O)(OC1)OC2,5.250722439201281
CCCC(CCC)C(=O)O,2.006719078466471
N#Cc1c(Cl)nc(Cl)c(C#N)c1-c1ccccc1,1.6317449056475448
O=[N+]([O-])c1cc[n+]([O-])cc1,1.55358925233195
CCOC(=O)C1=C(C)NC(C)=C(C(=O)OCC)C1,1.3244505146375425
COc1ccc2c(=O)c(C)c(-c3ccccc3)oc2c1CN(C)C,1.3336380131664365
CCN(CC)CC#CCOC(=O)C(O)(c1ccccc1)C1CCCCC1,2.9512087658895334
CNC(=O)Oc1cccc2c1OC(C)(C)C2,4.066141455734817
CCCN(CCC)c1c([N+](=O)[O-])cc(C(F)(F)F)cc1[N+](=O)[O-],1.5254102384556292
CCOC(=O)OC(=O)OCC,2.510922842852348
CCC(=O)OC(Cc1ccccc1)(c1ccccc1)C(C)CN(C)C,3.530812914209453
N#Cc1cc(I)c(O)c(I)c1,3.4231463611054904
N#Cc1cc(Br)c(O)c(Br)c1,3.4423464813533315
Clc1cc2c(cc1Cl)Oc1cc(Cl)c(Cl)cc1O2,8.507820803023693
CON(C)C(=O)Nc1ccc(Cl)cc1,2.63276493499664
Cc1onc(-c2c(F)cccc2Cl)c1C(=O)NC1C(=O)N2C1SC(C)(C)C2C(=O)O,1.6569400893409936
CCCCN(CC)c1c([N+](=O)[O-])cc(C(F)(F)F)cc1[N+](=O)[O-],2.224380242791648
CNC(=O)OCc1cccc(COC(=O)NC)n1,2.4035631728910745
N#Cc1c(Cl)c(Cl)c(Cl)c(C#N)c1Cl,1.7257711985942277
NC(=S)c1c(Cl)cccc1Cl,2.314071670125024
CNC(=O)Nc1nc2ccccc2s1,2.3165113029800946
CC(Cc1ccc(O)cc1)NCC(O)c1cc(O)cc(O)c1,3.305864193364464
OCCN1CCN(CCCN2c3ccccc3Sc3ccc(Cl)cc32)CC1,3.6063587898106975
O=c1[nH]c2ccccc2n1C1CCN(CCCC(c2ccc(F)cc2)c2ccc(F)cc2)CC1,4.062164409625604
CCOP(=S)(Oc1ccc([N+](=O)[O-])cc1)c1ccccc1,4.208589141912791
COc1cc2c(cc1OC)C(CCc1ccc(Cl)cc1)N(C)CC2,3.0690908779255106
CN(C)C(=O)Nc1cccc(C(F)(F)F)c1,1.3658715670349
CCN(CC)CCOc1ccccc1C(=O)CCc1ccccc1,3.8135169404197287
CCNC1C2CCC(C2)C1c1ccccc1,3.856003453997221
CCOP(=S)(OCC)SCC(=O)NC(C)C,4.279318578048471
CNC(=O)C(C)SCCSP(=O)(OC)OC,3.417007936536294
COC(=O)C1(O)c2ccccc2-c2ccc(Cl)cc21,1.6326834283428684
COP(=O)(OC)SCCSC,3.766782507334328
CCOc1nc(C(Cl)(Cl)Cl)ns1,1.6946648554921402
CCOP(=S)(OCC)SCn1nnc2ccccc2c1=O,4.459123483692292
CNC(=O)Oc1cc(C(C)(C)C)cc(C(C)(C)C)c1,2.4205844422553047
O=C(O)COc1ccc(Cl)cc1Cl,3.3444689071262235
c1cc[n+]2c(c1)-c1cccc[n+]1CC2,3.265388639373507
CN1CCCC1c1cccnc1,4.246359402718048
Cc1cccc(C)c1C(OCCOCCN(C)C)c1c(C)cccc1C,3.1688494378298087
O=C1CN=C(c2ccccc2)c2cc(Cl)ccc2N1CC1CC1,1.9095707372411976
CCC1(C(C)CC(C)C)C(=O)NC(=O)NC1=O,4.3807591926737
CON(C)C(=O)Nc1ccc(Br)cc1,1.404872269691306
CCCCOCC(O)COc1ccccc1,2.6518592692469487
COC(=O)NS(=O)(=O)c1ccc(N)cc1,1.6632202034970929
CC1(C)SC2C(NC(=O)C3(N)CCCCC3)C(=O)N2C1C(=O)O,2.135365485333653
CC1(NC(N)=O)CCCC1,2.198663195132029
O=C(NNCS(=O)(=O)O)c1ccncc1,2.9661098050521955
CCC1(NC(N)=O)CCCC1,2.767250391550409
CC(N)=NP(=S)(Oc1ccc(Cl)cc1)Oc1ccc(Cl)cc1,4.212554670765496
Clc1cccc(Cl)c1NC1=NCCN1,3.8847915891000513
CCOC(=O)CCC(=O)CC1(O)C2(Cl)C3(Cl)C4(Cl)C(Cl)(Cl)C5(Cl)C3(Cl)C1(Cl)C5(Cl)C42Cl,3.200583084005367
O=C(OCCF)C(c1ccccc1)c1ccccc1,5.111080959445999
C=[N+](C)O.CC=C1c2ccccc2CCc2ccccc21,2.9292501296411757
COc1nc(Nc2ccc(C=Cc3ccc(Nc4nc(OC)nc(N(CCO)CCO)n4)cc3S(=O)(=O)O)c(S(=O)(=O)O)c2)nc(N(CCO)CCO)n1,3.201302060785004
CN(C)CCC=C(c1ccccc1)c1ccc(C(F)(F)F)cc1,2.7049535688411512
CCOP(=S)(OCC)Oc1cc(Cl)c(Br)cc1Cl,3.039253239573666
CN(C)CCON=C1c2ccccc2CCc2ccccc21,2.5658448682933743
O=C(O)CN(CC(=O)O)CC(=O)O,1.5823793052031097
CC1(C)SC2C(N3C(=O)C(c4ccccc4)NC3(C)C)C(=O)N2C1C(=O)O,1.9884218248063867
CC(=O)OC1C(O)CC(OC2C(O)CC(OC3C(O)CC(OC4CCC5(C)C(CCC6C5CC(O)C5(C)C(C7=CC(=O)OC7)CCC65O)C4)OC3C)OC2C)OC1C,6.290079996432295
Cc1cccc(C)c1OCC(C)N,2.702040662174742
CC(C)NCC(O)c1ccccc1Cl,2.727760788631261
COP(=O)(OC)Oc1nc(Cl)c(Cl)cc1Cl,3.4863865512530365
CC1(C(=O)O)CCC2(C)CCC3(C)C(=CC(=O)C4C5(C)CCC(OC(=O)CCC(=O)O)C(C)(C)C5CCC43C)C2C1,2.165394248565019
Cc1[nH]oc(=O)c1N=Nc1ccccc1Cl,4.074900513088624
CN1CCN(C2=Nc3cc(Cl)ccc3Nc3ccccc32)CC1,3.3529552405165544
O=c1oc2ccccc2c(O)c1C1CCCc2ccccc21,3.921811284704282
NC(=S)N/N=N\c1ccc(Cl)c(Cl)c1,5.39641905498445
O=C(CCCl)OC1=C(OC(=O)CCCl)C(=O)OC1=O,3.2304112278396
CN(C(=O)CF)c1cccc2ccccc12,5.035915795853265
O=P1(N(CCCl)CCCl)NCCCO1,3.773335898362666
O=C(OCCOCCN1CCCCC1)N1c2ccccc2Sc2cccnc21,3.6984441898309472
CC(=O)CCC=C(C)CCC=C(C)CCC=C(C)CCC=C(C)C,2.5192450445502046
C#CCOCC#C,2.013178839923909
O=C1C=Cc2cc(Br)ccc2C1=O,3.675873619462807
CCN1CC(CCN2CCOCC2)C(c2ccccc2)(c2ccccc2)C1=O,3.401992982943808
CC(CC(c1ccccc1)c1ccccc1)NC(C)(C)C,3.6479867414184497
CNC(=O)Oc1ccccc1C1OC(C)C(C)O1,2.9230401253147966
CN(CC1(C)CCCO1)S(=O)(=O)c1ccc(Cl)c(S(N)(=O)=O)c1,1.8841051538730584
C=C1C(C)(C)C2(Cl)C(Cl)C1(Cl)C(Cl)(Cl)C2(Cl)Cl,3.275717811368528
C#CC(OC(=O)NC1CCCCC1)(c1ccccc1)c1ccccc1,3.1250659662532643
C[N+]1(C)C2CCC1CC(OC1c3ccccc3CCc3ccccc31)C2,3.69095689535774
COc1ccc(Cl)cc1C(=O)NCCc1ccc(S(=O)(=O)NC(=O)NC2CCCCC2)cc1,1.6937383775754262
CCOP(=S)(OCC)SC(CCl)N1C(=O)c2ccccc2C1=O,3.622207406943496
CNCCOC(c1ccccc1)c1ccccc1C,3.4529120609425865
CC1c2cccc(O)c2C(=O)C2=C(O)C3(O)C(=O)C(C(N)=O)C(=O)C(N(C)C)C3C(O)C21,2.9488431345860846
COC(=O)Nc1nc2ccccc2[nH]1,1.8835251645274904
COc1ccc(C(O)(c2cncnc2)C2CC2)cc1,2.7097870741511074
CNCCON=C1c2ccccc2CCc2ccccc21,3.271641831582353
O[Sn](C1CCCCC1)(C1CCCCC1)C1CCCCC1,2.682573741836628
O=[N+]([O-])c1ccc(ON=Cc2cc(Br)c(O)c(Br)c2)c([N+](=O)[O-])c1,2.663721650445241
CC(C)C(=O)Nc1ccc([N+](=O)[O-])c(C(F)(F)F)c1,2.140215691499187
CCN(CC)CCOC1(c2ccc(Cl)cc2)CCCCC1,3.792224944448861
CC(C)(C[Sn](CC(C)(C)c1ccccc1)(CC(C)(C)c1ccccc1)O[Sn](CC(C)(C)c1ccccc1)(CC(C)(C)c1ccccc1)CC(C)(C)c1ccccc1)c1ccccc1,2.846215426639197
Cc1onc(-c2c(Cl)cccc2Cl)c1C(=O)NC1C(=O)N2C1SC(C)(C)C2C(=O)O,2.195285119898544
CCOP(=S)(OCC)Oc1cnc2ccccc2n1,3.4746590769164727
C=CCc1ccccc1OCC(O)CNC(C)C,2.813617565355336
COC(=O)Nc1cccc(OC(=O)Nc2cccc(C)c2)c1,1.875515587228072
COC1C=COC2(C)Oc3c(C)c(O)c4c(O)c(cc(OCC(=O)O)c4c3C2=O)NC(=O)C(C)=CC=CC(C)C(O)C(C)C(O)C(C)C(OC(C)=O)C1C,2.4012936774054388
CCC(C)N,2.511966499998253
CN1c2ccccc2Sc2ccc(CC(=O)O)cc21,2.132485425552201
CS(=O)(=O)c1ccc2c(c1)N(CCCN1CCC(C(N)=O)CC1)c1ccccc1S2,2.9499849240057943
COc1ccc(CC2NCCc3c2[nH]c2ccc(C(C)=O)cc32)cc1OC,3.38554073725044
O=C(Oc1ccccc1)n1c(C(F)(F)F)nc2cc(Cl)c(Cl)cc21,3.875215265859791
Cc1cccc(C)c1NC(=O)c1cc(S(N)(=O)=O)c(Cl)cc1O,2.373910712531083
CC(C)NC1CCC(c2ccccc2)(c2ccccc2)CC1,3.321411997974005
CCCCCC=CCC=CCCCCCCCC(=O)NC(C)c1ccccc1,1.5839012409991864
O=C1CN(/N=C/c2ccc(-c3ccc([N+](=O)[O-])cc3)o2)C(=O)N1,1.4740325006384118
CCn1cc(C(=O)O)c(=O)c2cc3c(cc21)OCO3,2.417028037888812
CCOP(=S)(OCC)ON=C(C#N)c1ccccc1,3.076719068244435
Cc1ccc(Cl)c(OCC(O)CNC(C)(C)C)c1,2.7927561673197814
Cc1cccc(OCC(O)CNC(C)(C)C)c1C,2.792858421925661
CCC(=O)n1c(=O)n(C2CCN(CCC(C#N)(c3ccccc3)c3ccccc3)CC2)c2ccccc21,3.789424697693232
O=C(O)Cc1ccccc1Nc1c(Cl)cccc1Cl,3.70066412471637
CC1CCC2(O)C3(C)CC4(O)OC2(C1O)C1(O)C3(O)C(OC(=O)c2ccc[nH]2)C(O)(C(C)C)C41C,3.5172425370008926
CCN1CCCC1CNC(=O)c1cc(S(N)(=O)=O)ccc1OC,2.23227549834171
CN1CCCN=C1C=Cc1cccs1,2.013498703547417
O=C(O)c1cc(=O)c2c(OCC(O)COc3cccc4oc(C(=O)O)cc(=O)c34)cccc2o1,2.0685290785657253
OCC(O)C1OC2OC(C(Cl)(Cl)Cl)OC2C1O,3.0927613359602244
CCNC(=O)C(C)OC(=O)Nc1ccccc1,2.4191679099802927
CCOC(=O)N1CC=Cc2ccccc21,3.211101310080297
CCN1CCC(=C2c3ccccc3CCc3ccccc32)C1C,3.1920510992720166
CNC(=O)ON=C(C)SC,3.9090583379372
COc1cccc(C(=O)CCNC(C)C(O)c2ccccc2)c1,3.1950648391945577
CCOP(=O)(Sc1ccccc1)Sc1ccccc1,2.94782568444245
Cn1cnc2c1c(=O)[nH]c(=O)n2C,2.778553992354315
C#CC1(O)CCC2C3CCC4=Cc5oncc5CC4(C)C3CCC21C,1.829256158677815
CNCC12CCC(c3ccccc31)c1ccccc12,3.0957915686638207
CN(C)CCCN1c2ccccc2CCc2ccc(Cl)cc21,2.9149187171452478
Cc1cc(O)c2c(O)c(-c3ccc4cc(C)cc(O)c4c3O)ccc2c1,2.238525319829749
O=c1[nH]c(=O)n(C2CCCO2)cc1F,3.769917902497664
COP(=S)(OC)Oc1cc(Cl)c(I)cc1Cl,2.1388287969367386
O=C1OC2(c3cc(Br)c(O)c(Br)c3Oc3c2cc(Br)c(O)c3Br)c2c(Cl)c(Cl)c(Cl)c(Cl)c21,2.232485102531432
CN(C)C(=O)NC1CC2CC1C1CCCC21,1.7788002506574223
CNC(=O)N(C)c1nc2ccccc2s1,2.3449519758883226
CC(=O)Nc1ccc(CC(=O)O)cc1,1.5042562432058255
CCCN(CCC)c1c([N+](=O)[O-])cc(S(N)(=O)=O)cc1[N+](=O)[O-],2.5395340003348235
COc1cc2nc(N3CCN(C(=O)c4ccco4)CC3)nc(N)c2cc1OC,2.738563130394265
CCn1cc(C(=O)O)c(=O)c2cnc(N3CCCC3)nc21,2.1588251913807204
CCCCc1oc2ccccc2c1C(=O)c1cc(I)c(OCCN(CC)CC)c(I)c1,2.110804447806097
CN1CCCCC1C(c1ccccc1)c1cccc(O)c1,4.847262558432976
COc1cc(C(=O)OCCCN2CCCN(CCCOC(=O)c3cc(OC)c(OC)c(OC)c3)CC2)cc(OC)c1OC,3.2818507313874425
CCN(CCO)CCn1c(Cc2ccccc2)nc2c1c(=O)n(C)c(=O)n2C,2.7978199593644617
CC(C)NC(=O)OC1CCN(CCCC(=O)c2ccc(F)cc2)CC1,4.146666227225956
O=C(O)CCc1nc(-c2ccccc2)c(-c2ccccc2)o1,2.166314641882838
CC(Oc1c(Cl)cccc1Cl)C1=NCCN1,3.568429710738044
CC1(C)SC2C(NC(=O)C(C(=O)Oc3ccccc3)c3ccccc3)C(=O)N2C1C(=O)O,2.055477718386863
Cc1nc([N+](=O)[O-])cn1-c1ccc([N+](=O)[O-])cc1,1.5886183036120898
CC(=O)OC(c1ccc(Cl)c(Cl)c1)C(Cl)(Cl)Cl,2.526893424691684
CN1CC(CCN2CC=C(c3ccccc3)CC2)OC1=O,2.979813847477791
COc1ccc2cc(C(C)C(=O)O)ccc2c1,2.3622241586034702
CCOC(=O)C(C)N(C(=O)c1ccccc1)c1ccc(Cl)c(Cl)c1,2.262740522918018
CCOP(=O)(NC(C)C)Oc1ccc(SC)c(C)c1,4.481964042076995
CC(C)[N+]1(C)C2CCC1CC(OC(=O)C(CO)c1ccccc1)C2,2.4078012734291465
CN1C(=O)CC(=O)N(c2ccccc2)c2cc(Cl)ccc21,3.4781984157609758
CCC1(C2OC(C3OC(O)(CO)C(C)CC3C)CC2C)CCC(C2(C)CCC3(CC(O)C(C)C(C(C)C(OC)C(C)C(=O)O)O3)O2)O1,4.826645492409478
Clc1ccc(COC(Cn2ccnc2)c2ccc(Cl)cc2Cl)c(Cl)c1,3.415114262018589
CC(C)(C)NCC(O)COc1ccccc1C#N,2.7048261130072606
Cc1nc(N(C)C)nc(OC(=O)N(C)C)c1C,3.3771076398112103
CC(=O)Oc1c(Br)cc(Cl)cc1C(=S)Nc1ccc(Br)cc1,2.6661228174871763
CC(NCCc1ccc(O)cc1)C(O)c1ccc(O)cc1,2.0678429251086934
CC1CS(=O)(=O)CCN1N=Cc1ccc([N+](=O)[O-])o1,2.1573010953810527
Oc1ccc2c3c1OC1C(O)CCC4(O)C(C2)N(CC2CCC2)CCC314,2.5118226162439123
CN1CCOC(c2ccccc2)c2ccccc2C1,3.102682341840398
CNC(=O)Oc1cccc(/N=C/N(C)C)c1,4.0661493071025765
COP(=O)(OC)OC1=C(Cl)C2C=CCC12,2.7000422555381483
Nc1c(Br)cc(Br)cc1CNC1CCC(O)CC1,2.878645861915964
C#CC(C)(C)NC(=O)c1cc(Cl)cc(Cl)c1,1.4084638406911685
CCOP(=S)(OCC)Oc1ncn(-c2ccccc2)n1,2.990836753443249
Clc1ccc(COC(Cn2ccnc2)c2ccc(Cl)cc2Cl)cc1,3.3775907992431096
CN(CC(=O)N1CCOCC1)Cc1c(Cl)cccc1NC(=O)c1ccccc1,2.0855975826457165
Cc1cc(C(=O)NCCc2ccc(S(=O)(=O)NC(=O)NN3CCCCCC3)cc2)no1,2.351731582923281
CC(C)N1C(=O)c2ccccc2NS1(=O)=O,2.727512339246387
CCOC(=O)Cn1c(=O)sc2cccc(Cl)c21,1.7351595930902182
CCc1c(C)[nH]c2c1C(=O)C(CN1CCC3(CC1)OCCO3)CC2,3.8227484948090953
O=c1n(CCCN2CCN(c3cccc(Cl)c3)CC2)nc2ccccn12,2.8714234751703507
Cc1ccc(C(=O)c2ccc(CC(=O)O)n2C)cc1,2.507331232015056
CC(C)CC(=O)NC(C(=O)NC(C(=O)NC(CC(C)C)C(O)CC(=O)NC(C)C(=O)NC(CC(C)C)C(O)CC(=O)O)C(C)C)C(C)C,2.5352333398856595
CC1(C)SC2C(NC(=O)C(C(=O)Oc3ccc4c(c3)CCC4)c3ccccc3)C(=O)N2C1C(=O)O,2.756696259239921
CN(C)CCOC1=Cc2ccccc2Sc2ccc(Cl)cc21,2.520965378068679
O=CNC(N1CCN(C(NC=O)C(Cl)(Cl)Cl)CC1)C(Cl)(Cl)Cl,2.3374253151079496
c1nnc(NCNc2nncs2)s1,3.234069597926407
CCOC(=O)C1(c2ccccc2)CCC=CC1N(C)C,2.737790380346849
CS(=O)C=C(O)c1ccccn1,1.564031317669467
NNc1ccc(N(CCO)CCO)nn1,2.3288707104945674
CCCCC1(COC(=O)CCC(=O)O)C(=O)N(c2ccccc2)N(c2ccccc2)C1=O,3.070240957255456
O=C1C(Cl)=C(NC(=O)C(Cl)Cl)C(=O)c2ccccc21,1.8041980615417
COC12CC(COC(=O)c3cncc(Br)c3)CN(C)C1Cc1cn(C)c3cccc2c13,2.787571663777126
CC(C)(C)NCC(O)COc1cccc2c1CCCC2=O,3.464476133876324
Cc1oc(C)c(C(=O)Nc2ccccc2)c1C,1.3603642788826962
O=c1oc2ccccc2c(O)c1C(CC(O)c1ccc(-c2ccc(Br)cc2)cc1)c1ccccc1,4.813666634910295
O=C1c2cc(Cl)ccc2OC2CCON12,3.052368772537529
CC1CC2Oc3ccc(Cl)cc3C(=O)N2O1,1.9816519220388944
CS(=O)(=O)OCC1OC1C1OC1COS(C)(=O)=O,3.878415506729693
CC(N)CSc1ccc(Cl)cc1,3.3047532653797087
CN1CCN(CC(=O)N2c3ccccc3C(=O)Nc3cccnc32)CC1,1.977612391894288
CCSCc1ccccc1OC(=O)NC,3.653816245822727
CCS(=O)(=O)c1nnc(N(C)C(=O)NC)s1,1.7231797376158833
CC[N+]1(C)C2CC(OC(=O)C(CO)c3ccccc3)CC1C1OC12,2.044565890441569
Fc1ccc(C(c2ccc(F)cc2)N2CCN(CC=Cc3ccccc3)CC2)cc1,2.3058928248933044
CC(C)=CCC1C(=O)N(c2ccccc2)N(c2ccccc2)C1=O,2.2046516678055497
CC(C)CNC(=O)N1CCNC1=O,2.568734288465301
COC(=O)Nc1nc2ccc(C(=O)c3ccccc3)cc2[nH]1,2.3630505359291125
CC(=O)N(OCCN(C)C)C12CC3CC(CC(C3)C1)C2,3.217347673587779
CC(C)NC1Cc2ccccc2Cc2ccccc21,3.622167377855986
COc1ccc(C(=O)NCc2cccnc2)cc1C(=O)NCc1cccnc1,2.098546820620113
Cc1ccc(N=CN(C)C=Nc2ccc(C)cc2C)c(C)c1,3.46748083199428
C=CCN(C1=NCCN1)c1c(Cl)cccc1Cl,3.255534611181281
O=C1CC2(CCCC2)CC(=O)N1CCCCN1CCN(c2ncccn2)CC1,2.818140285052857
CCOC(=O)Nc1ccc(NC(Cc2ccccc2)c2ccccc2)nc1N,3.973658846573578
Nc1ccccc1,2.67905032825284
CNC(=O)N(C)c1nnc(C(C)(C)C)s1,2.659575853561089
CN(C)C(=O)Nc1ccc(-n2nc(C(C)(C)C)oc2=O)c(Cl)c1,2.228906996642761
CC(=O)C1(c2cccc(O)c2)CCN(CCCC(=O)c2ccc(F)cc2)CC1,2.5837234656225694
COCC(C)OCC(C)O,1.2957928011362445
COc1ccccc1N1CCN(CCCNc2cc(=O)n(C)c(=O)n2C)CC1,3.03558555820066
COC(CN1CCN(CC(O)C(OC)c2ccccc2)CC1)c1ccccc1,3.226984086639584
O=c1c2ccccc2n(-c2cccc(C(F)(F)F)c2)c(=O)n1CCO,2.24340518251056
C[N+]12CCC(c3ccccc3)(CC1)C(=O)C2,2.167747215952428
NC(=O)OCC1N=C(N)N2CCC(O)(O)C23NC(N)=NC13,6.218415082468483
C=CCOC(Cn1ccnc1)c1ccc(Cl)cc1Cl,2.6668469112472177
O=C(Cn1c(=O)sc2ccc(Cl)cc21)N1CCN(CCO)CC1,1.9492033174918943
CN1C(C(=O)Nc2ccccn2)=C(O)c2ccccc2S1(=O)=O,3.4868671514683767
O=C(O)Cc1ccc2sc(-c3ccccc3)nc2c1,1.6521254181341294
COc1ccc(Cc2c3cc(OC)c(OC)cc3cc(=O)n2C)cc1OC,3.084643293516889
O=c1c2ccccc2nc2n1OCC2,2.4294892711656906
FC(F)(F)N=C1SC(=Nc2ccccc2)N(c2ccccc2)C1=NC(F)(F)F,2.9204885646582976
COc1cc(NS(=O)(=O)c2ccc(N)cc2)ncn1,1.4476370420613496
CCCSP(=O)(OCC)Oc1c(Cl)cc(Cl)cc1Cl,2.1248153399653606
NC(=O)c1cn(CCO)nc1[N+](=O)[O-],3.000334278070518
CC1(C)C(C(=O)OC(C#N)c2cccc(Oc3ccccc3)c2)C1(C)C,2.543360188211742
CCOC(=O)C1=C(C)NC(C)=C(C(=O)OC)C1c1cccc([N+](=O)[O-])c1,3.5567438091967625
NC(=S)NNCNNC(N)=S,2.112356953924265
CCC(CC)Nc1c([N+](=O)[O-])cc(C)c(C)c1[N+](=O)[O-],1.750218254038305
COC(C)(C)CCCC(C)CC=CC(C)=CC(=O)OC(C)C,1.7930608278187643
CCSC(=O)C=C(C)C=CCC(C)CCCC(C)(C)OC,1.6617293140691256
O=C1C(O)N=C(c2ccccc2F)c2cc(Cl)ccc2N1CCO,2.2414979185788555
CC(C(=O)O)c1ccc(C(=O)c2cccs2)cc1,3.2113775429609768
c1ncn([Sn](C2CCCCC2)(C2CCCCC2)C2CCCCC2)n1,3.940747515947659
CCOC(=O)C=C(C)C=CCC(C)CCCC(C)C,1.4255749744495814
Cc1nnc(-c2ccccc2)c(=O)n1N,2.3058176631038743
CC(C)(C)NCC(O)COc1cccc2c1CC(O)C(O)C2,2.791558726945965
C#CCOC(=O)C=C(C)C=CCC(C)CCCC(C)C,1.9418823800179197
COc1ccc(CCNCC(O)COc2cccc(C)c2)cc1OC,2.898884878498577
O=[N+]([O-])c1ccc(Oc2ccc(C(F)(F)F)cc2Cl)cc1,1.8029788553352613
CCOc1cc(Oc2ccc(C(F)(F)F)cc2Cl)ccc1[N+](=O)[O-],4.859382106521378
CC(CCc1ccc(O)cc1)NCCc1ccc(O)c(O)c1,3.877063083246664
CC1=C(C(=O)O)N2C(=O)C(NC(=O)C(N)c3ccc(O)cc3)C2SC1,2.2593489518337684
CC(NCC=C(c1ccsc1)c1ccsc1)C(O)c1ccccc1,1.8484432733084004
Cc1cccc(N(C)C(=S)Oc2ccc3c(c2)C2CCC3C2)c1,1.8108519205270075
CCN(CC)CCNC(=O)c1cc(S(C)(=O)=O)ccc1OC,3.1362368679052794
CCCCCCC(C)(C)c1cc(O)c2c(c1)OC(C)(C)C1CCC(=O)CC21,4.872213397661269
COc1cc(NS(C)(=O)=O)ccc1Nc1c2ccccc2nc2ccccc12,3.8959394134555545
COC1=C(C(=O)O)N2C(=O)C(NC(=O)C(N)C3=CCC=CC3)C2SC1,2.5627816168189144
CC(C)(C)NCC(O)COc1cccc2c1CCC(=O)N2,2.546868084009479
NC(=O)c1cc[n+](CC2=C(C(=O)O)N3C(=O)C(NC(=O)C(c4ccccc4)S(=O)(=O)O)C3SC2)cc1,1.5510952606369637
CC12CCC3c4ccc(OC(=O)N(CCCl)CCCl)cc4CCC3C1CCC2OP(=O)(O)O,2.2392076876922795
O=S(=O)(O)c1cc(-n2ncc(-c3ccccc3)n2)ccc1C=Cc1ccc(-n2ncc(-c3ccccc3)n2)cc1S(=O)(=O)O,2.0980730583755194
CC(=O)C1(O)Cc2c(O)c3c(c(O)c2C(OC2CC(N)C(O)C(C)O2)C1)C(=O)c1c(O)cccc1C3=O,5.263923341166311
CC1(C)C(C=C(Br)Br)C1C(=O)OC(C#N)c1cccc(Oc2ccccc2)c1,0.2263472450247113
COc1ccc2c(c1)c(CC(=O)OCC(=O)O)c(C)n2C(=O)c1ccc(Cl)cc1,3.8113797457692913
CN(C)C(=O)C(CCN1CCC(O)(c2ccc(Cl)cc2)CC1)(c1ccccc1)c1ccccc1,4.0765020881028
Cc1ccc(=O)n(-c2ccccc2)c1,2.790580693414551
O=C(NCc1cccnc1)Nc1ccc([N+](=O)[O-])cc1,2.5898921807052795
COc1ccc(C=CC(=O)Nc2ccccc2C(=O)O)cc1OC,2.695449835551593
Cn1c(=O)c2c(ncn2CCCNCC(O)c2cc(O)cc(O)c2)n(C)c1=O,2.988349339146968
CC(C)(C)NCC(O)c1cc(Cl)c(N)c(C(F)(F)F)c1,3.1325714622473746
CCOC(=O)C(=O)Nc1cccc(OC)c1C(N)=O,1.7263245055421577
CCCCCCCCCCCCCCCCOC(=O)C1CC1,2.0941523660181263
Cn1c(=O)c2c(ncn2CCOC(=O)C(C)(C)Oc2ccc(Cl)cc2)n(C)c1=O,1.6241304273389388
CC(=O)c1ccc2[nH]cc(CN(C)C)c2c1,3.38078188346844
CCCCCCCCNC(C)C(O)c1ccc(SC(C)C)cc1,1.421157733649542
CCC(C(=O)O)C1OC(C(C)C(O)C(C)C(=O)C(CC)C2OC3(C=CC(O)C4(CCC(C)(C5CCC(O)(CC)C(C)O5)O4)O3)C(C)CC2C)C(C)CC1C,4.883683007415634
CC(C)(C)C(O)C(Oc1ccc(-c2ccccc2)cc1)n1cncn1,1.829204678044652
O=C(C1CCCCC1)N1CC(=O)N2CCc3ccccc3C2C1,3.193699101598891
C=C(C)CN(CC)c1c([N+](=O)[O-])cc(C(F)(F)F)cc1[N+](=O)[O-],3.2217610132693424
CC(c1ccc(Cl)c(Cl)c1)N1N=C(N)CC1=O,2.1337544054665627
C=CCON=C(CCC)C1C(=O)CC(C)(C)C(C(=O)OC)C1=O,2.3793914749029943
O=C(O)Cc1ccc2c(c1)OCc1ccccc1C2=O,2.6504176211244634
NS(=O)(=O)c1cc(C(=O)O)cc(N2CCCC2)c1Oc1ccccc1,2.5591965776140837
Clc1ccc(C(c2ccccc2)N2CC[N+]3(CCOCC3)CC2)cc1,3.055457211818178
O=c1oc2ccccc2c(O)c1C1CC(c2ccc(-c3ccccc3)cc2)Cc2ccccc21,3.948931071194755
O=c1oc2ccccc2c(O)c1C1CC(c2ccc(-c3ccc(Br)cc3)cc2)Cc2ccccc21,6.320915282761517
CC(C(=O)O)c1ccc(-c2ccccc2)c(F)c1,4.387861242676188
CC(C)(C)NCC(O)c1ccccc1Cl,2.8803085266146677
CCc1ccc(C(=O)C(C)CN2CCCCC2)cc1,2.5388969886092805
CSc1nnc(C(C)(C)C)c(=O)n1/N=C/C(C)C,2.729789853355702
COc1ccccc1N1CCN(CC(O)COc2cccc3ccccc23)CC1,1.8948685502610865
O=C(CCCN1CCC(n2c(=S)[nH]c3ccccc32)CC1)c1ccc(F)cc1,3.669938965512044
Cc1nnc2n1-c1sc(Br)cc1C(c1ccccc1Cl)=NC2,2.2941321097830687
O=c1[nH]c2ccccc2n1CCCN1CCC(n2c(=O)[nH]c3cc(Cl)ccc32)CC1,3.425208051138656
COCC(=O)Nc1cc(Sc2ccccc2)ccc1NC(=NC(=O)OC)NC(=O)OC,1.6498068730192894
CN1CCCC(n2nc(Cc3ccc(Cl)cc3)c3ccccc3c2=O)CC1,3.712207047261561
CC1(C)C(C=C2CCSC2=O)C1C(=O)OCc1coc(Cc2ccccc2)c1,2.5982519541272806
CCCCC(=O)OCC(=O)C1C(C)CC2C3CC(F)C4=CC(=O)C=CC4(C)C3(F)C(O)CC21C,2.679950915487378
CSC(C)=NOC(=O)N(C)SN(C)C(=O)ON=C(C)SC,2.646500524870546
Cn1cc(-c2ccccc2)c(=O)c(-c2cccc(C(F)(F)F)c2)c1,2.8186494211627933
CN1C(C(=O)Nc2ccccn2)=C(O)c2sccc2S1(=O)=O,3.420911938749859
OC(c1ccc(Cl)cc1)(c1cncnc1)c1ccccc1Cl,3.219062954992162
Clc1ccc(C2(Cn3cncn3)OCCO2)c(Cl)c1,3.4204262616711074
CN(C)CC=C(c1ccc(Br)cc1)c1cccnc1,3.068404960338557
O=c1[nH]c2ccccc2n1CCCN1CCN(C(c2ccccc2)c2ccccc2)CC1,2.328954204579589
c1ccc(-c2ccc(C(c3ccccc3)n3ccnc3)cc2)cc1,2.792951708250132
COc1ccc(CNc2cc(C(O)CNC(C)(C)C)ccc2O)cc1,4.537132493215468
CCOC(=O)C(SP(=S)(OC)OC)c1ccccc1,2.8066845480921896
CCCCCCNC(=O)n1cc(F)c(=O)[nH]c1=O,3.5974673493467604
CNCCCCOc1ccccc1Cc1ccccc1,3.2514012986971523
CCC(NC(C)C)C(O)c1ccc(O)c2[nH]c(=O)ccc12,1.7639712705033657
O=c1c(F)cn(C2CCCO2)c(=O)n1C1CCCO1,3.486805864017076
OC(c1ccc(F)cc1)(c1cncnc1)c1ccccc1Cl,2.7989915950009747
CN(c1c(Br)cc(Br)cc1Br)c1c([N+](=O)[O-])cc([N+](=O)[O-])cc1C(F)(F)F,5.089779635472912
COc1cc(Br)c2oc(C3CCNCC3)cc2c1,3.4916291928746195
CC(C)NCC(O)COc1ccc(CCOCC2CC2)cc1,3.860115643129467
COC(=O)C1=C(C)NC(C)=C(C(=O)OCC(C)C)C1c1ccccc1[N+](=O)[O-],2.98724159259084
CCC=CCC1(C(C)C)C(=O)NC(=O)NC1=O,3.224812005213634
Cc1cc(CC(=O)O)n(C)c1C(=O)c1ccc(Cl)cc1,3.4649870467148154
Clc1ccc2c(n1)C(c1ccccc1Cl)=NCc1nncn1-2,1.5187481325339651
CCOC(=O)NNc1ccc(N(CC)CC(C)O)nn1,2.1512656315871017
CC(C)=CCOc1ccc(C=CC(=O)c2ccc(OCC=C(C)C)cc2OCC(=O)O)cc1,1.352694683481833
CCSc1nnc(C(C)(C)C)c(=O)n1N,1.6595758535610894
CON=C(C(=O)NC1C(=O)N2C(C(=O)OC(C)OC(C)=O)=C(COC(N)=O)CSC12)c1ccco1,2.0090095780345782
CC(C)Cc1ccc(C(C)C(=O)OCc2ccccn2)cc1,1.871278052239666
O=C(NC(=O)c1ccccc1Cl)Nc1ccc(OC(F)(F)F)cc1,1.8557650045618528
C1=Cc2cccc(OCC3CNCCO3)c2C1,3.5860149941644064
O=C(NCCO[N+](=O)[O-])c1cccnc1,3.528766598615144
Cc1cc2c(OCC(O)CNC(C)CCn3cnc4c3c(=O)n(C)c(=O)n4C)cccc2[nH]1,1.6575635083936766
CC(=O)N1CCN(c2ccc(OCC3COC(Cn4ccnc4)(c4ccc(Cl)cc4Cl)O3)cc2)CC1,3.4750342371245986
COc1ccc(C(=O)Nc2ccccc2CCC2CCCCN2C)cc1,3.9136635599981338
CC1(C)C(C(=O)OC(C#N)c2cccc(Oc3ccccc3)c2)C1C(Br)C(Br)(Br)Br,3.1238607839125687
CCC=C(C)C1(CCC)C(=O)NC(=O)NC1=O,3.3600670102979104
CC(C)=CC(=O)OC1CCC2(C=O)C3CCC4(C)C(c5ccc(=O)oc5)CCC4(O)C3CCC2(O)C1,6.095706219061656
CC(C(=O)O)c1cccc2c(-c3ccccc3)coc12,2.279236607324824
NS(=O)(=O)Cc1noc2ccccc12,2.326806774068438
CC1(C)C(C=C(Cl)Cl)C1C(=O)OC(C#N)c1ccc(F)c(Oc2ccccc2)c1,2.9388138250609988
CCS(=O)(=O)Oc1ccc2c(c1)C(C)(C)CO2,2.20466759475314
COc1ccc(CCN2CCC(Nc3nc4ccccc4n3Cc3ccc(F)cc3)CC2)cc1,3.156266078689595
CC(=O)c1ccc2[nH]cc(CN3CCOCC3)c2c1,2.810099721904591
CC(=O)c1ccc2[nH]cc(CN3CCCCC3)c2c1,3.107801631962528
COc1ccc(CC2NCCc3c2[nH]c2ccc(C(C)=O)cc32)cc1,2.7461396935051794
C/C(CC(=O)OC(C)(C)C)=N\Nc1ccc(N2CCOCC2)nn1,3.048452162269607
O=c1nc[nH]c2c1ncn2C1CCC(CO)O1,2.072306892725852
COC1(NC(=O)C2SC(=C(C(N)=O)C(=O)O)S2)C(=O)N2C(C(=O)O)=C(CSc3nnnn3C)CSC21,1.9819936784478585
COCC(=O)Nc1ccc(N=C(C)N(C)C)cc1,2.6977766622625463
CC(C)CCCC1CCC(C)(C(=O)O)CC1,1.6558296809272717
COC(=O)C1=C(C)NC(C)=C(C(=O)OC)C1c1ccccc1OC(F)F,2.486620861648191
C[N+]12CCCCC1CCC(=C(c1cccs1)c1cccs1)C2,2.698368661097068
CCn1cc(C(=O)O)c(=O)c2cnc(N3CCNCC3)nc21,2.180873915247076
COc1ccccc1OCCNCC(O)COc1cccc2[nH]c3ccccc3c12,2.6090413187523347
Clc1ccc(C(Cn2ccnc2)OCc2ccc(Sc3ccccc3)cc2)c(Cl)c1,2.658402562724308
COc1cc(S(C)=O)ccc1-c1nc2ncccc2[nH]1,2.9812808783870937
CC(C)NCCCC1(C(N)=O)c2ccccc2-c2ccccc21,4.09120956473413
NS(=O)(=O)c1cc(C(=O)NN2CC3C4CCC(C4)C3C2)ccc1Cl,2.2670238083375733
COc1cccc(C2(O)CCCCC2CN(C)C)c1,2.7673719284799607
O=C1CCc2cc(OCCCCc3nnnn3C3CCCCC3)ccc2N1,2.26654800946543
CCn1cc(C(=O)O)c(=O)c2cc(F)c(N3CCNCC3)nc21,2.3014694963672047
CCCC(=O)OC1C(C)OC(OC2C(C)OC(OC3C(CC=O)CC(C)C(O)C=CC=CCC(C)OC(=O)CC(O)C3OC)C(O)C2N(C)C)CC1(C)OC(=O)CC,3.361730983067653
CCCC1C(=O)N2C(N(C)C)=Nc3ccc(C)cc3N2C1=O,1.875584996144612
CCOC(=O)c1[nH]c2ccc(C(C)=O)cc2c1CCN(C)C,2.60548318169812
CC(=O)c1ccc2[nH]cc(CCN(C)C)c2c1,2.9821034393060986
CC(=O)SCC(C)C(=O)N1CCCC1C(=O)NC(Cc1ccccc1)C(=O)O,2.4049448407535734
CCOC(=O)Oc1ccc(CCNC(=O)C(CCSC)NC(C)=O)cc1OC(=O)OCC,2.3715702443495563
CC12CCC3c4ccc(OC(=O)c5ccccc5)cc4CCC3C1CCC2OC(=O)COC(=O)CCCc1ccc(N(CCCl)CCCl)cc1,2.6816837509517173
CNc1cc(OC)c(C(=O)NC2CCN(Cc3ccccc3)C2C)cc1Cl,3.2877020994080164
COC(=O)C1=C(C#N)NC(C)=C(C(=O)OC(C)C)C1c1cccc([N+](=O)[O-])c1,2.878314488575113
CC1(C)C(C=C(Cl)Cl)C1C(=O)OCc1c(F)c(F)c(F)c(F)c1F,2.891143682412107
COc1ccc(-c2nc3c4ccccc4ccc3n2C(C)C)cc1,1.8012719609034848
NCCCCC(NC(CCc1ccccc1)C(=O)O)C(=O)N1CCCC1C(=O)O,1.829834253081417
CN=C(C[N+](=O)[O-])NCCSCc1csc(CN(C)C)n1,2.617350310661989
CP(=O)(O)CCC(N)C(=O)O,2.9569555960390224
Cc1cccc(C)c1NC(=O)CN1CCCC1=O,2.692512039889027
O=C(O)C=Cc1ccc(Cn2ccnc2)cc1,1.6594426845801995
COc1ccc(-c2noc(CC(=O)O)c2-c2ccc(OC)cc2)cc1,2.6275540271685025
C=CC1=C(C(=O)O)N2C(=O)C(NC(=O)C(=NOCC(=O)O)c3csc(N)n3)C2SC1,2.878385817830685
CC1CN(C2CCC(C#N)(c3ccc(F)cc3)CC2)CCC1(C(=O)O)c1ccccc1,2.215554952397948
CN1CCN(c2c(F)cc3c(=O)c(C(=O)O)cn(CCF)c3c2F)CC1,2.567429872437331
CCC(C)(C)C(=O)OC1CC(C)C=C2C=CC(C)C(CCC3CC(O)CC(=O)O3)C21,1.9228022440163464
CCC1OC(=O)C(C)C(OC2CC(C)(OC)C(O)C(C)O2)C(C)C(OC2OC(C)CC(N(C)C)C2O)C(C)(O)CC(C)C(=NOCOCCOC)C(C)C(O)C1(C)O,3.621725555766854
COC1C=COC2(C)Oc3c(C)c(O)c4c(O)c(c5c(nc6cc(C)ccn65)c4c3C2=O)NC(=O)C(C)=CC=CC(C)C(O)C(C)C(O)C(C)C(OC(C)=O)C1C,2.5943323196105665
CCOc1ccc(C(C)(C)COCc2cccc(Oc3ccccc3)c2)cc1,1.8767903621577904
CC(C)NCC(O)COc1cccc2c1OCC(O[N+](=O)[O-])C2,2.911622294939065
COc1ccc(C(=O)N2CCN(c3ccc4c(c3)CCC(=O)N4)CC2)cc1OC,2.119980209101982
CC(=Cc1ccccc1)C=C1SC(=S)N(CC(=O)O)C1=O,2.504344429736279
Nc1nc(=O)c2ncn(COC(CO)CO)c2[nH]1,2.406938526745217
CC1COc2c(N3CCN(C)CC3)c(F)cc3c(=O)c(C(=O)O)cn1c23,3.2569257054412497
CON=C(C(=O)NC1C(=O)N2C(C(=O)OCOC(=O)C(C)(C)C)=C(Cn3nnc(C)n3)CSC12)c1csc(N)n1,2.47249901333937
CCC(C)(CC)c1cc(NC(=O)c2c(OC)cccc2OC)on1,1.8226910107760543
CCOC(=O)CCN(SN(C)C(=O)Oc1cccc2c1OC(C)(C)C2)C(C)C,3.136229991792624
CCOC(=O)C(CCc1ccccc1)NC(C)C(=O)N1Cc2cc(OC)c(OC)cc2CC1C(=O)O,2.7434888595570905
CCCC(NC(C)C(=O)N1C(C(=O)O)CC2CCCCC21)C(=O)OCC,2.362286866242274
CCCCOC(=O)C(=O)Nc1cccc(-c2nn[nH]n2)c1,1.8592809363014424
OCC(CO)NC1CC(O)(CO)C(O)C(O)C1O,2.125933217219709
O=C(O)COCCN1CCN(C(c2ccccc2)c2ccc(Cl)cc2)CC1,3.084682381164996
CNS(=O)(=O)c1ccccc1-c1nnc(N)s1,1.9547874482598864
CCC(C)n1ncn(-c2ccc(N3CCN(c4ccc(OCC5COC(Cn6cncn6)(c6ccc(Cl)cc6Cl)O5)cc4)CC3)cc2)c1=O,3.5475575038419582
COc1ccc2c(c1)c(CC(=O)OCC=C(C)CCC=C(C)CCC=C(C)C)c(C)n2C(=O)c1ccc(Cl)cc1,2.272730960280386
OC(Cn1cncn1)(Cn1cncn1)c1ccc(F)cc1F,3.0089917118030884
CC(C)c1cc2c(cc1S(=O)(=O)O)C1(C)CCCC(C)(C(=O)O)C1CC2,2.279331513659028
Cc1c(-c2ccccc2)oc2c(C(=O)OC(C)(C)CN3CCCCC3)cccc2c1=O,2.622753705226343
Cc1ccc(C)n1Nc1ccc(N2CCOCC2)nn1,2.0942805092610115
COC(=O)C1=C(C)NC(C)=C(C(=O)OCC(C)=O)C1c1ccccc1[N+](=O)[O-],2.066417070835968
Nc1nc(C(=CCC(=O)O)C(=O)NC2C(=O)N3C(C(=O)O)=CCSC23)cs1,1.914272267703734
O=C1NC2CCCCN2C12CCN(CCCN1c3ccccc3CCc3ccc(Cl)cc31)CC2,2.6803971625351246
CCn1cc(C(=O)O)c(=O)c2cc(F)c(N3CCNC(C)C3)c(F)c21,3.84677366174238
CC(C)(C)NC(=O)C1CCC2C3CCC4NC(=O)C=CC4(C)C3CCC12C,2.57118806492378
CC(C)COC(=O)OCN1C(=O)CN(CCN2CC(=O)N(COC(=O)OCC(C)C)C(=O)C2)CC1=O,2.2342911350517816
COC(=O)C1=C(C)NC(C)=C(C(=O)OCC=Cc2ccccc2)C1c1cccc([N+](=O)[O-])c1,2.350708242876306
Cc1nccn1CC1CCc2c(c3ccccc3n2C)C1=O,3.814203187072757
Cc1cccn2c(=O)c(-c3nn[nH]n3)cnc12,1.580192935724563
COc1ccc(CN2CCN(C(c3ccc(F)cc3)c3ccc(F)cc3)CC2)c(OC)c1OC,2.8219456797855136
CCN(CC)CCNC(=O)c1ccc(NS(C)(=O)=O)cc1,2.797160858908774
CN(Cc1ccc(C(C)(C)C)cc1)Cc1cccc2ccccc12,1.8027408954918869
CCCCN(CCCC)CCOc1ccnc(N)n1,2.772303773772721
CCN(CC)CCOc1ccnc(N)n1,1.883467339826422
CC(C)CN(CCOc1ccnc(N)n1)CC(C)C,2.0275762788760274
CN(C)CCOc1ccnc(N)n1,2.084521466392878
CC(=O)OC1(C(C)=O)CCC2C3C=C(Cl)C4=CC(=O)OCC4(C)C3CCC21C,2.308464098091196
Cc1nc2n(c(=O)c1CCN1CCC(c3noc4cc(F)ccc34)CC1)CCCC2,4.350854665909455
CC1CN(c2c(F)c(N)c3c(=O)c(C(=O)O)cn(C4CC4)c3c2F)CC(C)N1,2.815584388861907
COc1ccc(C(=C(C#N)CCC(=O)O)c2ccc(OC)cc2)cc1,2.5281128975645726
CCC(=C(c1ccc(OCCN(C)C)cc1)c1ccc(OP(=O)(O)O)cc1)c1ccc(C(C)C)cc1,2.309274922567851
CCc1ccc(C(=O)C(C)CN2CCCC2)cc1,2.787754391694687
Cc1c(C2C(=O)CC(C)(C)CC2=O)c2c(n1-c1ccccc1)CC(C)(C)CC2=O,2.2917139729577944
CCCCn1c(C)c(CC(=O)O)c2c1CC(C)(C)CC2=O,2.765506129540305
Cc1c(CC(=O)O)c2c(n1CC(C)C)CC(C)(C)CC2=O,2.765506129540305
O=C1CCC(C(=O)N2CSCC2C(=O)O)N1,1.7858136969209193
COc1ccc(C(=O)NCc2ccc(OCCN(C)C)cc2)cc1OC,2.7762627950134866
CC1=C(C(=O)OC(C)C)C(c2cccc([N+](=O)[O-])c2)C(C(=O)OC2CN(C(c3ccccc3)c3ccccc3)C2)=C(N)N1,2.862322981412607
CCOC(=O)c1ccc(NC(=O)CC)cc1NC(=O)c1ccc(C(=O)O)cc1,1.8857998168687875
Nc1c(NCC=CCOc2cc(CN3CCCCC3)ccn2)c(=O)c1=O,2.2509393810832257
CC(=O)N(OCc1ccccc1)C1c2cc(C#N)ccc2OC(C)(C)C1O,4.563975614654441
CCNC1CC(C)S(=O)(=O)c2sc(S(N)(=O)=O)cc21,3.11320643126471
CC(=O)NCCCOc1ccc(C(=O)N2CCC(N3C(=O)CCc4ccccc43)CC2)cc1,2.351748972401184
COCCOC(=O)C1=C(C)NC(C)=C(C(=O)OCC=Cc2ccccc2)C1c1cccc([N+](=O)[O-])c1,2.391400929321597
COc1cccc(CCc2ccccc2OCC(CN(C)C)OC(=O)CCC(=O)O)c1,2.1558550583668614
CNCc1ccc(CSCCN=C(NCC(O)c2ccc(O)cc2)NS(C)(=O)=O)o1,1.9605563912273585
COc1ccc(CNCC(O)COc2ccc3[nH]c(=O)ccc3c2)cc1OC,2.28378953537466
CCOc1nc2cccc(C(=O)OC(C)OC(=O)OC3CCCCC3)c2n1Cc1ccc(-c2ccccc2-c2nn[nH]n2)cc1,2.484777300721241
CC(C)(C)NC(=O)C1CN(Cc2cccnc2)CCN1CC(O)CC(Cc1ccccc1)C(=O)NC1c2ccccc2CC1O,2.981849032758156
NCC1CCC(C(=O)O)CC1,1.4975184508204904
CN1CCC(N(Cc2ccccc2)c2ccccc2)CC1,3.1713394370863925
CCCCCCC1C(=O)OC(C)C(NC(=O)c2cccc(NC=O)c2O)C(=O)OC(C)C1OC(=O)CC(C)C,5.040311922313591
CCC1OC(=O)CC(O)C(C)C(OC2OC(C)C(OC3CC(C)(O)C(O)C(C)O3)C(N(C)C)C2O)C(CC=O)CC(C)C(=O)C=CC(C)=CC1COC1OC(C)C(O)C(OC)C1OC,3.0588585849384957
CN1CCCC(OC(=O)C(O)(c2ccccc2)C2CCCCC2)C1,3.001911945123893
CC(C)N(C(=O)SCC(Cl)=CCl)C(C)C,2.724155349416332
CCCCOC(=O)C1(O)c2ccccc2-c2ccccc21,1.7518008678418515
C#CCCCC#C,1.38125414734206
Cc1cccc(N(C)C(=S)Oc2ccc3ccccc3c2)c1,1.3416012571270293
CCOC(=O)c1[nH]c2ccc(C(C)=O)cc2c1CN(C)C,2.9827941825940183
CCC1(C(C)C=C(C)C)C(=O)NC(=O)NC1=O,5.076070353932709
CCOP(=S)(OCC)OP(=S)(OCC)OCC,4.809323987000021
CC1(NC(N)=O)CCCCC1,2.328065592998914
CCOP(=O)(OCC)SCC(=O)NC(C)(C)C#N,4.167779449934009
CC[N+]1(CC)CCC(=C(c2ccccc2)c2ccccc2)C1C,2.971844466920023
C[n+]1ccc(-c2cc[n+](C)cc2)cc1,3.872174926607301
CC1CC=CC=CC=CC=CC(OC2OC(C)C(O)C(N)C2O)CC2OC(O)(CC(O)CC3OC3C=CC(=O)O1)CC(O)C2C(=O)O,3.34617883049202
Clc1ccccc1C(c1ccccc1)(c1ccccc1)n1ccnc1,2.236593937754637
NC(C(=O)O)C(O)c1ccc(O)c(O)c1,1.6297947881266517
NC1=NC(C(F)(F)F)(C(F)(F)F)NC1(C(F)(F)F)C(F)(F)F,3.376696158789309
O=C(OCC(O)CO)c1ccccc1Nc1ccnc2c(C(F)(F)F)cccc12,2.608910951652234
C=C(CC(=O)N(C)OC)OP(=O)(OC)OC,4.5583502240490485
COc1cc(S(=O)(=O)O)c(C)cc1NN=C1C(=O)C=Cc2cc(S(=O)(=O)O)ccc21,1.956615945907617
O=C1CN=C(c2ccccc2F)c2cc(Cl)ccc2N1CC1CC1,1.535042080152702
CC(CCc1ccccc1)NCC(O)c1ccc(O)c(C(N)=O)c1,2.3403277585712843
CCCCOC(=O)C(=O)C1C(C)CC2C3CC(F)C4=CC(=O)C=CC4(C)C3C(O)CC21C,2.6498788466101413
Cc1cccc2sc3nncn3c12,3.5780498198065125
CC(C)(C)C(=O)C(Oc1ccc(Cl)cc1)n1cncn1,2.7690137847007104
COC(=O)Nc1nc2ccc(Sc3ccccc3)cc2[nH]1,2.777216512043379
COc1ccc(OC)c(C(O)CNC(=O)CN)c1,3.229231191210009
CC(C)OC(=O)C(C)(C)Oc1ccc(C(=O)c2ccc(Cl)cc2)cc1,1.9552510721094445
CC(C)COC(=O)C(C)Oc1ccc(Oc2ccc(Cl)cc2)cc1,1.6395188609305789
COC(=O)C(C)Oc1ccc(Oc2ccc(Cl)cc2Cl)cc1,2.3288763112098345
CN1c2cc(O)c(N=NC(N)=O)cc2CC1S(=O)(=O)O,1.778579543016151
CN/C(=N\C#N)NCCSCc1[nH]cnc1C,1.987024798066629
O=C(Cc1ccc(-c2ccccc2)cc1)Nc1ccccn1,2.459919955746916
CC(C)C(C(=O)OC(C#N)c1cccc(Oc2ccccc2)c1)c1ccc(Cl)cc1,2.623154148805024
NC(=O)CN1CC(O)CC1=O,1.1990884184717607
Cn1cc(OCC(O)CNC(C)(C)C)c2ccccc2c1=O,1.9559293696530369
O=C(Nc1ccccc1)N(Cc1ccc(Cl)cc1)C1CCCC1,1.81801859723791
COCCOC(=O)C1=C(C)NC(C)=C(C(=O)OC(C)C)C1c1cccc([N+](=O)[O-])c1,2.6216394207159484
CCCCOC(=O)c1ccccc1Nc1cccc(C(F)(F)F)c1,1.3239491453451662
COCC1=C(C(=O)OC(C)OC(=O)OC(C)C)N2C(=O)C(NC(=O)C(=NOC)c3csc(N)n3)C2SC1,2.843238230110727
CCOC(=O)C(CCc1ccccc1)NC(C)C(=O)N1C(C(=O)O)CC2CCCC21,2.619633774366475
CCOC(=O)C(CCc1ccccc1)NC(C)C(=O)N1C(C(=O)O)CC2CCCCC21,2.3329885543889506
Cc1cccc(C)c1NC(=O)CC12CCCN1CCC2,3.723571411474712
Cc1cccc(C)c1NC(=O)C1(N(C)C)CCN(C2CCCCC2O)CC1,5.396247018036891
O=C(O)CCCN1C(=O)c2cccc3cccc(c23)C1=O,1.8724369163867989
CCOC(=O)C(CCc1ccccc1)NC(C)C(=O)N1C(=O)N(C)CC1C(=O)O,2.352665870791676
O=c1oc2ccccc2c(O)c1C1CC(c2ccc(OCc3ccc(C(F)(F)F)cc3)cc2)Cc2ccccc21,6.859380905826105
O=C(NC(Cc1cc(=O)[nH]c2ccccc12)C(=O)O)c1ccc(Cl)cc1,2.2681003598156644
CC(C)(C)c1ccc(C(=O)CCCN2CCC(OC(c3ccccc3)c3ccccc3)CC2)cc1,3.4676719133305194
C=CC1=C(C(=O)O)N2C(=O)C(NC(=O)C(=NO)c3csc(N)n3)C2SC1,2.5970608283889
CCC(=CC(=NO)C(N)=O)/C(C)=[N+](\[O-])O,3.82771045116797
COC1(NC(=O)CSC(F)F)C(=O)N2C(C(=O)O)=C(CSc3nnnn3CCO)COC21,1.6958965097252725
CC(=O)OCC(=O)NCCCOc1cccc(CN2CCCCC2)c1,3.5421317442414537
COC(=O)C1=C(C)NC(COC(N)=O)=C(C(=O)OC(C)C)C1c1cccc(Cl)c1Cl,2.359180702540088
CCN1CC2CN(C)CC(C1)C2OC(=O)c1ccc(Cl)cc1,4.20795196201429
COC(=O)C1=C(C)NC(C)=C(C(=O)OCC(C)(C)CN(C)Cc2ccccc2)C1c1cc([N+](=O)[O-])ccc1F,4.334135151696786
NC(=O)C1CC2(NC(=O)NC2=O)c2cc(F)ccc2O1,2.144927414648423
