curated_smiles,guinea pig_oral_LD50
C=O,2.062524132292297
CCC1(c2ccccc2)NC(=O)N(C)C1=O,2.759182594963885
Clc1ccc(C(c2ccc(Cl)cc2)C(Cl)(Cl)Cl)cc1,3.373513954511488
O=C(O)c1c(Cl)ccc(Cl)c1Cl,2.2674183618323758
CCCCC1C(=O)N(c2ccccc2)N(c2ccccc2)C1=O,3.091147603737524
CC(=O)Oc1ccccc1C(=O)O,2.224247498308576
O=[N+]([O-])c1ccc(O)c([N+](=O)[O-])c1,3.3565852824096067
CC(C)NCC(O)c1ccc(O)c(O)c1,2.893455567024529
CN1C2CCC1CC(OC(=O)C(CO)c1ccccc1)C2,2.420068323203803
CN(CCCl)CCCl,4.114099224914622
NC1(C(=O)O)CCCC1,2.964996638200463
Clc1ccc(C(c2ccccc2Cl)C(Cl)Cl)cc1,1.8062423993289465
COc1ccc2c(c1)c(CC(=O)O)c(C)n2C(=O)c1ccc(Cl)cc1,3.5536318396100253
NNC(=O)c1ccncc1,2.730630298242362
CCN(CC)N=O,2.6112430888010776
COP(=S)(OC)Oc1ccc(SC)c(C)c1,3.029594473351095
O=[N+]([O-])OCC(CO[N+](=O)[O-])O[N+](=O)[O-],2.1948204458008003
NCCCNCCCN,2.7063902563450526
ClC(Cl)(Cl)Cl,1.426598793695473
CCOP(=S)(OCC)Oc1ccc([N+](=O)[O-])cc1,4.561198313563954
C=CC1CN2CCC1CC2C(O)c1ccnc2ccc(OC)cc12,2.25584046954192
CCOP(=S)(OCC)Oc1ccc2c(C)c(Cl)c(=O)oc2c1,3.7962045686085615
O=C(NC(CO)C(O)c1ccc([N+](=O)[O-])cc1)C(Cl)Cl,2.81040996431382
OCC(O)CO,1.074929633968785
CCC1(c2ccccc2)C(=O)NC(=O)NC1=O,3.251991800488289
CC(O)CO,0.6177200527849772
Cn1c(=O)c2c(ncn2C)n(C)c1=O,2.9265079713919517
Cc1c(N(C)C)c(=O)n(-c2ccccc2)n1C,2.4051323628212478
c1ccc2c(c1)Oc1ccccc1[As]2O[As]1c2ccccc2Oc2ccccc21,4.320694003596896
C=C(CC)C(=O)c1ccc(OCC(=O)O)c(Cl)c1Cl,2.8104718362113075
COc1ccc(CC(N)C(=O)NC2C(CO)OC(n3cnc4c(N(C)C)ncnc43)C2O)cc1,2.8953470260141176
Oc1c(Cl)cc(Cl)c(Cl)c1Cl,2.967347630404686
CC(COc1ccccc1)N(CCCl)Cc1ccccc1,2.7836649374737443
OCCc1ccccc1,1.6821201926140517
CNC(=O)CSP(=S)(OC)OC,2.8162659266796464
CN(C)C1C(=O)C(C(N)=O)C(=O)C2(O)C(O)=C3C(=O)c4c(O)cccc4C(C)(O)C3CC12,2.374811866858366
ClC1=C(Cl)C2(Cl)C3C4CC(C5OC45)C3C1(Cl)C2(Cl)Cl,4.133667763403057
CC(CN1c2ccccc2Sc2ccccc21)N(C)C,2.6477923735131066
CCOc1ccc(NC(C)=O)cc1,1.9815424431966495
O=C(O)CF,5.318644836731199
CNC(=O)Oc1cccc2ccccc12,2.905741927391601
COc1ccc(CN(CCN(C)C)c2ncccn2)cc1,2.7640942489727616
Nc1ccc(S(N)(=O)=O)cc1,1.740511507295916
NC(=O)NC(=O)Cc1ccccc1,2.305417179950384
NCCc1ccccc1,2.782411704001056
CCO,0.9183339937291116
NC(=O)c1ccccc1O,1.8991117083612323
CC1CC(C)C(=O)C(C(O)CC2CC(=O)NC(=O)C2)C1,3.6363366500548207
ClC(Cl)Cl,2.163110446277821
ClC(Cl)(Cl)C(Cl)(Cl)Cl,1.6779152545426474
Oc1c(Cl)cc(Cl)c(Cl)c1Cc1c(O)c(Cl)cc(Cl)c1Cl,3.831343910679334
CCC(=O)c1ccc(N)cc1,2.165148275150264
CC(Cl)(Cl)Cl,1.1488221281763256
CC1OC(OC2C(O)CC(OC3C(O)CC(OC4CCC5(C)C(CCC6C5CCC5(C)C(C7=CC(=O)OC7)CCC65O)C4)OC3C)OC2C)CC(O)C1O,5.315431324898704
CC(O)C(=O)O,1.696940160113593
CC#N,2.365371632872937
S=C=S,1.554282456625167
C1CO1,2.212611724958697
CC(C)N,1.340311889391722
IC(I)I,2.907670648645248
CC1CO1,1.944482672150169
C[Pb](C)(C)C,3.38963744577517
CC(C)(O)C#N,3.975717669623354
ClC1=C(Cl)C2(Cl)C3C(Cl)C=CC3C1(Cl)C2(Cl)Cl,3.507624431258189
CCCC(C)C1(CC)C(=O)NC(=O)NC1=O,3.5764872425003453
O[Sn](c1ccccc1)(c1ccccc1)c1ccccc1,4.131739372381986
NS(=O)(=O)c1cc(C2(O)NC(=O)c3ccccc32)ccc1Cl,1.8309375037334807
CC1(C)NC(=O)NC1=O,1.1818266409917133
CCOC(=O)C1OC1(C)c1ccccc1,1.7069199825618673
CCOP(=O)(OCC)OCC,2.0563234982965666
CCCCSP(=O)(SCCCC)SCCCC,3.351522992940692
CCCCOCCOP(=O)(OCCOCCCC)OCCOCCCC,2.1232820043591363
CC1=CC(=O)CC(C)(C)C1,2.295441426958085
CC(Cl)CCl,1.7519984818632464
CC(Cl)CO,2.118287695275684
C=CC(N)=O,2.675650050095353
O=C(O)CO,1.5978037002919974
CC(=O)OO,3.8811049289955473
COC(=O)Cl,2.829289985485767
BrC(Br)C(Br)Br,2.936581595690796
CC(C)(c1ccc(O)cc1)c1ccc(O)cc1,1.756428799148772
Nc1ccc(S(=O)(=O)c2ccc(N)cc2)cc1,2.9178677081636244
O=S(=O)(Oc1ccc(Cl)cc1)c1ccc(Cl)cc1,2.6755005196768
COc1ccc(NS(=O)(=O)c2ccc(N)cc2)nn1,1.998930722156269
C[N+]1(C)C2CCC1CC(OC(=O)C(O)c1ccccc1)C2,2.462971187708837
C=C(C)C(=O)OC,1.2256989972119166
CC1=C(O)C(=O)CC1,1.903586040137711
O=S(=O)(O)c1cccc2c(S(=O)(=O)O)cccc12,0.7877497972376135
Nc1ccc(C=Cc2ccc(N)cc2S(=O)(=O)O)c(S(=O)(=O)O)c1,0.8965824999832929
CC(=O)CC(c1ccccc1)c1c(O)c2ccccc2oc1=O,3.2313480619673776
O=C1c2ccccc2-c2ccc(Br)c3cccc1c23,2.645088068115282
O=C1c2cccc(S(=O)(=O)O)c2C(=O)c2c1cccc2S(=O)(=O)O,2.2944119934366376
CCOC(=O)c1ccccc1C(=O)OCC,1.4123237771499726
CCCCOC(=O)c1ccccc1C(=O)OCCCC,1.4445881051396905
CCCCCCCCCOC(=O)c1ccccc1C(=O)OCCCCCCCCC,1.2893794385557804
CCCCOC(=O)c1ccccc1C(=O)OCc1ccccc1,1.3563596677610683
COP(=S)(OC)SCn1nnc2ccccc2c1=O,3.598423881902304
NNc1nncc2ccccc12,2.8066682806549976
CC(C)CCOC(=O)c1ccccc1O,1.9241479271411128
O=CC(Cl)=C(Cl)C(=O)O,3.227791611979896
ClC(Cl)=C(Cl)C(Cl)=C(Cl)Cl,3.462001793906094
Oc1c(Cl)cc(Cl)cc1Cl,2.2954527390178
Nc1ccccc1[N+](=O)[O-],1.7692075729595114
CCC(C)c1cc([N+](=O)[O-])cc([N+](=O)[O-])c1O,4.07957012736057
O=c1oc(=O)c2cc3c(=O)oc(=O)c3cc12,2.135934801621584
O=[N+]([O-])c1cc(Cl)ccc1Cl,2.380213503656142
Nc1ccc(Cl)cc1[N+](=O)[O-],1.7598465610039555
CCC(C)c1ccccc1O,2.3985793983072528
Cc1ccc(C(C)C)c(O)c1,2.2322479765407275
Oc1cccc2ccccc12,1.85785393983086
CCC(C(=O)NC(N)=O)c1ccccc1,2.50752539922445
c1ccc2ccccc2c1,2.0286186917583864
CCCCN(C(C)=O)c1ccccc1,2.8045346853863795
O=c1ccc2ccccc2o1,2.859432592158874
CN(C)CCN(Cc1cccs1)c1ccccn1,2.8432643468986067
CCCCCCCCCCCC[n+]1ccc2ccccc2c1,3.1739056101763468
OCC(O)c1ccccc1,1.8393711889874271
COC(=O)c1ccccc1,1.5212337889562475
O=C(O)COc1cc(Cl)c(Cl)cc1Cl,2.8264387314201933
CC(C)OC(=O)COc1cc(Cl)c(Cl)cc1Cl,2.8213355065668484
CC(C)OC(=O)COc1ccc(Cl)cc1Cl,2.679791170980354
CCCCC(CC)C(=O)OCCOCCOCCOC(=O)C(CC)CCCC,1.28262427048247
CCC(CC)C(=O)OCCOCCOCCOC(=O)C(CC)CC,2.044113777552627
c1ccc2n[nH]nc2c1,2.377040200657037
Nc1ccccc1N,2.4776999283321306
Cc1ccc(Cl)cc1Cl,1.5079394855651824
Nc1ccc(Cl)c(Cl)c1,2.380262174497434
Nc1cc(Cl)ccc1Cl,1.6355346796007402
Oc1cc(Cl)c(Cl)cc1Cl,2.2954527390178003
c1ccc(C2CO2)cc1,1.778697394063325
ClCC(Br)CBr,3.1974349464962115
ClCC(Cl)CCl,2.6371128399889137
Nc1ccc([N+](=O)[O-])cc1[N+](=O)[O-],2.24155359545442
Oc1ccc(Cl)cc1Cc1cc(Cl)ccc1O,2.333047257267004
CCOC(=O)C1C(C=C(C)C)C1(C)C,2.014144574065196
C=CCc1ccc(O)c(OC)c1,1.8870041288621549
CC=Cc1ccc(O)c(OC)c1,2.0661646196455123
CN(C)C(=S)SC(=S)N(C)C,2.3894308554951125
OCC1CCCO1,2.106076101836458
O=Cc1ccco1,2.2494583293706047
O=S(=O)(Cl)c1ccccc1,2.329019379214204
NS(=O)(=O)c1ccccc1,2.4182847148781352
CN(C)C1CCCCC1,2.388589596990892
Cc1cccc([N+](=O)[O-])c1,1.5808553107227403
Nc1cccc([N+](=O)[O-])c1,2.487062921455904
Nc1c(Cl)cc([N+](=O)[O-])cc1Cl,2.1546359105802764
O=[N+]([O-])c1cc([N+](=O)[O-])cc([N+](=O)[O-])c1,2.4652707793963504
O=[N+]([O-])c1ccc(Cl)c(Cl)c1,2.5843334863120666
COC(=O)c1ccc(O)cc1,1.7051478475814303
Nc1ccc([N+](=O)[O-])cc1,2.487062921455904
C=Cc1ccncc1,2.5152629402775344
OCc1ccccc1,1.636046356567568
O=Cc1ccccc1,2.0258136109407903
NNc1ccccc1,3.1309124421074737
CC(C)(O)Cc1ccccc1,2.1819737041032683
Nc1ccc(Cc2ccc(N)c(Cl)c2)cc1Cl,2.824709817864739
O=C(Nc1cccc(Cl)c1)OCC#CCCl,3.031583493419115
CN(C)C(=O)Nc1ccccc1,1.7102443332407435
Nc1ccc(Cc2ccc(N)cc2)cc1,2.882281468194212
Nc1ccc(Oc2ccc(N)cc2)cc1,2.4886396488216613
N=C(Nc1ccccc1)Nc1ccccc1,2.9268937123468444
O=C(Cc1ccccc1)OCCc1ccccc1,1.8769667023341063
CCCCCCCCCCCC[N+](C)(C)Cc1ccc(Cl)c(Cl)c1,3.072524447995077
OCCN(CCO)CCO,1.831317033129681
CCCCN(CCCC)CCCC,2.723936261381485
CCOC(=O)C=Cc1ccccc1,1.6439828828953786
O=C(C=Cc1ccccc1)OCc1ccccc1,1.8019106820962785
CC(=O)OCCc1ccccc1,1.650717668048803
O=C(C=Cc1ccccc1)OCCc1ccccc1,1.7487271136063465
CC(=O)OCC=Cc1ccccc1,1.5693492645984743
CCOc1ccccc1,1.609832654514327
OCCN1CCNCC1,1.5440380229567658
O=C(O)Cc1ccccc1,1.7818351275646207
CC(=O)Nc1ccc(O)cc1,1.7611499570780285
CC=Cc1ccc(OC)cc1,1.8357065244712247
OCC=Cc1ccccc1,1.70035752782266
O=CC=Cc1ccccc1,2.056648612952715
CCCCCC1CCC(=O)O1,1.6571920907679156
CCCCC(CC)CO,1.8452014311543483
Nc1ccc(Cl)cc1,2.561694128411908
ClCC1CO1,2.51910106242493
C=C(C)C(=O)OCC1CO1,2.30952630649466
BrCCBr,3.232446256414889
C#CCBr,6.613006608360204
OCCCl,2.864478718117738
CCC#N,3.343053922912848
C=CC#N,3.0258299799543007
NCCN,2.1067766140670217
C#CCO,2.970532829768324
OCCO,0.972666291974224
CC(O)CC(C)(C)O,1.6253712546286654
CCOP(=O)(OCC)OP(=O)(OCC)OCC,5.100953109886179
CC(O)CCO,0.9134381359242584
CC(=O)CC(C)C,1.7965786691959915
CC(C)NC(C)C,1.557992439990428
O=C1C=CC(=O)O1,2.400413995086025
Nc1cccc(Cl)c1,2.7078221640901456
Nc1cccc(N)c1,2.380789915324074
CC1OC(C)OC(C)OC(C)O1,3.002997431759352
Brc1ccccc1,1.9654783922189507
Clc1ccccc1,1.699197707960573
NC1CCCCC1,2.280407623567409
Cc1ccccn1,2.014842430176033
CCCCN,2.230680562530029
COCCO,1.9036325160842376
CCOC=O,1.824372132341146
C1CCOC1,1.4962495911679536
CCOC(=O)CCCCCCCCC(=O)OCC,1.5500905346122402
COCCOC(C)=O,1.975457543716044
OCCCCO,1.8756495750348583
OCC#CCO,2.821009355511021
CCOCCO,1.8087027854042452
CC(C)CNCC(C)C,2.3190287818146005
CCOCCOC(C)=O,1.8400633765896195
OCCCCCO,1.3548972726879622
O=CCCCC=O,3.3015378231866035
CCCCN=C=O,2.5982782404875366
NCCNCCO,1.8415805247305463
OCCNCCO,1.7207255849503833
OCCOCCO,1.133706731085281
OCCSCCO,1.4893369246100845
CC(=O)OCCOC(C)=O,1.4710480975850744
CCCCOCCO,1.99334803992326
COCCOCCO,1.4606232152481482
CCCCNCCCC,2.7496926352952618
CCOCCOCCOC(C)=O,1.65164293007022
ClCCOCCOCCCl,3.192813613851131
OCCOCCOCCO,1.2789676573966864
CCCCOCCOCCO,1.9090984954824892
CCOCCOCCOCC,1.942956762743457
CCOCCOCCOCCO,1.76383755817565
CCCCOCCOCCSC#N,2.9102123232814803
CC1(C)SC2C(NC(=O)Cc3ccccc3)C(=O)N2C1C(=O)O,2.94219900965524
CNC(=O)Oc1ccccc1OC(C)C,3.718595097806374
C[Hg]Cl,4.077589365819776
CN(C)P(=O)(F)N(C)C,4.585813098275825
CC1(C)C2CCC1(C)C(OC(=O)CSC#N)C2,2.662598450325528
OC(c1ccc(Cl)cc1)(c1ccc(Cl)cc1)C(Cl)(Cl)Cl,2.311097915439605
OCC(CO)(CO)CO,1.08092963261636
CCOP(=S)(OCC)Oc1ccc(S(C)=O)cc1,4.534816935958289
O=C1c2cccc(S(=O)(=O)O)c2C(=O)c2cccc(S(=O)(=O)O)c21,2.1938940174488133
Nc1ccc(S(=O)(=O)O)c2cccc(S(=O)(=O)O)c12,1.101685510172717
CCCCC(CC)COC(=O)c1ccccc1C(=O)OCC(CC)CCCC,1.1767188619951463
CC1(C)C(=O)N(Cl)C(=O)N1Cl,2.164178750550106
Cc1occc(=O)c1O,1.951533856795958
Clc1c(Cl)c(Cl)c(Cl)c(Cl)c1Cl,1.9773943309933784
CCOP(=S)(OCC)Oc1ccc(=O)n(-c2ccccc2)n1,2.821796905468533
COC(=O)c1ccccc1O,2.337171062286836
O=C1CCc2ccccc2O1,1.9252212327670697
CC(Oc1ccc(Cl)cc1Cl)C(=O)O,2.578798127715954
CCOC(=O)c1ccc(O)cc1,1.919538305250981
Oc1ccccc1O,2.7196153562069165
COc1cc(C=O)ccc1O,2.0361410666228545
CCOC(=O)CC(SP(=S)(OC)OC)C(=O)OCC,2.7631178601756883
Nc1ccc([N+](=O)[O-])cc1Cl,1.981695310620312
COP(=S)(OC)Oc1ccc([N+](=O)[O-])c(C)c1,2.7438827528420062
CCCCCCCCCCCCCCCCCC[N+](C)(C)Cc1ccccc1,2.8906490054719627
CC(O)CN(CC(C)O)CC(C)O,2.08299204149053
c1ccc(Nc2ccccc2)cc1,2.7513484007654325
O=CCc1ccccc1,1.4897777884015984
COc1ccc(C=O)cc1,2.03364710055842
CCCCCCCCC(=O)OCC,0.8899899572450255
Oc1ccc(O)cc1,2.301471961446592
C=CCOC(=O)CCCCC,2.746592501997226
CCCCOC(C)=O,1.392958745420301
C1COCCO1,1.446694930992065
CCCCCCCCCCCCCCCC[N+](C)(C)CC,3.276402172212085
CCCCOCCOCCOC(C)=O,1.94098022708224
CC[N+]1(C)CCCC(OC(=O)C(O)(c2ccccc2)c2ccccc2)C1,2.850609480921349
COc1ccc2c(c1)C13CCCCC1C(C2)N(C)CC3,2.907276966689681
CCCC(=O)OC(C(Cl)(Cl)Cl)P(=O)(OC)OC,2.5375248279723754
C#CC1(OC(N)=O)CCCCC1,2.8253170435741373
CC(O)CCl,2.118287695275684
CC(Cl)(Cl)C(=O)O,1.6237629624616867
Cc1cc(C(C)(C)C)c(O)c(C(C)(C)C)c1,1.3137411025812649
O=[N+]([O-])c1ccc(C=Cc2ccc([N+](=O)[O-])cc2S(=O)(=O)O)c(S(=O)(=O)O)c1,0.7825856596617077
O=C1c2ccccc2C(=O)c2c1cccc2S(=O)(=O)O,0.9546645350674984
CN1CCC(=C2c3ccccc3C=Cc3ccccc32)CC1,3.12404207924328
CCCCC1C(=O)N(c2ccccc2)N(c2ccc(O)cc2)C1=O,2.4447281441061754
O=C1C=CC(=O)c2ccccc21,2.5970256811644554
CN1CCc2cc3c(cc2C(=O)Cc2ccc4c(c2C1)OCO4)OCO3,3.1734862464953357
O=C1c2ccccc2C(=O)c2cc(S(=O)(=O)O)ccc21,1.1375952186534852
O=[N+]([O-])c1cc(C2CCCCC2)c(O)c([N+](=O)[O-])c1,3.726324505542157
O=S(=O)(O)c1cc(Nc2nc(Nc3ccccc3)nc(Nc3ccccc3)n2)ccc1C=Cc1ccc(Nc2nc(Nc3ccccc3)nc(Nc3ccccc3)n2)cc1S(=O)(=O)O,2.105745637492473
COC(=O)c1ccccc1N,1.7354064524796975
Oc1ccc2ccccc2c1,2.033402669794247
Clc1ccc(CC(=CCN2CCCC2)c2ccccc2)cc1,2.4970048556455744
CC(Cc1ccc2c(c1)OCO2)NCC(O)c1ccc(O)c(O)c1,4.21928057089842
CNC(=S)S,2.119049330210202
CC(C)Nc1nc(Cl)nc(NC(C)C)n1,2.282008108766616
CCCCC(CC)CCC(CC(C)C)OS(=O)(=O)O,2.656108526432047
CCCCCCC(CC=CCCCCCCCC(=O)OCCOC)OC(C)=O,1.521338615172899
CC(=O)OCc1ccccc1,1.8341807436039448
CC(C)CC(=O)OCCc1ccccc1,1.520677264736184
N#CCc1ccccc1,4.068746000083031
CN(C)c1ccc(N=NS(=O)(=O)O)cc1,3.184238923343924
CC(COc1ccc(C(C)(C)C)cc1)OS(=O)OCCCl,1.933805150542615
NCCO,1.9935357789818733
CCOC(C)=O,1.2046427952874217
C=CCOC(=O)CCCCCC,2.58370925228437
CC(C)C(O)C(C)(C)CO,1.864006484330584
CN(C)CCOC(c1ccccc1)c1ccccc1,2.9599965390396927
Nc1ccc(C(=O)O)cc1,1.7255381055267975
CCCCSP(SCCCC)SCCCC,2.5455588716883693
FC(F)(F)C(Cl)Br,1.517154094544225
COc1ccc(CCN(C)CCCC(C#N)(c2ccc(OC)c(OC)c2)C(C)C)cc1OC,3.5115119042489984
CN(C)CCN(Cc1ccccc1)c1ccccn1,3.2310701141047367
C1=Nc2ccccc2Oc2ccccc21,2.491875887627061
C1CN2CCN1CC2,1.6977174316564514
c1c[nH]cn1,1.9521995755702477
ClC1=C(Cl)C2(Cl)C3C(Cl)OC(Cl)C3C1(Cl)C2(Cl)Cl,5.313607831168677
COP(=S)(OC)Oc1ccc([N+](=O)[O-])cc1,2.3165003142119307
CCOP(=S)(OCC)SCCSCC,4.404980926236285
NC(=O)N1c2ccccc2C=Cc2ccccc21,2.4096281063994525
COc1c2occc2cc2ccc(=O)oc12,2.631548241100216
CCOP(=S)(OCC)Oc1ccc2c(C)cc(=O)oc2c1,4.118365267019309
COP(=S)(OC)Oc1cc(Cl)c(Cl)cc1Cl,2.3611191276102974
COP(S)(=NC(C)C)Oc1ccc(Cl)cc1Cl,3.174950946683763
CNP(=O)(OC)Oc1ccc(C(C)(C)C)cc1Cl,2.4649587611400388
CNC(C)Cc1ccccc1,3.219634000719462
CCS(=O)CCSP(=O)(OC)OC,3.3122655326896298
O=P(O)(O)OCC(Cl)(Cl)Cl,2.354951783027245
CNC(=O)Oc1cc(C)c(N(C)C)c(C)c1,4.170824759313798
CCC1CN2CCc3cc(OC)c(OC)cc3C2CC1CC1NCCc2cc(OC)c(OC)cc21,4.380798047426568
CCOP(=S)(CC)Oc1cc(Cl)c(Cl)cc1Cl,3.921171257974408
O=C=Nc1cccc(C(F)(F)F)c1,2.5926923121889778
O=[As](Cl)(Cl)C=CCl,5.047893734060473
CCOP(=S)(OCC)Oc1cc(C)nc(C(C)C)n1,3.085436151322394
NC1CONC1=O,1.7079659700704142
Cc1ccccc1-n1c(C)nc2ccccc2c1=O,2.8421600839332823
CC(C)NP(=O)(F)NC(C)C,3.357408326864864
C=C(O)C(C)=O,1.939317513220308
COC(=O)CF,5.265143421786679
CC1CC(OC(=O)C(O)c2ccccc2)CC(C)(C)C1,1.8449032313531504
ClC1=C(Cl)C2(Cl)C3C4C=CC(C4)C3C1(Cl)C2(Cl)Cl,4.043676585602717
CC1OC(OC2C=C3CCC4C(CCC5(C)C(c6ccc(=O)oc6)CCC45O)C3(C)CC2)C(O)C(O)C1O,4.891667603962207
CC(C)=CCC1C(=O)C(=C(O)CC(C)C)C(=O)C(CC=C(C)C)(CC=C(C)C)C1=O,3.5036712801702423
CCOP(=O)(OCC)OC(=CCl)c1ccc(Cl)cc1Cl,3.4588770605112944
Cc1c(C(C)C)c(=O)n(-c2ccccc2)n1C,2.341125381947766
COc1c2ccoc2cc2oc(=O)ccc12,1.380597109779552
CCC(C)c1cc([N+](=O)[O-])cc([N+](=O)[O-])c1OC(=O)C=C(C)C,3.207253216492745
CC(=CC(=O)O)C(=O)O,1.9839401898947813
CC(Cc1ccc(O)c(O)c1)C(C)Cc1ccc(O)c(O)c1,2.561460607545782
CCOC(=S)SSC(=S)OCC,2.7824941233609586
Cc1cc(O)cc(O)c1,1.8667931600211427
CC1OC(OC2CCC3(C=O)C4CCC5(C)C(C6=CC(=O)OC6)CCC5(O)C4CCC3(O)C2)C(O)C(O)C1O,4.041901695734557
COP(=O)(OC)OC,1.922086616845348
O=C(O)c1ccccc1Nc1cccc(C(F)(F)F)c1,2.482924546898316
COc1ccc(-c2cc(=S)ss2)cc1,1.60273624012182
O=C(CCl)c1ccccc1,2.9905411658853143
CN1CSC(=S)N(C)C1,3.006153044915943
Cc1cc(N(C)C)nc(Cl)n1,4.809714096258136
NC(=S)N=Nc1ccc(NN=C(N)N)cc1,3.472193109782406
CCCCCOC(=O)CCC,1.1219511134906213
N#CS,2.07256603421994
CC(C)=CC(=O)O,1.52338657280296
CCC(=O)CC(C)CC,1.7099988280251883
CC(=O)OCCO,1.4376879918779957
NC(N)=N[N+](=O)[O-],1.5231667874235668
CCOP(=S)(OCC)SCSP(=S)(OCC)OCC,3.9828216690026994
CCOP(=S)(OCC)Oc1ccc2c3c(c(=O)oc2c1)CCCC3,3.265279015931183
O=C(O)O,1.8708732954778489
CCN(CC)CCSSCCN(CC)CC,2.9172822657820814
Cc1ccc(C)nc1,2.112510984014172
CC(C)CC=O,1.4653526000246109
CC[Sn](CC)(CC)CC,3.802790361067572
CCOP(=O)(Oc1ccc([N+](=O)[O-])cc1)SCC,3.959138322235992
CO[N+](=O)[O-],2.147930078335892
ClC1C(Cl)C(Cl)C(Cl)C(Cl)C1Cl,3.35983846891616
Cc1ccccc1N=C=O,2.5222811794469977
O=C1CCCN1,1.1170468224198236
Cc1ccc(N=C=O)cc1,2.2212511837830164
CC(=O)OCC(C)OC(C)=O,1.6705523580533856
Nc1ccc(N)cc1,2.872634426864443
CC(C)OC=O,4.7988774491034265
CCOCCOCC,1.6851394596321552
O=COCCOC=O,2.4811411602011586
COCCOCCOC(C)=O,1.6709345863569065
CC1OC(OC2CC(O)C3(CO)C4C(O)CC5(C)C(C6=CC(=O)OC6)CCC5(O)C4CCC3(O)C2)C(O)C(O)C1O,4.848872302634615
OCC[N+](CCO)(CCO)CCO,1.743056146751601
CCOC(=O)C(C)(C)Oc1ccc(Cl)cc1,2.2778633855278447
CC(=S)Nc1ccccc1,1.9304510816076312
CCOC(=O)C=C(C)C,1.408819768392103
CCCc1ccccc1O,2.4809454614645
Cc1cc(OC(=O)N(C)C)nn1C(=O)N(C)C,3.581346346056705
CN(C)c1nc(N(C)C)nc(N(C)C)n1,2.916268114365702
CCCc1ccc(O)cc1,2.3048542024088183
O=C(O)C(Cl)(Cl)Cl,1.435066248245642
COc1cnc(NS(=O)(=O)c2ccc(N)cc2)nc1,2.049697033389312
CCNCC,0.8864254128207679
NC(=O)OCCCc1ccccc1,2.284901101179213
CN(C)P(=O)(N(C)C)N(C)C,2.049227716635247
C=CC#CC(C)(C)O,2.2638569069898824
O=[N+]([O-])OCCOCCO[N+](=O)[O-],2.479597455628152
FC1(F)C(Cl)=C(Cl)C(F)(F)C1(F)F,2.9419176394541373
CC(C)(C)c1cc([N+](=O)[O-])cc(C(C)(C)C)c1O,2.4971474322510145
Cc1ccc(N(SC(F)(Cl)Cl)S(=O)(=O)N(C)C)cc1,3.1427197547374264
COP(=S)(OC)SCN1C(=O)c2ccccc2C1=O,3.2004783988725705
CCOP(=O)(OCC)OP(=O)(OCC)OP(=O)(OCC)OP(=O)(OCC)OCC,4.500249342873834
NC12CC3CC(CC(C3)C1)C2,2.623401496577217
N#CC(Cl)(Cl)CCl,2.801856293005681
CCC12COP(OC1)OC2,3.9088199934281542
CNC1(C)C2CCC(C2)C1(C)C,2.980447508542118
N=C(N=C(N)N)NCCc1ccccc1,3.640217045635045
CN1CCCN(C(c2ccccc2)c2ccc(Cl)cc2)CC1,2.918484325567123
C=C(C)C(=O)OCCO,1.444174960607168
CO[PH](=O)OC,2.087343591094248
CN1CCCC1=O,1.3527655726733872
CC(=O)O[Sn](c1ccccc1)(c1ccccc1)c1ccccc1,4.289581521019707
CCSCCSP(=O)(OC)OC,3.320884280479852
COP(=O)(OC)Oc1ccc([N+](=O)[O-])cc1,3.4738702217756647
COc1nn(CSP(=S)(OC)OC)c(=O)s1,4.082554163620989
CC(=O)C1(C)CCC2C3C=C(C)C4=CC(=O)CCC4(C)C3CCC21C,2.602707118669973
O=C1NC(=O)C2C3C(C(O)(c4ccccc4)c4ccccn4)=CC(C3=C(c3ccccc3)c3ccccn3)C12,3.0592697394656976
CCC12COP(=O)(OC1)OC2,4.852782430529243
CCCC(CCC)C(=O)O,2.243080211152412
CC(=O)CCCO,1.6550576496810008
CN(C)S(=O)(=O)N(SC(F)(Cl)Cl)c1ccccc1,2.5473214075259545
CC(=O)OC1CC(OC2C(O)CC(OC3C(O)CC(OC4CCC5(C)C(CCC6C5CCC5(C)C(C7=CC(=O)OC7)CCC65O)C4)OC3C)OC2C)OC(C)C1O,4.429745283876336
CNC(=O)CSP(=O)(OC)OC,3.328777015092467
CN(C)C(=N)N=C(N)N,2.412181568545155
CCSC(=O)N(CC)C1CCCCC1,2.129049093064641
CN(C)CCC=C1c2ccccc2CSc2sccc21,2.8007401275596377
COc1cc2c(c3oc(=O)c4c(c13)CCC4=O)C1C=COC1O2,5.193510002844398
C[Si](C)(C)[Si](C)(C)C,0.8644576809129996
CC1CN(N=O)CC(C)O1,2.711728916457115
CN(C)C#N,2.681334184295557
C=Cn1c2ccccc2c2ccccc21,3.2861172552651072
CCOP(=S)(Cl)Cl,2.3778111769637142
CC1=CCN(CCNC(=N)N)CC1,2.2193248911114445
N#CSc1ccc([N+](=O)[O-])cc1[N+](=O)[O-],2.1350555137496268
O=C(CCCN1CCN(c2ccccn2)CC1)c1ccc(F)cc1,3.20973128509624
N#Cc1cc(I)c(O)c(I)c1,3.6884608045029377
N#Cc1cc(Br)c(O)c(Br)c1,3.64300593189975
Nc1cnn(-c2ccccc2)c(=O)c1Cl,2.6528149382067
Clc1cc2c(cc1Cl)Oc1cc(Cl)c(Cl)cc1O2,8.808850798687674
O=C(O)C(F)(F)C(F)(F)C(F)(F)C(F)(F)C(F)(F)C(F)(F)C(F)(F)C(F)(F)C(F)(F)C(F)F,3.0651703422541923
CCOP(=S)(Oc1cccc2cccnc12)c1ccccc1,3.818702168252581
Nc1ncnc2c1ncn2C1(CO)OC(CO)C(O)C1O,1.4731525440711346
COc1c(Cl)ccc(Cl)c1C(=O)O,1.8673476524065613
Nc1c(Cl)c(Cl)nc(C(=O)O)c1Cl,1.9990316289308487
CC(C)(C)c1cc(O)ccc1O,2.323056186683904
O=c1c(Cl)c[nH]c(Cl)c1Cl,3.1836771117968987
CC(C)N=c1cc2n(-c3ccc(Cl)cc3)c3ccccc3nc-2cc1Nc1ccc(Cl)cc1,2.031781998819799
CNC(=O)Oc1cc(C)c(SC)c(C)c1,3.750726258830784
CN1CCN(C2=Nc3ccccc3Sc3ccc(Cl)cc32)CC1,3.3546047168771613
O=c1[nH]c2ccccc2n1C1CCN(CCCC(c2ccc(F)cc2)c2ccc(F)cc2)CC1,3.387762596780322
CCOC(=O)CSP(=O)(OC)OC,3.0279132853685686
COP(=S)(OC)Oc1cc(Cl)c(Br)cc1Cl,2.387389826338729
C=C(C)C(=O)O[Sn](CCCC)(CCCC)CCCC,3.3981032727055176
OCC1(CO)CC=CCC1,1.820455028214625
CN(C)C(=O)Nc1cccc(C(F)(F)F)c1,2.4573865481562502
CCCCCOC(=O)CCCC,0.9991638202875645
NNC(=S)NN,4.112122511122519
COP(=O)(OC)Oc1ccc([N+](=O)[O-])c(C)c1,3.0725310153699747
CC(=O)OCC12CCC(C)=CC1OC1C(O)C(OC(C)=O)C2(C)C12CO2,5.233553544500211
CNC(=O)C(C)SCCSP(=O)(OC)OC,3.528981695980227
CC(=O)Oc1c(C(C)(C)C)cc([N+](=O)[O-])c(C)c1[N+](=O)[O-],3.731338180658343
COP(=S)(Cl)Cl,2.999949987452821
CCOP(=S)(Cl)OCC,2.367093511606318
COP(=S)(OC)SCC(=O)N(C)C=O,3.2343029516929827
CCOC(=O)N(C)C(=O)CSP(=S)(OCC)OCC,3.704783868569335
OCCOCCOCCOCCOCCOCCO,1.1497316472023895
CCS(=O)CC(C)SP(=O)(OC)OC,3.06332001252232
O=[N+]([O-])N1CN([N+](=O)[O-])CN([N+](=O)[O-])CN([N+](=O)[O-])C1,2.994399280975838
N#CC(C#N)=Cc1ccccc1Cl,2.9492449720826754
CS(=O)(=O)C(Cl)=CCl,3.64106738874941
O=C(O)COc1ccc(Cl)cc1Cl,2.563687011982835
C=CCOC(=O)CCC1CCCCC1,2.713114578401215
CN(C)CCN1C(=O)c2ccccc2Nc2cc(Cl)ccc21,3.081116335197767
c1cc[n+]2c(c1)-c1cccc[n+]1CC2,3.265388639373507
COc1coc(CSP(=O)(OC)OC)cc1=O,3.669375774468158
O=c1[nH]nc(-c2ccncc2)o1,2.367451769438897
O=S(=O)(Cl)c1ccccc1Cl,1.4599133714933907
CCOP(=S)(OCC)Oc1nc(Cl)c(Cl)cc1Cl,2.8423702267084114
CCOC(=O)CN=C=O,2.207886712585135
Cc1[nH]c(C)c(Cl)c(=O)c1Cl,1.3803130175544112
CSc1ccc(O)cc1C,1.6441120776443234
C1CCC(NC2CCCCC2)CC1,2.7143848515242825
N#CC1SC2=C(SC1C#N)C(=O)c1ccccc1C2=O,3.433330445703389
O=C(O)CCCCC(=O)O,1.3387002438078952
O=C(O)c1c(Cl)ccc(Cl)c1O,2.060723016115591
ClC(Cl)=C1C(Cl)(Cl)C(Cl)=C(Cl)C1(Cl)Cl,2.2610370440794667
CC1CCCCN1CCCOC(=O)c1ccc(Cl)c(Cl)c1,2.32572480312051
Cn1c(=O)c2[nH]cnc2n(C)c1=O,2.993224157343548
O=C(O)CCl,2.9797828265664554
C=COC(=O)CCCCC(=O)OC=C,1.663674634255454
ClC=CC[N+]12CN3CN(CN(C3)C1)C2,2.4826079034369117
c1ccc2c(c1)Nc1ccccc1[As]2O[As]1c2ccccc2Nc2ccccc21,3.8127093942638295
CC(N)=NP(=S)(Oc1ccc(Cl)cc1)Oc1ccc(Cl)cc1,4.273252511119107
O=S(=O)(O)c1cc(Nc2nc(Nc3ccccc3)nc(N(CCO)CCO)n2)ccc1C=Cc1ccc(Nc2nc(Nc3ccccc3)nc(N(CCO)CCO)n2)cc1S(=O)(=O)O,3.564429326997983
Nc1ccc(OP(=O)(Oc2ccc(N)cc2)Oc2ccc(N)cc2)cc1,2.96770355493849
O=C(OCCF)C(c1ccccc1)c1ccccc1,5.567012915095724
C=[N+](C)O.CC=C1c2ccccc2CCc2ccccc21,2.9292501296411757
CCC1C2CC3C4N(C)c5ccccc5C45CC(C2C5O)N3C1O,3.383469600688888
O=C1NCC2(CCN(CCc3ccccc3)CC2)O1,3.0005625479674327
CCOP(=S)(OCC)N1C(=O)c2ccccc2C1=O,1.7232728728946192
Clc1ccc(CCc2ccc(Cl)cc2)cc1,1.9228223029929703
CCCCc1c(C)[nH]c(N(C)C)nc1=O,2.62178469886071
CCCC(O)CO,1.301651760734737
CC(=O)OC1C(O)CC(OC2C(O)CC(OC3C(O)CC(OC4CCC5(C)C(CCC6C5CC(O)C5(C)C(C7=CC(=O)OC7)CCC65O)C4)OC3C)OC2C)OC1C,5.535181205682362
O=C(O)CS,2.8639786697061207
CC(=O)OC1CC(OC2C(O)CC(OC3C(O)CC(OC4CCC5(C)C(CCC6C5CC(O)C5(C)C(C7=CC(=O)OC7)CCC65O)C4)OC3C)OC2C)OC(C)C1O,5.396878507516081
COP(=S)(OC)Oc1nc(Cl)c(Cl)cc1Cl,2.156397024035488
CC(C1=C(CCN(C)C)Cc2ccccc21)c1ccccn1,2.517603017946812
Cc1[nH]oc(=O)c1N=Nc1ccccc1Cl,4.2790204957445495
CN1CCN(C2=Nc3cc(Cl)ccc3Nc3ccccc32)CC1,2.806753066653593
CN(C)c1ccc(O)cc1,2.1236174329314657
O=C(CCl)Oc1cc(Cl)c(Cl)cc1Cl,2.4376395975003704
CN(C(=O)CF)c1cccc2ccccc12,5.637975787181227
CCCCOCCCOC(=O)CCOc1cc(Cl)c(Cl)cc1Cl,2.885020663001344
Cc1ccccc1OCC(COC(O)C(Cl)(Cl)Cl)OC(O)C(Cl)(Cl)Cl,2.700790221374347
O=P(CCCl)(OCCCl)OCCCl,2.189996629190348
COc1ccc(C(=O)Nc2ccc(C=Cc3ccc(NC(=O)c4ccc(OC)cc4OC)cc3S(=O)(=O)O)c(S(=O)(=O)O)c2)c(OC)c1,2.2422481556788387
C=C(C)C1CC=C(C)C(=O)C1,2.2925018790582925
CN(CCOP(=O)(O)O)C(=N)N,1.5957849206552746
O=C1C=Cc2cc(Br)ccc2C1=O,2.4206011143595005
CN(C)CCN(Cc1cccs1)c1ccccc1,2.461408477126843
CC(=O)OC1CC(OC2C(C)OC(OC3C(C)OC(OC4CCC5(C)C(CCC6C5CCC5(C)C(C7=CC(=O)OC7)C(OC(C)=O)CC65O)C4)CC3OC(C)=O)CC2OC(C)=O)OC(C)C1OC(C)=O,5.996132374491756
CC(=O)OC1CC2(O)C3CCC4CC(OC5CC(O)C(OC6CC(O)C(OC7CC(O)C(O)C(C)O7)C(C)O6)C(C)O5)CCC4(C)C3CCC2(C)C1C1=CC(=O)OC1,5.517452438721931
CC(=O)OC1CC(OC2C(C)OC(OC3CCC4(C)C(CCC5C4CCC4(C)C(C6=CC(=O)OC6)C(OC(C)=O)CC54O)C3)CC2OC2CC(O)C(O)C(C)O2)OC(C)C1OC(C)=O,5.92020951768294
CC(=O)OC1CC(OC2C(O)CC(OC3C(O)CC(OC4CCC5(C)C(CCC6C5CCC5(C)C(C7=CC(=O)OC7)C(O)CC65O)C4)OC3C)OC2C)OC(C)C1O,4.614362451729988
CC(C)(C)N,3.1651790137735967
CC(C)CCCC(C)NN,3.680585453215028
S=C(S)NCCNC(=S)S,1.946922823206972
CCC(C)C(=O)O,1.611226080156364
CC1OC(OC2C(C)OC(OC3C(C)OC(OC4CCC5(C)C(CCC6C5CCC5(C)C(C7=CC(=O)OC7)C(OC=O)CC65O)C4)CC3OC=O)CC2OC=O)CC(OC=O)C1OC=O,5.867349145641867
COc1ccc(Cl)cc1C(=O)NCCc1ccc(S(=O)(=O)NC(=O)NC2CCCCC2)cc1,1.5176471185197449
COP(N)(=O)SC,3.672504241300909
CCOP(=O)(CCCl)OCC,2.140967256382793
CC(C)=CC1C(C(=O)O)C1(C)C,1.8279789252895176
COC(=O)Nc1nc2ccccc2[nH]1,1.6634170764874356
CC=C(C)C(=O)OC1C(OC(C)=O)C2(CO)C(O)CC3(C)C(=CCC4C5(C)CCC(OC6OC(C(=O)O)C(OC7OC(CO)C(O)C(O)C7O)C(O)C6OC6OC(CO)C(O)C(O)C6O)C(C)(CO)C5CCC43C)C2CC1(C)C,3.5781401569354943
O[Sn](C1CCCCC1)(C1CCCCC1)C1CCCCC1,2.6935691261380907
CCCCCCCCCCCCCCCCCCNC(C)C,2.515871056190012
CCOP(=S)(OCC)Oc1cnc2ccccc2n1,3.076719068244435
OCCN(CCO)c1nc(N2CCCCC2)c2nc(N(CCO)CCO)ncc2n1,2.147678384945495
COC(=O)Nc1cccc(OC(=O)Nc2cccc(C)c2)c1,1.875515587228072
CC(CN1c2ccccc2S(=O)(=O)c2ccccc21)N(C)C,3.148089643163745
CN1c2ccccc2Sc2ccc(CC(=O)O)cc21,3.081332903104819
O=S(=O)(O[Hg]c1ccccc1)c1cc2ccccc2cc1Cc1cc2ccccc2cc1S(=O)(=O)O[Hg]c1ccccc1,4.14695285460085
CC(C)=CC1C(C(=O)Cl)C1(C)C,2.7659524666911066
COC(=O)C(Cl)Cc1ccc(Cl)cc1,2.6685610902895416
OCCCC(O)CO,1.6173185479759349
Cc1cc(C)n(CCO)c(=O)n1,1.0704796258245126
CCOP(=S)(OCC)ON=C(C#N)c1ccccc1,2.696507826532829
C[N+](O)=NCOC1OC(CO)C(O)C(O)C1O,4.102486874341848
CCC(=O)n1c(=O)n(C2CCN(CCC(C#N)(c3ccccc3)c3ccccc3)CC2)c2ccccc21,3.911477746064043
O=C(Nc1ccccc1)c1ccccc1I,1.703201338679574
CC1CCC2(O)C3(C)CC4(O)OC2(C1O)C1(O)C3(O)C(OC(=O)c2ccc[nH]2)C(O)(C(C)C)C41C,2.295393787384536
O=C1CCC2(O)C3Cc4ccc(O)c5c4C2(CCN3CC2CC2)C1O5,2.360086152965759
ClCC(Cl)(Cl)C(Cl)Cl,2.5869126625333947
COc1cccc(C(=O)CCNC(C)C(O)c2ccccc2)c1,2.964615917816284
CCS(=O)(=O)CCSP(=O)(OC)OC,3.3395988312774803
CCOP(=O)(Sc1ccccc1)Sc1ccccc1,2.94782568444245
C1COCCOCCOCCOCCOCCO1,3.651274727859184
CC(=O)OC1CC(OC2C(O)CC(OC3C(O)CC(OC4CCC5(C)C(CCC6C5CCC5(C)C(C7=CC(=O)OC7)CCC65O)C4)OC3C)OC2C)OC(C)C1OC1OC(CO)C(O)C(O)C1O,3.986381141367018
CC(=O)OC1CC(OC2C(O)CC(OC3C(O)CC(OC4CCC5(C)C(CCC6C5CC(O)C5(C)C(C7=CC(=O)OC7)CCC65O)C4)OC3C)OC2C)OC(C)C1OC1OC(CO)C(O)C(O)C1O,3.993492222217209
OCC(O)CN1CCN(c2ccccc2)CC1,1.959689676697304
CCCC(=O)N1CCN(CC=Cc2ccccc2)CC1,2.59009630842886
O=S(=O)(O)c1cc(Nc2nc(Cl)nc(Cl)n2)c2c(O)c(N=Nc3ccccc3)c(S(=O)(=O)O)cc2c1,2.4347057399798464
CC(C)OC(=O)C(O)(c1ccc(Br)cc1)c1ccc(Br)cc1,2.1544442620348767
O=C1CSc2ncccc2N1,2.195338219404421
Cc1cccc(C)c1C(OCCN(C)C)c1c(C)cccc1C,3.4934148285268143
COc1cc(CC2NCCc3cc(O)c(O)cc32)cc(OC)c1OC,2.1620285517721154
CNC(=O)N(C)c1nc2ccccc2s1,1.947011967216285
CC(=O)Nc1ccc(CC(=O)O)cc1,1.642558941372107
O=C1C(Cl)=C(Cl)C(=O)C1=C(Cl)Cl,2.399490063553551
CCCCN1CCCC1C(=O)Nc1c(C)cc(C)cc1C,1.6618808987745608
Clc1cc2c(c(Cl)c1Cl)Oc1c(cc(Cl)c(Cl)c1Cl)O2,6.81387442178478
N=C(N)N/N=C(\c1ccc(F)cc1)c1ccc(C(F)(F)F)cc1,3.390347572395008
COc1ccc2c(c1)c(CC(=O)O)c(C)n2C(=O)C=Cc1ccccc1,2.810911738864696
CC(=O)OC1CC(OC2CC(OC3CCC4(C)C(CCC5C4CCC4(C)C(C6=CC(=O)OC6)C(O)CC54O)C3)OC(C)C2OC2CC(O)C(O)C(C)O2)OC(C)C1O,4.313332456066006
CCN(CCO)CCn1c(Cc2ccccc2)nc2c1c(=O)n(C)c(=O)n2C,3.3685043862917228
NCCCCCNCCSP(=O)(O)O,2.4812293705269157
CC1OC(OC2C(O)CC(OC3C(O)CC(OC4CCC5(C)C(CCC6C5CC(O)C5(C)C(C7=CC(=O)OC7)CCC65O)C4)OC3C)OC2C)CC(O)C1O,5.348554628782103
O=CNC(Nc1ccc(Cl)c(Cl)c1)C(Cl)(Cl)Cl,3.1289585795685686
CCN1CCCC(Nc2cc(C)nc(NC(=N)Nc3ccc(Cl)c(Cl)c3)n2)C1,3.2090463868758423
CSc1nnc(C(C)(C)C)c(=O)n1N,2.9330700027647025
COc1ccccc1C=C(C(=O)O)c1ccccc1,2.4053207423646032
CC(=O)OCC12CC(OC(=O)CC(C)C)C(C)=CC1OC1C(O)C(OC(C)=O)C2(C)C12CO2,5.668876783370168
COc1ccccc1OC1CCN(CCCC(=O)c2ccc(F)cc2)C1,3.005410220460401
CCOP(=S)(OCC)Oc1cc(Cl)c(SC)cc1Cl,3.7943822665935274
COc1ccc2cc(C(C)C(=O)O)ccc2c1,2.5394025133003657
CCOC(=O)C(C)N(C(=O)c1ccccc1)c1ccc(Cl)c(Cl)c1,2.3876792595263185
COP(=O)(OC)OC(=CCl)c1cc(Cl)c(Cl)cc1Cl,2.3593183831474644
CN1C(=O)CC(=O)N(c2ccccc2)c2cc(Cl)ccc21,3.4407719178203515
O=C(c1ccccc1)c1cccc(NS(=O)(=O)C(F)F)c1,2.6358591799654665
CNC(=O)Oc1cccc2c1OC(C)(C)O2,3.8046806238848783
Clc1ccc(COC(Cn2ccnc2)c2ccc(Cl)cc2Cl)c(Cl)c1,3.1783251626092968
CNC(=O)ON=C(SC)C(=O)N(C)C,4.49587325396534
CCN1CCC(=C(c2ccccc2)c2ccccc2)C1,3.1978729178427763
CCOP(=S)(OCC)Oc1cc(C)nc(N(CC)CC)n1,3.823987775348112
CCOP(=O)(O)CCCl,1.9816374246557689
COC(=O)NC(=S)Nc1ccccc1NC(=S)NC(=O)OC,1.973434909115484
CCOC(=O)NC(=S)Nc1ccccc1NC(=S)NC(=O)OCC,1.5687366331197503
Nc1c(Br)cc(Br)cc1CNC1CCC(O)CC1,2.505733858945857
Clc1ccc(COC(Cn2ccnc2)c2ccc(Cl)cc2Cl)cc1,3.1471418778648355
CCOC(=O)N(c1cccc(C(=O)c2ccccc2)c1)S(=O)(=O)C(F)(F)F,2.9650469951740863
CN(CC(=O)N1CCOCC1)Cc1c(Cl)cccc1NC(=O)c1ccccc1,2.27921202547129
CCOC(=O)C1=C(O)c2ccccc2S(=O)(=O)N1C,1.7279783697740336
CCOP(=S)(OCC)SCCl,4.2244035577648384
CN(C)CCC(c1ccccc1)c1ccccn1,2.938364357400217
C=CC[N+](C)(C)CC=C,1.5892551370589194
CC(C)OP(=O)(OC(C)C)SCc1ccccc1,2.836669159209827
Cc1ccccc1OP(=O)(Oc1ccccc1)Oc1ccccc1,2.3277611091776427
ClC(Cl)(Cl)CCC(Cl)(Cl)Cl,2.449780286547067
CC1Cc2ccccc2N1NC(=O)c1ccc(Cl)c(S(N)(=O)=O)c1,2.086172307878279
OC1(c2ccc(Cl)c(C(F)(F)F)c2)CCN(CCCC(c2ccc(F)cc2)c2ccc(F)cc2)CC1,3.7650663991987496
CC(=O)OCC12CC(OC(=O)CC(C)C)C(C)=CC1OC1C(O)C(O)C2(C)C12CO2,5.928897459393602
NNc1ccc(N(CCO)CCO)nn1,3.054712861230888
O=C(O)c1cccc(Cc2cccc(C(=O)O)c2O)c1O,2.216738800510542
CC(C)NC(C)Cn1cnc2c1c(=O)n(C)c(=O)n2C,2.8146955786183048
CCC(C)(C)c1ccc(OCCCCCCN2CCN(c3ccc(C)cc3Cl)CC2)cc1,1.9610431171656584
CC(C)NCC(O)c1ccc(O)c(NS(C)(=O)=O)c1,3.847164714679375
CCN(CC)c1nc(C)cc(OP(=S)(OC)OC)n1,2.484783701256938
CC(=O)OC1CC(OC2C(C)OC(OC3C(C)OC(OC4CCC5(C)C(CCC6C5CCC5(C)C(C7=CC(=O)OC7)C(O)CC65O)C4)CC3OC(C)=O)CC2OC(C)=O)OC(C)C1OC(C)=O,5.977310600637991
CC(=O)OC1CC2(O)C3CCC4CC(OC5CC(OC6CC(O)C(O)C(C)O6)C(OC6CC(O)C(O)C(C)O6)C(C)O5)CCC4(C)C3CCC2(C)C1C1=CC(=O)OC1,4.313332456066006
CC(C)OP(O)(=S)OC(C)C,1.1210649765454066
CCSCc1ccccc1OC(=O)NC,3.2997078066753263
COC1C(O)CC(OC2C(O)CC(OC3C(O)CC(OC4CCC5(C)C(CCC6C5CC(O)C5(C)C(C7=CC(=O)OC7)CCC65O)C4)OC3C)OC2C)OC1C,5.578134722947836
COc1cc(C(=O)NC2CCCNC2)cc(OC)c1OC,2.6300164248440705
CC(C)Cc1ccc(C(C)C(=O)O)cc1,2.6198624504934336
ClCC(Cl)C(Cl)C(Cl)Cl,2.216258295538528
COC(=O)Nc1nc2ccc(C(=O)c3ccc(F)cc3)cc2[nH]1,2.087703794927049
COC(=O)Nc1nc2ccc(C(=O)c3ccccc3)cc2[nH]1,2.3630505359291125
CC(=O)OC1CC(OC2C(C)OC(OC3C(O)CC(OC4CCC5(C)C(CCC6C5CC(O)C5(C)C(C7=CC(=O)OC7)CCC65O)C4)OC3C)CC2OC(C)=O)OC(C)C1O,5.283815141250496
CC(C(=O)O)c1ccc(N2CC=CC2)c(Cl)c1,3.1153483367450767
Cc1ccc(N=CN(C)C=Nc2ccc(C)cc2C)c(C)c1,2.865420840666317
Clc1ccc2c(c1)Oc1cc(Cl)c(Cl)cc1O2,3.990334323499805
CCOC(=O)C(C)Nc1ccc(Cl)c(Cl)c1,2.272398632455404
Nc1ccccc1,2.367024948287395
CCC1CC2CCC(O2)C(C)C(=O)OC(CC)CC2CCC(O2)C(C)C(=O)OC(CC)CC2CCC(O2)C(C)C(=O)OC(CC)CC2CCC(O2)C(C)C(=O)O1,2.59826947854423
CC1=CC2OC3C(O)C(O)C(C)(C2(CO)CC1OC(=O)CC(C)C)C31CO1,4.980518080593535
CC1=CC2OC3C(O)C(O)C(C)(C2(CO)CC1O)C31CO1,4.872644215487665
O=C(O)C1CCc2cc(C3CCCCC3)c(Cl)cc21,2.8432000645843214
CCCC(=O)CNC(=O)Oc1cc(C)cc(C(C)C)c1,3.0451100831916222
CCSP(=O)(CCl)SCC,2.9896226079552526
Clc1cc2cc(Cl)c(Cl)cc2cc1Cl,4.947685271859718
CC(C)(C)NCC(O)c1ccc(O)c(NC(N)=O)c1,2.117415906395431
O=c1c2ccccc2n(-c2cccc(C(F)(F)F)c2)c(=O)n1CCO,3.039285199854635
CC(C)N(Cc1ccccc1)C(=O)C(C)(C)C,2.06159208321643
NC(=O)OCC1N=C(N)N2CCC(O)(O)C23NC(N)=NC13,6.345759888842661
Clc1cc2c(c(Cl)c1Cl)Oc1c(Cl)c(Cl)c(Cl)c(Cl)c1O2,5.850553322570166
Cc1ccc2c(c1)C13CCCCC1C(C2)N(C)CC3,2.684595472551588
CN1C(C(=O)Nc2ccccn2)=C(O)c2ccccc2S1(=O)=O,2.93145918136112
CCC(C)N(C(=O)SCc1ccccc1)C(C)CC,1.4463025598447168
Clc1cc(Cl)c2c(c1Cl)Cc1c(Cl)c(Cl)cc(Cl)c1O2,4.492918996244852
Clc1ccc2c(c1)Oc1cc(Cl)ccc1O2,2.9261434351586426
Clc1cc2c(cc1Cl)Oc1c(Cl)c(Cl)c(Cl)c(Cl)c1O2,6.731687665597431
NC(=S)NNCNNC(N)=S,3.78329823466004
Clc1cc(-c2cc(Cl)c(Cl)c(Cl)c2Cl)cc(Cl)c1Cl,5.119835222033056
Nc1cc2c(S(=O)(=O)O)cccc2c(S(=O)(=O)O)c1N,0.8796310074278947
Clc1cc2c(cc1Cl)Oc1c(cc(Cl)c(Cl)c1Cl)O2,8.060599153537337
CCC1C2CC3C4N(C)c5ccccc5C45CC(C2C5OC(=O)CCl)N3C1O,2.8270697306253707
CC(C(=O)O)c1ccc(C(=O)c2cccs2)cc1,2.9683394942746824
c1ncn([Sn](C2CCCCC2)(C2CCCCC2)C2CCCCC2)n1,3.2230770129453967
COc1ccc2c(oc3ccccc32)c1CN1CCCC1,7.449254637468026
C=CC1(C)OC(=O)N(c2cc(Cl)cc(Cl)c2)C1=O,1.5534491220331348
CC(C)OC(=O)C(C(=O)OC(C)C)=C1SCCS1,2.4544054131999284
CC(C)(C)c1ccc(C(O)CCCN2CCC(C(O)(c3ccccc3)c3ccccc3)CC2)cc1,2.3726220698528477
O=c1[nH]c2c(Cl)c(Cl)c(Cl)cc2o1,2.714652244162548
Clc1cc2oc3cc(Cl)c(Cl)cc3c2cc1Cl,7.786715939120752
CN(C)c1nc(=O)n(C2CCCCC2)c(=O)n1C,2.4674497823173285
CC(=O)OC1CC2(O)C3CCC4CC(OC5CC(OC6CC(O)C(O)C(C)O6)C(OC6CC(O)C(OC(C)=O)C(C)O6)C(C)O5)CCC4(C)C3CCC2(C)C1C1=CC(=O)OC1,5.857846408978214
O=S(=O)(O)c1cc(-n2ncc(-c3ccccc3)n2)ccc1C=Cc1ccc(-n2ncc(-c3ccccc3)n2)cc1S(=O)(=O)O,2.0980730583755194
CC1(C)C(C=C(Cl)Cl)C1C(=O)OC(C#N)c1cccc(Oc2ccccc2)c1,2.9204405794298887
CC1(C)C(C=C(Cl)Cl)C1C(=O)OCc1cccc(Oc2ccccc2)c1,1.9904431972656147
CC(=O)C1(O)Cc2c(O)c3c(c(O)c2C(OC2CC(N)C(O)C(C)O2)C1)C(=O)c1c(O)cccc1C3=O,5.233418347459194
COc1ccc2c(c1)c(CC(=O)OCC(=O)O)c(C)n2C(=O)c1ccc(Cl)cc1,3.331113043907918
CN(C)C(=O)C(CCN1CCC(O)(c2ccc(Cl)cc2)CC1)(c1ccccc1)c1ccccc1,4.058780251490068
O=c1[nH]c2cc(Cl)ccc2n1C1CCN(CCCC(c2ccc(F)cc2)c2ccc(F)cc2)CC1,3.598572539074972
Cc1ccc(=O)n(-c2ccccc2)c1,2.359216929255563
CCCC(C)CCOC(=O)c1ccccc1C(=O)OCCC(C)CCC,1.0090916382241046
ClCc1cccc(Oc2ccccc2)c1,2.2429050101157477
O=P(O)(O)CN(CC(O)CN(CP(=O)(O)O)CP(=O)(O)O)CP(=O)(O)O,2.088742091940052
O=C(O)COc1nc(Cl)c(Cl)cc1Cl,2.9176782646612867
O=C1C(=C(Cl)Cl)C(=O)C2(Cl)C3C=CC(C3)C12Cl,2.452732676517067
NS(=O)(=O)c1cc(C(=O)O)cc(N2CCCC2)c1Oc1ccccc1,3.5907136290601485
CC(OC(=O)c1cccnc1)c1nc2c(c(=O)n(C)c(=O)n2C)n1C,2.8922755210359017
O=c1oc2ccccc2c(O)c1C1CC(c2ccc(-c3ccccc3)cc2)Cc2ccccc21,3.948931071194755
O=c1oc2ccccc2c(O)c1C1CC(c2ccc(-c3ccc(Br)cc3)cc2)Cc2ccccc21,5.271697260091336
CCCn1c(=O)c2c(ncn2CCCCC(C)O)n(C)c1=O,2.6471042161220915
CC(C)(C)c1ccc(OCC(O)COc2ccc(C(=O)O)cc2)cc1,3.031921991495621
CCCCCCCN(CCCCCCC)CC(O)c1cc2ccccc2c2cc(Br)ccc12,1.7097582676469416
CC(C(=O)O)c1cccc(C(=O)c2ccccc2)c1,2.2913773900577667
Clc1cc2c(c(Cl)c1Cl)Oc1cc(Cl)c(Cl)c(Cl)c1O2,6.746927632154168
O=[N+]([O-])c1cc([N+](=O)[O-])c(Nc2c(Br)cc(Br)cc2Br)c(C(F)(F)F)c1,4.876145452145453
OC(c1ccccc1)(c1ccccc1)C1CN2CCC1CC2,2.532976460141031
CCNC(=O)NC(=O)C(C#N)=NOC,2.257253652733151
Cc1ccc2c(c1)C1(C)CCC(=O)C(NC(=O)CCN3CCN(C)CC3)C1O2,2.417241374575532
Cc1ccc2c(c1)C1(C)CCC(=O)C(NC(=O)CN3CCN(C)CC3)C1O2,2.6668466189749784
Cc1ccc2c(c1)C1(C)CCC(=O)C(NC(=O)CN3CCCC3)C1O2,2.6314932331494507
CCN(CC(=O)NC1C(=O)CCC2(C)c3cc(C)ccc3OC12)Cc1ccccc1,2.609088326794623
Cc1ccc2c(c1)C1(C)CCC(=O)C(NC(=O)CCN(C)C)C1O2,2.8201068373700067
Cc1ccc2c(c1)C1(C)CCC(=O)C(NC(=O)CCN3CCCC3)C1O2,2.7738668624394185
Cc1ccc2c(c1)C1(C)CCC(=O)C(NC(=O)CCN3CCCCC3)C1O2,2.966720015616015
CCOC(=O)N1CCN(CCC(=O)NC2C(=O)CCC3(C)c4cc(C)ccc4OC23)CC1,2.646936708743526
Cc1ccc2c(c1)C1(C)CCC(=O)C(NC(=O)CCN3CCN(Cc4ccccc4)CC3)C1O2,2.664271445186575
Cc1ccc2c(c1)C1(C)CCC(=O)C(NC(=O)CCN(C)CCN(C)C)C1O2,2.588298604248265
CN1CCCC(n2nc(Cc3ccc(Cl)cc3)c3ccccc3c2=O)CC1,3.4815870735425114
Clc1cc2c(cc1Cl)Oc1c(Cl)c(Cl)cc(Cl)c1O2,5.500808324924229
NCCCNCCSP(=O)(O)O,2.528100480755882
O=C(NNC1OC(C(=O)O)C(O)C(O)C1O)c1ccncc1,2.242575256412724
CSC(C)=NOC(=O)N(C)SN(C)C(=O)ON=C(C)SC,3.345470529206565
CCOP(=O)(O)C(N)=O,1.3168450691401887
CCOC(=O)CC(C)(C)C(Cl)C=C(Cl)Cl,1.8807929564533103
CC(C)OC(=O)C(C(=O)OC(C)C)=C1SC=CS1,2.137554144625785
O=c1[nH]c2ccccc2n1CCCN1CCN(C(c2ccccc2)c2ccccc2)CC1,3.1248342219236647
Clc1cc2c(oc3c(Cl)c(Cl)c(Cl)cc32)c(Cl)c1Cl,6.49469364751757
COc1ccc(CNc2cc(C(O)CNC(C)(C)C)ccc2O)cc1,2.623318640831752
CCNC1CCCCC1,2.502532949297729
CCOC(=O)C(SP(=S)(OC)OC)c1ccccc1,2.929313202222416
O=C(NN=C1SCCS1)c1ccccc1,2.793992694514968
CC(C)(Oc1ccc(Cl)cc1)C(=O)NC(=O)NCN1CCOCC1,2.2151735185606616
CCC(C)Cn1c(=O)n(C)c(=O)c2[nH]c(C)nc21,4.062004585937454
CC(=O)OCC12CC(OC(C)=O)C(C)=CC1OC1C(O)C(OC(C)=O)C2(C)C12CO2,5.928852440788617
CC(=O)N1CCN(c2ccc(OCC3COC(Cn4ccnc4)(c4ccc(Cl)cc4Cl)O3)cc2)CC1,3.4750342371245986
CC(C(O)c1ccccc1)N(C)CCC#N,2.259872489661514
CC1(C)C(C=C(Cl)C(F)(F)F)C1C(=O)OC(C#N)c1cccc(Oc2ccccc2)c1,1.9541035129644937
CCOC(=O)CNc1nc(Cl)nc(NC(C)C)n1,2.504332055905659
CCNc1nc(Cl)nc(NCC(=O)O)n1,1.8365454036626263
COc1ccc(CCN2CCC(Nc3nc4ccccc4n3Cc3ccc(F)cc3)CC2)cc1,2.691534413263001
CN1C(=O)C(c2cc(Cl)c(O)c(Cl)c2)NC(=O)C2NC(=O)C(c3cc(Cl)c(O)c(Cl)c3)NC(=O)C(NC(=O)C(=O)c3cc(Cl)c(O)c(Cl)c3)Cc3c[nH]c4cc(ccc34)-c3cc2cc(c3O)Oc2ccc(cc2)CC1C(=O)NC(C(=O)O)c1ccc(O)cc1,2.822424067598276
CCCCOC(=O)C(C)Oc1ccc(Oc2ccc(C(F)(F)F)cn2)cc1,2.158895256168353
Brc1cc2cc(Br)c(Br)cc2cc1Br,6.333278975157743
CCCCC(CC)COS(=O)(=O)O,2.5099155903267563
COc1cc(S(C)=O)ccc1-c1nc2ncccc2[nH]1,3.0604621244347183
COc1cccc(C2(O)CCCCC2CN(C)C)c1,2.491165516541012
CCOC(=O)OC12CCC(C3=CC(=O)OC3)C1(C)C(O)CC1C2CCC2CC(OC3CC(OC4CC(O)C(O)C(C)O4)C(OC4CC(O)C(O)C(C)O4)C(C)O3)CCC21C,5.386887096427008
CCC(=O)OC12CCC(C3=CC(=O)OC3)C1(C)C(O)CC1C2CCC2CC(OC3CC(OC4CC(O)C(O)C(C)O4)C(OC4CC(O)C(O)C(C)O4)C(C)O3)CCC21C,4.922732203255412
Brc1cc2c(Br)c(Br)c(Br)c(Br)c2cc1Br,6.221764529224272
Brc1cc2c(Br)cc(Br)c(Br)c2cc1Br,6.417184282843417
CC(C)(C)C(O)C(Cc1ccc(Cl)cc1Cl)n1cncn1,1.9141354819140155
Fc1cc(-c2cc(F)c(Cl)c(F)c2)cc(F)c1Cl,4.99279202711862
O=C1c2cc(Cl)c(Cl)cc2-c2cc(Cl)c(Cl)cc21,6.502407999680691
OC(Cn1cncn1)(c1ccc(F)cc1)c1ccccc1F,3.1779633703623165
O=[N+]([O-])c1ccc(C(O)C2COC(C(Cl)Cl)=N2)cc1,2.484466405611963
CC(C)(C)C(O)C(Cc1ccc(Cl)cc1)n1cncn1,2.8659888437208285
CCCCCCCCCCCCCN1CC(C)OC(C)C1,2.473526383237481
CCC(C)n1ncn(-c2ccc(N3CCN(c4ccc(OCC5COC(Cn6cncn6)(c6ccc(Cl)cc6Cl)O5)cc4)CC3)cc2)c1=O,3.6444675168500154
Clc1cc2c(Cl)c(Cl)c(Cl)cc2c(Cl)c1Cl,4.967335319403759
CCCCCCCCOP(=O)(O)OCCC(Cl)Cl,1.5067498459490472
CCOC(=O)c1c(CSc2ccccc2)n(C)c2cc(Br)c(O)c(CN(C)C)c12,2.2017829923883974
CCCCNC(=N)N=C(N)N,3.433082560704075
N#Cc1c(Cl)cccc1Cl,2.4024166831070497
CNCCCC1c2ccccc2C=Cc2ccccc21,3.165316883887054
CN1CCC(CN2c3ccccc3Sc3ccccc32)C1,3.0519795910691645
CC(=O)OC1C(O)CC(OC2C(O)CC(OC3C(O)CC(OC4CCC5(C)C(CCC6C5CCC5(C)C(C7=CC(=O)OC7)CCC65O)C4)OC3C)OC2C)OC1C,4.605836542932018
O=CC1CC=CCC1,1.7989701086872316
CCCCCCC1C(=O)OC(C)C(NC(=O)c2cccc(NC=O)c2O)C(=O)OC(C)C1OC(=O)CC(C)C,5.484009421546304
CCC(C)C(N)C1=NC(C(=O)NC(CC(C)C)C(=O)NC(CCC(=O)O)C(=O)NC(C(=O)NC2CCCCNC(=O)C(CC(N)=O)NC(=O)C(CC(=O)O)NC(=O)C(Cc3cnc[nH]3)NC(=O)C(Cc3ccccc3)NC(=O)C(C(C)CC)NC(=O)C(CCCN)NC2=O)C(C)CC)CS1,2.8520894410188964
COc1ccc2c3c1OC1C(O)C=CC4C(C2)N(C)CCC341,2.6606305290212835
CC(C)N(C(=O)SCC(Cl)=CCl)C(C)C,2.808476235116368
CCOP(=S)(OCC)SCn1c(=O)oc2cc(Cl)ccc21,3.389539358071972
Cc1cc([N+](=O)[O-])cc([N+](=O)[O-])c1O,3.9060239002139694
Cc1cccc(N(C)C(=S)Oc2ccc3ccccc3c2)c1,1.885669301477305
Cc1ccc(O)c(C(C)(C)C)c1,2.143618082680627
CCOC(=O)CSP(=O)(OCC)OCC,3.964636025892391
Cc1ccc2nc3sc(=O)sc3nc2c1,2.1936902973570733
CN(C)C(=S)S,1.8583008234364475
CC1OC(OC2C(O)CC(OC3C(O)CC(OC4CCC5(C)C(CCC6C5CCC5(C)C(C7=CC(=O)OC7)C(OC=O)CC65O)C4)OC3C)OC2C)CC(O)C1O,5.764911710820504
CCCCC(CC)CCC(CCC(CC)CC)S(=O)(=O)O,2.8774919476558813
CC(C)(C#N)C(C)(C)C#N,3.891132681538481
Cc1cc(Cl)ccc1OCC(=O)O,2.4572783508175786
O=C(NN=CC(O)C1OC(=O)C(O)C1O)c1ccncc1,2.413286525884715
CCOP(=O)(OCC)SCC(=O)NC(C)(C)C#N,4.354866093291153
CC1OC(OC2C(O)CC(OC3C(O)CC(OC4CCC5(C)C(CCC6C5CCC5(C)C(C7=CC(=O)OC7)C(O)CC65O)C4)OC3C)OC2C)CC(O)C1O,3.778679320825541
CCOP(=S)(OCC)SC(C(=O)OCCF)c1ccccc1,5.08685317468662
C[n+]1ccc(-c2cc[n+](C)cc2)cc1,3.8827927298246463
CN(C)CCCn1c(=O)n(-c2ccccc2)c2cc(Cl)ccc21,2.8150000933724826
CC=CC#N,2.4421529375467603
OCCOCCOCCOCCOCCO,1.0249050733154443
CC(NNC(=O)c1ccccc1)c1ccccc1,2.7180067827942382
CCCCC(CC)COC(=O)CS,2.330339390569906
CC1CC=CC=CC=CC=CC(OC2OC(C)C(O)C(N)C2O)CC2OC(O)(CC(O)CC3OC3C=CC(=O)O1)CC(O)C2C(=O)O,3.1700875714363383
O=[N+]([O-])c1cc(Br)ccc1O,1.8910003155494952
NC1=NC(C(F)(F)F)(C(F)(F)F)NC1(C(F)(F)F)C(F)(F)F,4.511394732686766
CCCCc1ccc2c(S(=O)(=O)O)cc(CCCC)cc2c1,2.329674437888232
Clc1ccc(-c2ccc(Cl)c(Cl)c2)cc1Cl,5.465370952806466
Clc1cc(-c2cc(Cl)c(Cl)c(Cl)c2)cc(Cl)c1Cl,6.2090603578985
O=C(O)CCC(=O)c1ccc(C2CCCCC2)c(Cl)c1,2.566405080949717
CCCCc1c(C)nc(NCC)nc1OS(=O)(=O)N(C)C,1.898213542444335
CC(C)(C)c1cc(CCC(=O)OCCSCCOC(=O)CCc2cc(C(C)(C)C)c(O)c(C(C)(C)C)c2)cc(C(C)(C)C)c1O,2.0088319228753813
O=C(Nc1ccccc1)Nc1cnns1,1.893759987475364
Brc1cc2c(cc1Br)-c1cc(Br)c(Br)cc1-2,7.670041649548125
Nc1cc(Cl)cc2c1Oc1cc(Cl)c(Cl)cc1O2,4.003667289781539
O=[N+]([O-])c1c(Cl)c(Cl)cc2c1Oc1cc(Cl)c(Cl)cc1O2,6.887938135723664
Nc1c(Cl)c(Cl)cc2c1Oc1cc(Cl)c(Cl)cc1O2,6.239813994925476
Cn1c(=O)c2c(nc(Cc3ccccc3)n2C(CN)N2CCOCC2)n(C)c1=O,2.984442308426184
CC(=O)OCC12CC(OC(C)=O)C(C)=CC1OC1C(OC(C)=O)C(OC(C)=O)C2(C)C12CO2,5.492744562358627
CC(C)NC1CCc2c(ccc(O)c2CO)C1O,1.7408917834967812
CCN(CC)CCNC(=O)c1cc([N+](=O)[O-])c(N(C)C)cc1OC,2.725983505606243
