curated_smiles,mammal (species unspecified)_unreported_LD50
Clc1ccc(C(c2ccc(Cl)cc2)C(Cl)(Cl)Cl)cc1,3.248575217903188
O=C(O)c1c(Cl)ccc(Cl)c1Cl,2.5079676101149757
CN(C)CCCN1c2ccccc2CCc2ccccc21,2.789789844602524
O=[N+]([O-])c1ccc(O)c([N+](=O)[O-])c1,3.663010309960294
NCCc1ccc(O)c(O)c1,2.135986877698965
COP(=O)(OC)C(O)C(Cl)(Cl)Cl,2.9408489498265227
O=C(CCCN1CCC(O)(c2ccc(Cl)cc2)CC1)c1ccc(F)cc1,3.6719488324015095
NC(=O)c1ccccc1,2.083283984249897
O=[N+]([O-])OCC(CO[N+](=O)[O-])O[N+](=O)[O-],2.994460612018182
CCCC[Sn](CCCC)(CCCC)OC(C)=O,2.8439835765831374
CCOP(=S)(OCC)Oc1ccc([N+](=O)[O-])cc1,4.686137050172255
C=CC1CN2CCC1CC2C(O)c1ccnc2ccc(OC)cc12,3.685038171944399
CCOP(=S)(OCC)Oc1ccc2c(C)c(Cl)c(=O)oc2c1,3.819269872677256
CNC(=O)Oc1ccc2c(c1)C1(C)CCN(C)C1N2C,5.661736984912718
ClC1=C(Cl)C2(Cl)C3C4CC(C5OC45)C3C1(Cl)C2(Cl)Cl,4.182885786073239
CC(=O)O[Hg]c1ccccc1,4.2968457861814
COP(=O)(OC)OC=C(Cl)Cl,3.2474350949143163
CNC(=O)Oc1cccc2ccccc12,2.812320242229366
O=C1OCCN1N=Cc1ccc([N+](=O)[O-])o1,3.10207123767927
CCCCCO,1.8755542197237447
CS,2.899261361958516
CSC,1.5033156701457988
CC(C)N,2.07270564921469
ClC1=C(Cl)C2(Cl)C3C(Cl)C=CC3C1(Cl)C2(Cl)Cl,3.7939311701014646
O[Sn](c1ccccc1)(c1ccccc1)c1ccccc1,2.865738658920373
CC1(C)NC(=O)NC1=O,0.904893528223256
CCOP(=S)(OCC)SC1OCCOC1SP(=S)(OCC)OCC,3.562926047939496
CCCCSP(=O)(SCCCC)SCCCC,3.267202107240656
COP(=S)(OC)SCc1nc(N)nc(N)n1,2.4949318543522474
COC(C)=O,2.5392813377786125
Nc1ccc(S(=O)(=O)c2ccc(N)cc2)cc1,2.248860927205049
O=S(=O)(Oc1ccc(Cl)cc1)c1ccccc1,2.31535825468364
Clc1cc(Cl)c2ccc3c(Cl)cc(Cl)c4ccc1c2c43,1.929464907401624
O=C(O)Cc1c(Cl)ccc(Cl)c1Cl,2.14882939544856
CCN(CC)CCOC(c1ccccc1)c1ccccc1,3.5104147789330056
N#CC(c1ccccc1)c1ccccc1,1.7420492109148311
O=[N+]([O-])OC1COC2C(O[N+](=O)[O-])COC12,2.3282306561328925
ClC(Cl)=C(Cl)C(Cl)=C(Cl)Cl,3.1152143076814376
Nc1ccccc1[N+](=O)[O-],1.165257437598365
CCC(C)c1cc([N+](=O)[O-])cc([N+](=O)[O-])c1O,3.602448872640908
CCN(CC)c1ccccc1,1.7639433868274923
CC(Oc1cc(Cl)c(Cl)cc1Cl)C(=O)O,2.6176631388235343
Oc1cc(Cl)c(Cl)cc1Cl,3.119361479962119
NC(=O)c1cccnc1,1.688871680291038
Nc1c(Cl)cc([N+](=O)[O-])cc1Cl,2.13991265375957
O=[N+]([O-])c1ccc(O)cc1,2.900320301929172
CC(C)OC(=O)Nc1cccc(Cl)c1,1.8526100998337256
O=C(Nc1cccc(Cl)c1)OCC#CCCl,3.031583493419115
CC(O)CN(CCN(CC(C)O)CC(C)O)CC(C)O,1.874942465748368
CCCN(CCC)CCC,2.286935666193105
C=CCN(CC=C)CC=C,2.34504471477886
CCNc1ccccc1,2.3052904492813937
CC(=O)Nc1ccc(O)cc1,2.2295735443608997
C=CC=O,3.095471566376624
CCCN,2.0082476599877714
C=CCN,1.8628439216909287
C=CCO,2.944482672150168
C#CCO,3.0244082105511785
CC[Hg]Cl,4.168145413697052
CC(=O)CC(C)C,1.855813233564774
CC(C)NC(C)C,2.226999220949004
CC1OC(C)OC(C)OC(C)O1,2.4678842300620025
Clc1ccccc1,1.6896523900543423
Oc1cccnc1,2.023942574187874
CCCCN,2.093297006467472
CCCCCCO,1.6216074876846074
CCCCCCCO,1.426731820738474
CCCCOCCO,1.8964380269152037
CCCCCCCCO,1.512654384044302
CCCCOCCOCCSC#N,2.567789642459274
CNC(=O)Oc1ccccc1OC(C)C,3.320655089134337
C=CC(C)(C)O,2.2966853590481366
O=S1OCC2C(CO1)C1(Cl)C(Cl)=C(Cl)C2(Cl)C1(Cl)Cl,3.4790062241748214
OC(c1ccc(Cl)cc1)(c1ccc(Cl)cc1)C(Cl)(Cl)Cl,2.9322885939554246
CC1(C)C(=O)N(Cl)C(=O)N1Cl,2.595542514709093
Nc1ccccc1C(=O)O,1.3371284522458933
Cc1cc(OC(=O)N(C)C)n(C(C)C)n1,4.283434868846739
CCOC(=O)CC(SP(=S)(OC)OC)C(=O)OCC,2.820022711512161
COP(=S)(OC)Oc1ccc([N+](=O)[O-])c(C)c1,3.2905644127949687
CCNc1nc(Cl)nc(NCC)n1,2.158493880767093
CC(C)OC(=O)Nc1ccccc1,2.2533840497331488
CCCCCCCCCCCCOC(=O)CCSCCC(=O)OCCCCCCCCCCCC,1.5355953627336074
Nc1ccc(O)cc1,2.2874278010653675
CCCCOC(C)=O,1.863113539954368
CCCCCCC(C)O,1.2737305380518866
C=CCNCC=C,2.443423931649501
COc1ccc2c(c1)C13CCCCC1C(C2)N(C)CC3,3.2575249850238444
CC(Cl)(Cl)C(=O)O,1.335697943962073
O=[N+]([O-])c1cc(C2CCCCC2)c(O)c([N+](=O)[O-])c1,3.726324505542157
COc1ccc(OC)c(CNN)c1,3.1052671548353143
COc1ccc(CNN)cc1OC,3.1602326471828133
Cc1nc(=O)c(C[n+]2csc(CCO)c2C)c[nH]1,2.066205714611268
CC(Cl)(Cl)C(=O)OCCOc1cc(Cl)c(Cl)cc1Cl,2.718922611673465
CN(C)C(=S)SSC(=S)N(C)C,2.778953952904059
CNC(=S)S,2.3769944251748347
CC(C)Nc1nc(Cl)nc(NC(C)C)n1,1.5830381044305974
CC(Cc1ccccc1)NC(=O)c1cccnc1,2.3015833684281874
CN(C)c1ccc(N=NS(=O)(=O)O)cc1,3.582178932015961
CCCNCCC,2.226999220949004
CCCCCCCCCO,0.8803863058629204
O=C1C2(Cl)C3(Cl)C4(Cl)C(Cl)(Cl)C5(Cl)C3(Cl)C1(Cl)C5(Cl)C24Cl,3.5903915214018283
Oc1cccc2cccnc12,2.1618499513512384
CN(C)C(=O)Nc1ccc(Cl)cc1,1.7540270836799567
COP(=S)(OC)Oc1ccc([N+](=O)[O-])cc1,4.0223640264958505
COP(=S)(OC)Oc1cc(Cl)c(Cl)cc1Cl,2.9051871719605726
CNC(=O)Oc1cc(C)c(N(C)C)c(C)c1,4.142796035713555
CCOP(=S)(CC)Oc1cc(Cl)c(Cl)cc1Cl,3.979163204952095
O=C(CF)Nc1ccccc1,4.185134015284604
CCOC(=O)CCCCCCCCCCF,3.3661221157975105
CCOP(=S)(OCC)Oc1cc(C)nc(C(C)C)n1,3.60256256771364
CCOC(=O)CCCCF,2.966660815128604
COC(=O)C=C(C)C=CC=C(C)C=CC1=C(C)CCCC1(C)C,3.0204565849105687
CCOC(=O)CCCCCCCCCCCF,4.090550776695137
O=C(CCCCCBr)OCCF,3.5071359469857533
CN1C(=O)CN=C(c2ccccc2)c2cc(Cl)ccc21,3.4130649468374106
NC(=O)c1ccccc1F,2.0980946848307176
ClC1=C(Cl)C2(Cl)C3C4C=CC(C4)C3C1(Cl)C2(Cl)Cl,4.212451184590544
Fc1ccc(C(c2ccc(F)cc2)C(Cl)(Cl)Cl)cc1,2.8260491439977287
c1cncc(C2CCCCN2)c1,3.619082623037104
O=C(CCCl)NCc1ccccc1,2.1598436794028903
CCOC(=S)SSC(=S)OCC,2.6064028643052777
O=P(N1CC1)(N1CC1)N1CC1,4.062346285756999
ClCCN(CCCl)c1ccccc1,3.338709426354747
Cc1cccs1,1.8916082458770205
Oc1cnc2ccccc2c1,2.643336011473351
CCOC(=O)CCCCCF,4.6080015685133136
Nc1cccc(O)c1,1.9427668444849588
ClC1C(Cl)C(Cl)C(Cl)C(Cl)C1Cl,2.986520935152454
NC(=O)c1ccccc1Cl,2.1919649328272226
Cc1ccsc1,1.7878588083386586
NC(=O)c1cccc(Cl)c1,2.1919649328272226
Cc1ccc(C(N)=O)cc1,2.1308674618025902
NC(=O)c1ccc(Cl)cc1,2.1091795625107728
NC(=O)c1ccc([N+](=O)[O-])cc1,2.220463749894475
CSSC,2.834190257379389
CCSCCSP(=S)(OC)OC,3.5464703925554315
NC(=O)CF,4.284757741609653
NC(=O)c1cccc([N+](=O)[O-])c1,2.220463749894475
O=C(O)C(Cl)(Cl)Cl,1.694703558751398
O=[N+]([O-])OCCOCCO[N+](=O)[O-],2.195600799262952
COP(=S)(OC)SCN1C(=O)c2ccccc2C1=O,3.899448403208589
CCCN(CCC)C(=O)SCC,2.0570975835406897
NC(=O)c1ccc(F)cc1,2.143417663617375
CCNc1nc(NC(C)(C)C)nc(SC)n1,1.920274496664118
CCO[Si](CCCN)(OCC)OCC,1.743064659243348
CCSCCSP(=O)(OC)OC,3.760216974310115
CCOP(=S)(CC)Sc1ccccc1,4.161080726713326
COc1nn(CSP(=S)(OC)OC)c(=O)s1,4.082554163620989
CN(C)C(=O)C(c1ccccc1)c1ccccc1,2.5338773247365927
CN(C)C1C(=O)C(C(=O)NCNCCCCC(N)C(=O)O)C(=O)C2(O)C(O)=C3C(=O)c4c(O)cccc4C(C)(O)C3CC12,3.3769381539013748
CNc1nc(NC(C)C)nc(SC)n1,2.027981220043387
CCCC[Sn](O)(CCCC)CCCC,2.7882617273469044
N#Cc1c(Cl)nc(Cl)c(C#N)c1-c1ccccc1,1.7389548752954134
CCCCN(CC)C(=O)SCCC,2.455156782582933
Cc1ccc(O)c(C)n1,2.26114827573004
CCCCNc1ccccc1,2.7236274018394253
CCSC(=O)N(CC)C1CCCCC1,1.9714412397029732
COC(=S)SSC(=S)OC,2.9509284546305974
CCN(CC)C(=O)CCC(=O)O,1.9375479806619944
CCOC(=O)NC1CCCCC1,2.5346352148262525
N#CSc1ccc([N+](=O)[O-])cc1[N+](=O)[O-],2.6535694536275143
CN(C)NC(=O)CCC(=O)O,1.28031002381827
Nc1c2c(nc3ccccc13)CCCC2,3.805893122330757
N#Cc1cc(I)c(O)c(I)c1,3.4900931507361035
N#Cc1cc(Br)c(O)c(Br)c1,3.163592880400503
CCCCCCCC(=O)Oc1c(Br)cc(C#N)cc1Br,2.982178590903662
Nc1cnn(-c2ccccc2)c(=O)c1Cl,2.044631861819949
O=C(C=Cc1ccc(O)cc1O)c1ccccc1,2.574497883534681
CCOC(=S)SSSC(=S)OCC,2.739539118464674
CCNc1nc(Cl)nc(NC(C)C)n1,2.1876979477240086
COc1c(Cl)ccc(Cl)c1C(=O)O,2.344468907126224
CC(C)N(C(=O)CCl)c1ccccc1,2.422614459022255
CNC(=O)Nc1nc2ccccc2s1,2.3165113029800946
CC(S)C(=O)NCC(=O)O,1.8904955374150128
COP(=S)(OC)Oc1cc(Cl)c(Br)cc1Cl,1.989449817666692
C[As](=O)(O)O,3.4470649582664823
CCSC(=O)N1CCCCCC1,2.415223830232055
CCOP(=S)(OCC)SCSc1cc(Cl)ccc1Cl,3.2756798301027032
CCCCCCCCCCCCS[As](C)SCCCCCCCCCCCC,2.6926310397731807
CC(=O)Oc1c(C(C)(C)C)cc([N+](=O)[O-])c(C)c1[N+](=O)[O-],3.848451579754686
CCCC(C)C(=O)Nc1ccc(Cl)c(Cl)c1,1.4152472012070747
CCCCCCCCCCCCCCCN,2.3076411859836963
C[Hg]C#N,4.207082959805083
CCOP(=S)(OC)Oc1cc(Cl)c(Cl)cc1Cl,3.0072769531599444
CCOc1nn(CSP(=S)(OC)OC)c(=O)s1,3.14800728539376
CCS(=O)CCSP(=S)(OC)OC,3.6407430611577034
CC(C)=CCCC1(C)C=Cc2c(O)c3c(c(CC=C(C)C)c2O1)OC12C(=CC4CC1C(C)(C)OC2(CC=C(C)C(=O)O)C4=O)C3=O,4.058123597212366
c1cc[n+]2c(c1)-c1cccc[n+]1CC2,2.663328648045545
CN(C)C(=S)N(C)C,2.519276575332283
CCNc1nc([N-][N+]#N)nc(NC(C)(C)C)n1,2.710674644619517
CCOP(=S)(OCC)Oc1nc(Cl)c(Cl)cc1Cl,3.3326131587499788
CN(C)CCN1C(=O)CCc2ccccc21,3.091080469347332
COC(=Nc1ccc(Cl)cc1)N(C)C,2.1516353925864595
Oc1cncc2ccccc12,2.730486187192251
COP(=S)(OC)Oc1ccc(Sc2ccc(OP(=S)(OC)OC)cc2)cc1,2.066772106080594
COc1ccc(C(N)=O)cc1,2.179451248397774
CCN(CC)CCOc1cc(C)ccc1C(C)C,2.516079374133398
CC1NC(C)N(CCN2C(=S)SC(C)NC2C)C(=S)S1,1.8458468622649349
CC1(c2ccccc2)CC(=O)N(CN2CCOCC2)C1=O,2.7786741999380933
CC(=O)Nc1c(CCl)cccc1C(C)(C)C,2.1293313676843
NC(=O)c1ccccc1I,2.3927584886038904
NC(=O)c1ccc(I)cc1,2.3927584886038904
COC1=C(C)C(=O)C2=C(C1=O)C(COC(N)=O)C1(OC)C3NC3CN21,5.242222049788608
c1ccc(-c2nsc(-c3ccccc3)n2)cc1,2.9792113698565807
Clc1ccc(-c2nsc(-c3ccc(Cl)cc3)n2)cc1,3.089488271224996
CCCCOC(=O)CCCCC(=O)OCc1ccccc1,1.1781385048869832
O=c1c2ccccc2[nH]c2nc3ccccc3n12,2.2253942119675107
CC(=O)ON(C(=O)OC(C)C)c1ccccc1,1.898094118959344
COc1ccc(C=CC(=O)c2ccc(O)cc2O)cc1OC,2.6700347659100494
CCC(=O)OC1(c2ccccc2)CC[N+](C)([O-])CC1,2.876443839316759
C=[N+](O)CCC(C)(C(=O)OCC)c1ccccc1,3.0974620845459286
CC(=O)O[Bi]=O,1.2772622513034362
CCCCc1c(C)[nH]c(N(C)C)nc1=O,1.7186947118687668
CC1=C(C(=O)Nc2ccccc2)SCCO1,1.8664867142483543
NC(CNC(=O)C(=O)O)C(=O)O,2.2275440951208294
O=c1[nH]c(=S)[nH]cc1CN1CCCCC1,2.35279396015554
COP(=O)(OC)Oc1nc(Cl)c(Cl)cc1Cl,2.54736677480437
Cc1ccc2nc3c(c(N)c2c1)CCCCC3,4.124279769852255
COc1cccc(C(N)=O)c1,2.179451248397774
Cc1[nH]c(=O)n(C(C)(C)C)c(=O)c1Cl,1.636824770160378
O=C(C=CC=Cc1ccccc1)c1cc(Cl)ccc1O,2.8012390173790886
Nc1c2c(nc3ccc(Cl)cc13)CCCC2,3.875460817255868
CC(C)=CCCC1(C)C=Cc2c(O)c(CC=C(C)C)c3c(c2O1)C(=O)C1=CC2CC4C(C)(C)OC(CC=C(C)C(=O)O)(C2=O)C14O3,4.497456291042629
CNC(=O)N(O)c1ccccc1,1.5216087502968103
CCOC(=O)N1CCN(CCCl)CC1,3.290723889678235
CC(C)(C)c1cc(CCC(=O)OCC(COC(=O)CCc2cc(C(C)(C)C)c(O)c(C(C)(C)C)c2)(COC(=O)CCc2cc(C(C)(C)C)c(O)c(C(C)(C)C)c2)COC(=O)CCc2cc(C(C)(C)C)c(O)c(C(C)(C)C)c2)cc(C(C)(C)C)c1O,2.071018080314345
O=C(Cl)CN1C(=O)c2ccccc2C1=O,2.349500932482415
Cc1cccc(C(C)(C)C)c1NC(=O)CBr,2.453619489177931
C#CCNCC#C,2.790107992322188
C#CCN(CC#C)CC#C,2.8061071441077217
CNC(=O)Oc1ccccc1C1OCCO1,3.348748668235154
Cc1[nH]c(=O)n(C(C)(C)C)c(=O)c1Br,1.7178684695357205
CSc1nc(NC(C)C)nc(NC(C)C)n1,2.127399989459768
CCCC(C)(C)C(=O)Nc1ccc(Cl)cc1,1.7776913786652315
CCOP(=S)(OC)SCCSCC,5.336436384055148
NC(=O)CN1CCCC1=O,1.152771304815015
S=C(S)NCCNC(=S)S,1.7190511137755813
CCOC(=O)CCF,2.7785961742430505
NC(=O)c1cccc(I)c1,2.3927584886038904
CC(C#N)=NOCc1ccccc1,3.542085625510292
C#CC(OC(N)=O)(c1ccccc1)c1ccc(Cl)cc1,3.0580158325173445
COC1CC(OC2CCC3(C=O)C(O)(CCC4(C)C3(C)CCC3(C)C(C5=CC(=O)OC5)CCC34O)C2)OC(C)C1OC1CC(CO)C(O)C(O)C1O,5.478240114738469
S=C([S-])NCCNC1=[S][Zn+2][S-]1,2.310203801460036
Cn1cccc2c3ccccc3cc1-2,3.38318799760962
COP(=S)(OC)SCCNC(C)=O,3.0850942627363303
O=C(C=Cc1ccc(O)cc1)c1ccccc1O,2.5953480225078005
COc1ccc(C=CC(=O)c2ccc(O)cc2O)cc1O,2.6574550101453966
COc1ccc(C=CC(=O)c2ccc(O)cc2O)cc1,2.6222606228970577
COCC(O)Cn1ccnc1[N+](=O)[O-],2.073140199884465
COC(=O)Nc1cccc(OC(=O)Nc2cccc(C)c2)c1,2.000454323836372
O=C(C=Cc1ccc(O)cc1)c1ccc(O)cc1O,2.6121014043454838
CCN(CC)CCON=C(c1ccccc1)c1ccccn1,3.439920129297651
O=C(Oc1ccccc1)n1c(C(F)(F)F)nc2cc(Cl)c(Cl)cc21,3.12239883467152
CC(Cc1ccccc1)NC(=O)CCCN,2.8806480401478
O=C1NC2(CCCCC2)C(=O)N1CN1CCN(CN2C(=O)NC3(CCCCC3)C2=O)CC1,2.3488420431442782
CCO[Si](CNCCCCCCN)(OCC)OCC,2.767149926971733
O=C(C=Cc1ccccc1O)c1ccccc1O,2.601081366260743
O=C1CC(c2ccccc2)C(=O)N1CN1CCN(CN2C(=O)CC(c3ccccc3)C2=O)CC1,2.885110448139025
O=C1CC(c2ccc(Cl)cc2)C(=O)N1CN1CCN(CN2C(=O)CC(c3ccc(Cl)cc3)C2=O)CC1,2.945652374589452
CC1(c2ccccc2)CC(=O)N(CN2CCN(CN3C(=O)CC(C)(c4ccccc4)C3=O)CC2)C1=O,2.910791545864537
CCO[Si](CN(CC)CC)(OCC)OCC,1.3000334502336353
CCO[Si](C)(CNCCCCCCN)OCC,2.640928420866832
CCc1cccc(CC)c1N(COC)C(=O)CCl,2.3518156256168905
Cc1ccc2c(c1)c1c3n2CCNC3CCC1,3.268368860555781
CN(CCCl)N=O,3.7459083534775433
O=P(O)(O)CCCl,1.5366005233314004
CCC(C)OC(Cc1ccc(Cl)cc1)N1CCCCC1,2.8690174540653084
CCC(C)OC(Cc1cccc(Cl)c1)N1CCCCC1,2.8690174540653084
CCC(C)OC(Cc1ccc(C)cc1)N1CCCCC1,2.741050698395228
CCC(C)OC(Cc1ccc(Cl)c(C)c1)N1CCCCC1,2.889134957456917
CCC(C)OC(Cc1ccc(C2CCCC2)cc1)N(CC)CC,2.848554468792947
CCCCCCOC(CN(CC)CC)c1ccc(C2CCCC2)cc1,2.5173479906731977
CCCCCCCCOC(CN(CC)CC)c1ccc(C2CCCCC2)cc1,2.111320774232641
CCC(C)OC(Cc1ccccc1)N1CCCCC1,3.116290540078827
Cc1cccc(C)c1N(COC(C)C)C(=O)CCl,2.181798514273402
CCOC(=O)C1C(=O)CC(C)(O)C(C(=O)OCC)C1c1ccccc1,2.638981926599734
Nc1ccc(O)cc1Cl,1.3321013140644848
CCCCNC(=O)n1c(NC(=O)OC)nc2ccccc21,1.4628814429188506
CC(Cc1ccccc1)NC(=S)c1cccnc1,2.0866546846577974
Nc1c2c(nc3ccccc13)CCC2,4.022350590687212
COc1ccc(CCNN)cc1,3.062331236829798
COc1cccc(CCNN)c1OC,3.14359055276191
CNC(=O)N(C)c1nc2ccccc2s1,1.947011967216285
NCC1OCCc2ccccc21,2.9117433778559314
C[N+](C)(C)CCCCC(N)C(=O)O,1.976072437158604
CC(=O)N(c1ccccc1)c1cccs1,2.9391057272649617
CCCN1CCN(C(=O)c2ccccc2)CC1,2.9858884427748813
CCCN1CCN(C(=O)c2ccc(OC)cc2)CC1,3.080429541104696
CCCN1CCN(C(=O)c2ccc(Cl)cc2)CC1,3.647988994337509
CC(C)CN1CCN(C(=O)c2ccc(Cl)cc2)CC1,2.8920930560549563
O=C(C=Cc1cc(Br)cc(Br)c1O)c1ccc(O)cc1O,3.662809230643804
CCCCCOC(CN1CCCCC1)c1ccccc1,3.042080694059209
CCCCCCOC(CN1CCCCC1)c1ccccc1,3.03834718489427
CCCCCCCCOC(CN1CCCCC1)c1ccccc1,2.957698938218015
CCCCCCCCCCCCOC(CN1CCCCC1)c1ccccc1,1.9703759367193745
CCC(C)OC(Cc1ccc(C2CCCC2)cc1)N1CCN(C)CC1,2.7243300742374985
O=C(O)c1cncc(Br)c1,2.402276432002701
c1cnc(N2CCNCC2)nc1,3.101461538255869
CCCN1CCN(C(=O)c2ccc(N)cc2)CC1,3.241009523775636
CCCCN1CCN(C(=O)c2ccc(N)cc2)CC1,3.31004410660617
Cc1cccc(NC(=O)c2cnc(N)s2)c1,3.2186881799625477
COc1cc(C=CC(=O)c2ccc(O)cc2O)ccc1O,2.6574550101453966
CNC(=O)c1c(-c2ccc([N+](=O)[O-])o2)noc1C,3.922894922573117
CNC(=O)c1c(C)noc1-c1ccc([N+](=O)[O-])o1,3.922894922573117
Cc1onc(-c2ccc([N+](=O)[O-])o2)c1C(=O)OC1CCN(C)CC1,3.224424281134731
O=C(C=Cc1ccc(O)c(O)c1)c1ccc(O)cc1O,2.64964762453983
C=C(C#N)C(=O)OCCOCC,1.566536335086376
COP(=O)(OC)OC(=CCl)c1cc(Cl)c(Cl)cc1Cl,1.961378374475427
O=C(Cn1ccnc1[N+](=O)[O-])NCCO,1.6405848619054886
CCN(CC)C(=O)CCC(=O)N(CC)CC,2.3332685235307182
CN1CCC23c4c5ccc(O)c4OC2C(O)C=CC3C1C5,3.156514146546193
COP(=O)(OC)OC1=C(Cl)C2C=CCC12,3.3308263981280057
COc1ccc2c3c1OC1C(O)CCC4C(C2)N(C)CCC341,3.3585491433687764
O=C(NC12CC3CC(CC(C3)C1)C2)c1cccnc1,2.449790235305416
O=C(NC12CC3CC(CC(C3)C1)C2)c1ccncc1,2.896948266647635
O=C(NCC12CC3CC(CC(C3)C1)C2)c1cccnc1,2.2558768796556508
C=CCOC(CO)CO,1.1210967438373467
Clc1ccc(-c2ccccc2)c(Cl)c1Cl,5.331675249380256
CC(C)(C)CCO,2.4652851029431955
CCOP(N)(=O)N(C=O)c1ncc(OC)c(CC)n1,2.7607902715821084
CCOP(=O)(NC(=O)Nc1ncc(OC)cn1)OCC,2.8811606034744
COc1cnc(NC(=O)NP(=O)(Oc2ccccc2)Oc2ccccc2)nc1,2.949206707625441
CCOP(N)(=O)N(C=O)c1ncc(OC)c(N2CC2)n1,3.478916963975641
O=C(C=Cc1ccccc1O)c1ccc(O)cc1O,2.607958659273528
O=C(O)c1cncc(O)c1,2.1433583506154665
COC(C(=O)CN(C)C)(c1ccccc1)c1ccccc1,3.0051973714343894
NC(=O)c1cncc(Br)c1,2.3490032405265886
CCOC(=O)Nc1ccc2c(c1)N(C(=O)CCN1CCOCC1)c1ccccc1S2,4.551781285445038
Cc1c(O)c(=O)ccn1C,2.143495694701392
CC(C(=O)O)c1ccc(N2Cc3ccccc3C2=O)cc1,3.5249074284918667
C=CCC1(CC=C)C(=O)Nc2ccccc2NC1=O,2.5002720596084766
CCC1(C)CC(=O)N(CN2CCN(CN3C(=O)CC(C)(CC)C3=O)C(C)C2)C1=O,2.5299081490524644
CCC1(C)CC(=O)N(CN2CC(C)N(CN3C(=O)CC(C)(CC)C3=O)CC2C)C1=O,2.544640521972922
O=c1c2ccccc2[nH]c2nc3c4ccccc4ccc3n12,3.756340900652608
Cc1c(C)c(Cl)c2c(nc3[nH]c4ccccc4c(=O)n32)c1Cl,3.8224165502989615
O=C1CC2(CCCC2)CC(=O)N1CCCCN1CCN(c2ncccn2)CC1,3.439909865392709
CCOC(=O)Nc1ccc2c(c1)N(C(=O)CCN(CC)CC)c1ccccc1S2,4.803607317322607
COc1ccc(CCN2C(=O)CS/C2=N/c2ccccc2C)cc1OC,2.2677277387762063
COc1cccc2oc(C#N)cc12,2.238475164849424
CCN(CC)CCOC(=O)CSc1ccc(Cl)cc1,2.5255328439277416
Cc1ccc2c(c1)C13CCCCC1C(C2)N(C)CC3,3.1400576666823863
CN1CCN(c2ccc(S(N)(=O)=O)cn2)CC1,2.5057111448060665
CNS(=O)(=O)c1ccc(N2CCN(C)CC2)nc1,2.528849238055083
CN1CCN(c2ccc(S(=O)(=O)N(C)C)cn2)CC1,2.5508166986346024
CCNS(=O)(=O)c1ccc(N2CCN(C)CC2)nc1,2.5508166986346024
CCN(CC)S(=O)(=O)c1ccc(N2CCN(C)CC2)nc1,2.591675252130236
CN1CCN(c2ncccc2C(=O)O)CC1,2.4418129210634616
CN1CCN(c2ccc(S(=O)(=O)O)cn2)CC1,2.507375116852869
CCN(CC)C(=O)c1ccc(N2CCN(C)CC2)nc1,2.538422910925706
NS(=O)(=O)c1cnccc1Nc1cccc(C(F)(F)F)c1,2.501459122211805
CC(=O)NS(=O)(=O)c1cnccc1Nc1cccc(C(F)(F)F)c1,2.555492268781978
CN1CCN(c2ncccc2S(N)(=O)=O)CC1,2.5057111448060665
CNS(=O)(=O)c1cccnc1N1CCN(C)CC1,2.528849238055083
CN1CCN(c2ncccc2S(=O)(=O)N(C)C)CC1,2.550816698634603
CCNS(=O)(=O)c1cccnc1N1CCN(C)CC1,2.550816698634603
CCN(CC)S(=O)(=O)c1cccnc1N1CCN(C)CC1,2.591675252130236
Oc1cccnc1Cc1ccccc1,2.3134594386948883
CN1CCC23CCCCC2C1Cc1ccc(OC(=O)Oc2ccc4c(c2)C25CCCCC2C(C4)N(C)CC5)cc13,3.125539898626336
Cc1cc(O)c(C(C)(C)C)cc1C(C)CC(c1cc(C(C)(C)C)c(O)cc1C)c1cc(C(C)(C)C)c(O)cc1C,1.5294271658431606
CCC1(CC)C(=O)C(C)CN(N=Cc2ccccc2)C1=O,2.5538451152055104
CCC1(CC)C(=O)C(C)CN(N=Cc2ccccc2O)C1=O,2.48054444508982
CCC1(CC)C(=O)C(C)CN(N=Cc2ccc(O)c(O)c2)C1=O,2.803966225432458
CCC1(CC)C(=O)C(C)CN(N=Cc2ccc(O)c(OC)c2)C1=O,2.5216610151120733
CCC1(CC)C(=O)C(C)CN(N=Cc2ccc3c(c2)OCO3)C1=O,2.974950962579045
CCC1(CC)C(=O)C(C)CN(N=Cc2ccc([N+](=O)[O-])cc2)C1=O,2.9182558176460254
CCC1(CC)C(=O)C(C)CN(N=Cc2ccc([N+](=O)[O-])o2)C1=O,2.5527128192306616
Cc1c(NC(=O)c2ccccc2NC(=O)C(N)=O)c(=O)n(-c2ccccc2)n1C,2.734499660853905
CNC(=O)C(=O)Nc1ccccc1C(=O)Nc1c(C)n(C)n(-c2ccccc2)c1=O,2.7497149973635837
CCCCNC(=O)C(=O)Nc1ccccc1C(=O)Nc1c(C)n(C)n(-c2ccccc2)c1=O,2.792402317264324
Cc1c(NC(=O)c2ccccc2NC(=O)C(=O)NCC(C)C)c(=O)n(-c2ccccc2)n1C,2.792402317264324
CCCCCNC(=O)C(=O)Nc1ccccc1C(=O)Nc1c(C)n(C)n(-c2ccccc2)c1=O,2.8057473360386336
Cc1c(NC(=O)c2ccccc2NC(=O)C(=O)NCc2ccccc2)c(=O)n(-c2ccccc2)n1C,2.824083621575846
Cc1c(NC(=O)c2ccccc2NC(=O)C(=O)NCCN(C)C)c(=O)n(-c2ccccc2)n1C,2.8066720203496693
Cc1c(NC(=O)c2ccc(NC(=O)C(N)=O)cc2)c(=O)n(-c2ccccc2)n1C,2.734499660853905
CNC(=O)C(=O)Nc1ccc(C(=O)Nc2c(C)n(C)n(-c3ccccc3)c2=O)cc1,2.7497149973635837
Cc1c(NC(=O)c2ccc(NC(=O)C(=O)NCC(C)C)cc2)c(=O)n(-c2ccccc2)n1C,2.792402317264324
CCCCCNC(=O)C(=O)Nc1ccc(C(=O)Nc2c(C)n(C)n(-c3ccccc3)c2=O)cc1,2.8057473360386336
Cc1c(NC(=O)c2ccc(NC(=O)C(=O)NCc3ccccc3)cc2)c(=O)n(-c2ccccc2)n1C,2.824083621575846
Cc1c(NC(=O)c2ccc(NC(=O)C(=O)NCCN(C)C)cc2)c(=O)n(-c2ccccc2)n1C,2.8066720203496693
CCN(CC)CCNC(=O)C(=O)Nc1ccc(C(=O)Nc2c(C)n(C)n(-c3ccccc3)c2=O)cc1,2.8321387678302425
O=CC1=C(O)c2ccccc2CCC1,2.2746796131221894
O=C(C=CC=Cc1ccccc1)c1ccccc1O,2.613125809278824
CCOC(=O)c1cc2cc(OC)ccc2o1,2.342864646604817
CNCC1OCCc2ccccc21,2.947548897587616
CCNCC1OCCc2ccccc21,2.980625944442061
NS(=O)(=O)c1cc(C(=O)O)cc([N+](=O)[O-])c1CCc1ccccc1,2.8779866204711877
Nc1cc(C(=O)O)cc(S(N)(=O)=O)c1CCc1ccccc1,2.5056518412309905
CCC(=O)NS(=O)(=O)c1cnccc1Nc1cccc(C(F)(F)F)c1,2.572123135029356
CCCC(=O)NS(=O)(=O)c1cnccc1Nc1cccc(C(F)(F)F)c1,2.588140558127571
CC(=O)NS(=O)(=O)c1cnccc1Nc1cccc(Cl)c1,2.51292041967267
CCC(=O)NS(=O)(=O)c1cnccc1Nc1cccc(Cl)c1,2.53122848685705
CC(=O)NS(=O)(=O)c1cnccc1Nc1cccc(Cl)c1C,2.53122848685705
CC(=O)NS(=O)(=O)c1cnccc1Nc1ccccc1C(F)(F)F,2.555492268781978
CC(=O)NS(=O)(=O)c1cnccc1Nc1cccc([N+](=O)[O-])c1,2.5267643160121582
CC(=O)NS(=O)(=O)c1cnccc1Nc1ccc(Cl)cc1,2.51292041967267
CC(=O)NS(=O)(=O)c1cnccc1Nc1ccc([N+](=O)[O-])cc1,2.5267643160121582
CC(=O)NS(=O)(=O)c1cnccc1Nc1cc(Cl)cc(Cl)c1,2.5565702331554565
CCC(=O)NS(=O)(=O)c1cnccc1Nc1cc(Cl)cc(Cl)c1,2.573160648574042
CC(=O)NS(=O)(=O)c1cnccc1Nc1ccc(Cl)c(Cl)c1,2.5565702331554565
CCC(=O)NS(=O)(=O)c1cnccc1Nc1ccc(Cl)c(Cl)c1,2.573160648574042
CC(=O)NS(=O)(=O)c1cnccc1Nc1cccc(Cl)c1Cl,2.5565702331554565
CCC(=O)NS(=O)(=O)c1cnccc1Nc1cccc(Cl)c1Cl,2.573160648574042
CCC(=O)NS(=O)(=O)c1cnccc1Nc1ccc(Cl)cc1Cl,2.573160648574042
CC(=O)NS(=O)(=O)c1cnccc1Nc1cc(Cl)ccc1Cl,2.5565702331554565
CCC(=O)NS(=O)(=O)c1cnccc1Nc1cc(Cl)ccc1Cl,2.573160648574042
CC(=O)NS(=O)(=O)c1cnccc1Nc1c(Cl)cccc1Cl,2.5565702331554565
CCC(=O)NS(=O)(=O)c1cnccc1Nc1c(Cl)cccc1Cl,2.573160648574042
Cc1c(Cl)cccc1Nc1ccncc1S(N)(=O)=O,2.4738765654375503
NS(=O)(=O)c1cnccc1Nc1cc(Cl)cc(Cl)c1,2.5026797021151546
NS(=O)(=O)c1cnccc1Nc1ccc(Cl)c(Cl)c1,2.5026797021151546
NS(=O)(=O)c1cnccc1Nc1cccc(Cl)c1Cl,2.5026797021151546
NS(=O)(=O)c1cnccc1Nc1ccc(Cl)cc1Cl,2.5026797021151546
NS(=O)(=O)c1cnccc1Nc1cc(Cl)ccc1Cl,2.5026797021151546
NS(=O)(=O)c1cnccc1Nc1c(Cl)cccc1Cl,2.5026797021151546
Oc1cc(Cc2ccccc2)cnc1CN1CCOCC1,2.976745723563905
Oc1cc(Cc2ccccc2)cnc1CN1CCCCC1,2.973723444890207
Oc1cncc(Cc2ccccc2)c1,2.5687319437981944
CCCOc1cccc(N(C)C(=O)OCCN2CCCCC2)c1,3.532609382214177
NS(=O)(=O)c1cnccc1Nc1cccc(Cl)c1,2.45292056439907
CCCCCOc1cccc(N(C)C(=O)OCCN2CCCCC2)c1,3.612767656049521
S=c1[nH]c(-c2nc3ccccc3s2)cs1,2.495497506143706
CC(=O)NS(=O)(=O)c1cnccc1Nc1ccc(Cl)cc1Cl,2.5565702331554565
CN1CCN(c2ncccc2C#N)CC1,2.402822163116312
CNC(=O)c1cccnc1N1CCN(C)CC1,2.466687862318227
CN1CCN(c2ncccc2C(=O)N(C)C)CC1,2.491939201541429
CCNC(=O)c1cccnc1N1CCN(C)CC1,2.491939201541429
CCN(CC)C(=O)c1cccnc1N1CCN(C)CC1,2.5384229109257066
CCCNC(=O)c1cccnc1N1CCN(C)CC1,2.515802669195613
Nc1c2c(nc3ccc(Br)cc13)CCC2,4.189734648100947
Nc1c2c(nc3ccc(Br)cc13)CCCC2,4.212289465937531
CCCNS(=O)(=O)c1cccnc1N1CCN(C)CC1,2.571726296383072
CN1CCN(c2ccc(C#N)cn2)CC1,2.402822163116312
CN1CCN(c2ccc(C(N)=O)cn2)CC1,2.4398771945194064
CNC(=O)c1ccc(N2CCN(C)CC2)nc1,2.466687862318227
CN1CCN(c2ccc(C(=O)N(C)C)cn2)CC1,2.491939201541429
CCNC(=O)c1ccc(N2CCN(C)CC2)nc1,2.491939201541429
CCCNC(=O)c1ccc(N2CCN(C)CC2)nc1,2.515802669195613
CCCNS(=O)(=O)c1ccc(N2CCN(C)CC2)nc1,2.571726296383072
Cc1ccc(C(=O)O)cc1N(CC(C)Cl)CC(C)Cl,3.991821785441888
O=C1NCCNC1=CC(=O)c1ccccc1,2.3349360326906687
CC(C)NCC(O)COc1ccc(-c2cc(=O)c3ccccc3o2)cc1,3.317839743491392
CC(C)(C)NCC(O)COc1ccc(-c2cc(=O)c3ccccc3o2)cc1,3.167252333430936
Cc1c(-c2ccc(OCC(O)CNC(C)C)cc2)oc2ccccc2c1=O,3.3347434207247
Cc1c(-c2ccc(OCC(O)CNC(C)(C)C)cc2)oc2ccccc2c1=O,3.3384246176104693
N#CSCCOCCCl,2.617118339894048
O=CNS(=O)(=O)c1cnccc1Nc1cccc(C(F)(F)F)c1,2.5381990938039816
O=C(NS(=O)(=O)c1cnccc1Nc1cccc(C(F)(F)F)c1)c1ccccc1,2.6246945312720813
O=C(NS(=O)(=O)c1cnccc1Nc1cccc(C(F)(F)F)c1)c1cccnc1,2.6257115714390804
O=C(NS(=O)(=O)c1cnccc1Nc1cccc(C(F)(F)F)c1)c1cccs1,2.630863984633645
NS(=O)(=O)c1cnccc1Nc1ccccc1C(F)(F)F,2.501459122211805
NS(=O)(=O)c1cnccc1Nc1ccc(Cl)cc1,2.45292056439907
NS(=O)(=O)c1cnccc1Nc1cccc([N+](=O)[O-])c1,2.468778456448649
NS(=O)(=O)c1cnccc1Nc1ccc([N+](=O)[O-])cc1,2.468778456448649
O=S1(=O)N=CN(c2cccc(C(F)(F)F)c2)c2ccncc21,2.5149287552609803
CCC1=NS(=O)(=O)c2cnccc2N1c1cccc(C(F)(F)F)c1,2.550645320201028
CC1=NS(=O)(=O)c2cnccc2N1c1ccc(Cl)cc1,2.4882149955828163
CC1=NS(=O)(=O)c2cnccc2N1c1cccc(Cl)c1C,2.5075711941416547
CCC1=NS(=O)(=O)c2cnccc2N1c1ccc(Cl)c(Cl)c1,2.5517353674228644
CCC1=NS(=O)(=O)c2cnccc2N1c1cc(Cl)cc(Cl)c1,2.5517353674228644
CC1=NS(=O)(=O)c2cnccc2N1c1cccc([N+](=O)[O-])c1,2.502855740063157
O=S1(=O)N=C(c2ccccc2)N(c2cccc(C(F)(F)F)c2)c2ccncc21,2.605719744798047
CC1=NS(=O)(=O)c2cnccc2N1c1cccc(C(F)(F)F)c1,2.533154102512591
O=C1c2ccccc2-c2cccnc21,2.8602038038186777
COC1=C(OC)C(=O)C(CCCCCCCCCCO)=C(C)C1=O,2.529486819245837
COCCN(C(=O)CCl)c1ccccc1,2.3239221089991404
CCN(CC)Cc1c[nH]c(=S)[nH]c1=O,2.3290030717187338
CCOC(=O)C(O)=CS(=O)(=O)c1ccccc1,2.408713020707176
CCOC(=O)C(O)=CS(=O)(=O)c1ccc(C)cc1,2.431855685868799
CCCC12CCN(C)C(Cc3ccc(O)cc31)C2C,2.9368369972813184
COc1cccc2oc(C(C)=O)cc12,2.2792059458635894
O=C(NC(=O)c1ccc2ccccc2n1)NC(c1ccccc1)c1ccccc1,2.280390545194576
CCC(C)c1cc([N+](=O)[O-])cc([N+](=O)[O-])c1OC(=O)Oc1ccc([N+](=O)[O-])cc1[N+](=O)[O-],3.620093622495887
O=C(Nc1ccc(C23CC4CC(CC(C4)C2)C3)cc1)c1ccncc1,2.3456311591782635
CC(NC(=O)c1ccncc1)C12CC3CC(CC(C3)C1)C2,2.494892780877894
O=C(NCC12CC3CC(CC(C3)C1)C2)c1ccncc1,2.619054782068476
O=C(NCCC12CC3CC(CC(C3)C1)C2)c1ccncc1,2.698059317526496
O=C(Nc1ccc(C23CC4CC(CC(C4)C2)C3)cc1)c1cccnc1,2.6766243782196875
CC(NC(=O)c1cccnc1)C12CC3CC(CC(C3)C1)C2,2.277842914143306
O=C(NCCC12CC3CC(CC(C3)C1)C2)c1cccnc1,2.729658303598198
O=C(NC12CC3CC(CC(C3)C1)C2)c1ccccn1,2.4088316276265096
O=C(Nc1ccc(C23CC4CC(CC(C4)C2)C3)cc1)c1ccccn1,2.5304963425414497
O=C(NCCC12CC3CC(CC(C3)C1)C2)c1ccccn1,2.578872909807287
O=C(NC12CC3CC(CC(C3)C1)C2)c1cc[n+]([O-])cc1,3.25903293130378
O=C(Nc1ccc(C23CC4CC(CC(C4)C2)C3)cc1)c1cc[n+]([O-])cc1,2.481437643029788
CC(NC(=O)c1cc[n+]([O-])cc1)C12CC3CC(CC(C3)C1)C2,3.125520301652434
O=C(NCC12CC3CC(CC(C3)C1)C2)c1cc[n+]([O-])cc1,2.912867057847178
O=C(NCCC12CC3CC(CC(C3)C1)C2)c1cc[n+]([O-])cc1,3.1255203016524336
O=C(Nc1ccc(C23CC4CC(CC(C4)C2)C3)cc1)c1ccc[n+]([O-])c1,2.697037443369142
CC(NC(=O)c1ccc[n+]([O-])c1)C12CC3CC(CC(C3)C1)C2,3.26021887554989
O=C(NCC12CC3CC(CC(C3)C1)C2)c1ccc[n+]([O-])c1,3.0336892282606454
O=C(NCCC12CC3CC(CC(C3)C1)C2)c1ccc[n+]([O-])c1,2.9214003189965085
CCNC(=O)CCC(=O)NNc1ccccc1,2.33417143440228
CCCNC(=O)CCC(=O)NNc1ccccc1,2.3593201686579413
CC(C)NC(=O)CCC(=O)NNc1ccccc1,2.3593201686579413
O=C(CCC(=O)NC1CCCCC1)NNc1ccccc1,2.4240405135865752
N#CCCNC(=O)CCC(=O)NNc1ccccc1,2.378042664824956
O=C(CCCC(=O)NNc1ccccc1)NCc1ccccc1,2.4558711900148817
CCCN/C(CCCCC(=O)O)=N\Nc1ccccc1,2.405629857048033
NC(Cc1c2ccccc2nc2ccccc12)C(=O)O,2.647219916055297
CCN(CC)C(=S)SC(=CC(=O)c1ccccc1)c1ccccc1,2.647783822761982
O=C1NCCNC1=CC(=O)c1ccc(Br)cc1,2.470022186957681
O=C1NCCNC1=CC(=O)c1ccc(Cl)cc1,2.3991283482696515
Cc1ccc(C(=O)C=C2NCCNC2=O)cc1,2.362231702858688
COc1ccc(C(=O)C=C2NCCNC2=O)cc1,2.3914044563715797
CC(C)(C)c1ncccc1O,2.546109185678279
Cc1ccc(O)c(C(C)(C)C)n1,2.616044681789984
CNC(=O)c1n[nH]c(=O)nc1NC,2.96182672073707
CCCC1C2Cc3ccc(O)cc3C1(CCC)CCN2C,2.856497789073601
CCCCC12CCN(C)C(Cc3ccc(O)cc31)C2,3.300014899694144
CCCCCC12CCN(C)C(Cc3ccc(O)cc31)C2,3.468347330412157
COCCN(C(=O)CCl)c1ccccc1OC,2.3073393462665863
CCOC(=O)C1C(=O)CC(C)(O)C(C(=O)OCC)C1c1ccc(OC)c(OC)c1,2.708045723568397
CCOC(=O)C1C(=O)CC(C)(O)C(C(=O)OCC)C1c1ccc(OCc2ccccc2)c(OCC)c1,2.794637897711413
CCOC(=O)C1C(=O)CC(C)(O)C(C(=O)OCC)C1c1ccc(OCc2ccccc2)cc1,2.754462055511445
COC(=O)C1C(=O)CC(C)(O)C(C(=O)OC)C1c1ccc(OC)c(OC)c1,2.67714252945076
CCOC(=O)C1C(c2ccccc2)c2c([nH][nH]c2=O)CC1(C)O,2.59708746150052
CCOC(=O)C1C(c2ccc(OC)c(OC)c2)c2c([nH][nH]c2=O)CC1(C)O,2.672570011938644
CCOC(=O)C1C(c2ccc(OCc3ccccc3)c(OCC)c2)c2c([nH][nH]c2=O)CC1(C)O,2.7657933126968213
CCOC(=O)C1C(c2ccc(OCc3ccccc3)cc2)c2c([nH][nH]c2=O)CC1(C)O,2.7227171954518727
COC(=O)C1C(c2ccccc2)c2c([nH][nH]c2=O)CC1(C)O,2.577391257069812
COC(=O)C1C(c2ccc(OC)c(OC)c2)c2c([nH][nH]c2=O)CC1(C)O,2.656076630559137
CCOC(=O)C1C(c2ccccc2)c2c([nH]n(-c3ccccc3)c2=O)CC1(C)O,2.690699879510767
CCOC(=O)C1C(c2ccccc2)c2c([nH]n(-c3ccccn3)c2=O)CC1(C)O,2.6917918359075745
COC(=O)C1C(c2ccccc2)c2c([nH]n(-c3ccccc3)c2=O)CC1(C)O,2.6748932755042283
CCOC(=O)C1C(c2ccccc2)c2c([nH]n(C)c2=O)CC1(C)O,2.615929019937377
CCOC(=O)C1C(c2ccccc2)c2c(n[nH]c2OCc2ccccc2)CC1(C)O,2.705951331760392
CCOC(=O)CCOc1[nH]nc2c1C(c1ccccc1)C(C(=O)OCC)C(C)(O)C2,2.7164979070846327
CCOC(=O)C1C(c2ccccc2)c2c(nn(C(=O)c3ccccc3)c2OC(=O)c2ccccc2)CC1(C)O,2.8167159465121507
CCOC(=O)C1C(c2ccccc2)c2c(OC)nn(C)c2CC1(C)O,2.6339870267624117
CCOC(=O)C1C(c2ccccc2)c2c(OCc3ccccc3)nn(Cc3ccccc3)c2CC1(C)O,2.792922849934108
COC(=O)C1C(=O)CC(C)(O)C(C(=O)OC)C1c1ccccc1,2.6025225399772856
COc1ccc(CC2C(=O)NC(C)C(=O)N(C)C3C(=O)N(C)C(Cc4ccc(O)c(c4)Oc4ccc(cc4)C3O)C(=O)NC(C)C(=O)NC(C)C(=O)N2C)cc1,5.286038591553921
CCCCCCCCC1CCSCC1,1.7572299730529992
CCCCCCCCC1CCS(=O)CC1,2.7943127937997576
CCCCCCCCC1CCS(=O)(=O)CC1,2.1244971751141817
CCOC(=O)N1CCN(CCN2CCc3ccccc3C2)CC1,3.179432778828331
CCOC(=O)c1ccc(-n2c(C=Cc3ccc(Cl)cc3)nc3ccccc3c2=O)cc1,2.634367423094734
CCN(CC)CC1CC2(CC(C)OC2=O)C(=O)O1,1.9446766318525857
CC1CC2(CC(CN3CCCCC3)OC2=O)C(=O)O1,2.222919592839656
CC1CC2(CC(CN3CCN(C)CC3)OC2=O)C(=O)O1,1.9736511556577228
CC1CC2(CC(CNc3ccccc3)OC2=O)C(=O)O1,2.179741133489285
CC1CC2(CC(C[N+](C)(C)C)OC2=O)C(=O)O1,2.1734910868134727
CC1CC2(CC(C[n+]3ccccc3)OC2=O)C(=O)O1,2.418773454130179
CCOC(=O)C=C(C)C=CC1=C(C)C(=O)CCC1(C)C(=O)OCC,2.3481905941618857
CC(=O)Nc1ccc(OC(=O)c2cccs2)cc1,2.1161127381568754
CSc1nc(-c2nc3ccccc3s2)cs1,2.519171463821659
CCSc1nc(-c2nc3ccccc3s2)cs1,2.541621360981209
CCCSc1nc(-c2nc3ccccc3s2)cs1,2.562967578752012
CC(C)Sc1nc(-c2nc3ccccc3s2)cs1,2.562967578752012
CC(=S)Oc1nc(-c2nc3ccccc3s2)cs1,2.562902233792364
S=C(Oc1nc(-c2nc3ccccc3s2)cs1)c1ccccc1,2.646502975189221
O=C(O)CSc1nc(-c2nc3ccccc3s2)cs1,2.5860370561655275
O=C(O)CCSc1nc(-c2nc3ccccc3s2)cs1,2.605353537854862
CC(Sc1nc(-c2nc3ccccc3s2)cs1)C(=O)O,2.605353537854862
CCOC(=O)CSc1nc(-c2nc3ccccc3s2)cs1,2.6238473259088355
CC(=O)CSc1nc(-c2nc3ccccc3s2)cs1,2.5832512149793643
O=C(O)c1cc(C(=O)C=Cc2ccccc2)c(O)cc1O,2.578665182827968
c1ccc(-c2csc(Nc3ccc(-c4csc(-c5ccccc5)n4)cc3)n2)cc1,2.7113378953275817
Clc1ccc(-c2csc(Nc3ccc(-c4csc(-c5ccccc5)n4)cc3)n2)cc1,2.746244871720198
Brc1ccc(-c2csc(Nc3ccc(-c4csc(-c5ccccc5)n4)cc3)n2)cc1,2.78750563737923
Cc1ccc(-c2csc(Nc3ccc(-c4csc(-c5ccccc5)n4)cc3)n2)cc1,2.725893264188872
O=[N+]([O-])c1ccc(-c2csc(Nc3ccc(-c4csc(-c5ccccc5)n4)cc3)n2)cc1,2.7564002626262862
Clc1ccc(-c2nc(-c3ccc(Nc4nc(-c5ccccc5)cs4)cc3)cs2)cc1,2.746244871720198
Clc1ccc(-c2csc(Nc3ccc(-c4csc(-c5ccc(Cl)cc5)n4)cc3)n2)cc1,2.7785536910403725
Clc1ccc(-c2nc(-c3ccc(Nc4nc(-c5ccc(Br)cc5)cs4)cc3)cs2)cc1,2.81698327622286
Cc1ccc(-c2csc(Nc3ccc(-c4csc(-c5ccc(Cl)cc5)n4)cc3)n2)cc1,2.7596933351393997
COc1ccc(-c2nc(-c3ccc(Nc4nc(-c5ccccc5)cs4)cc3)cs2)cc1,2.741920391649771
COc1ccc(-c2nc(-c3ccc(Nc4nc(-c5ccc(Cl)cc5)cs4)cc3)cs2)cc1,2.7745406870482032
COc1ccc(-c2nc(-c3ccc(Nc4nc(-c5ccc(Br)cc5)cs4)cc3)cs2)cc1,2.8133115557042103
COc1ccc(-c2nc(-c3ccc(Nc4nc(-c5ccc(C)cc5)cs4)cc3)cs2)cc1,2.755501354238982
COc1ccc(-c2nc(-c3ccc(Nc4nc(-c5ccc([N+](=O)[O-])cc5)cs4)cc3)cs2)cc1,2.7840624819789443
c1ccc(Cc2nc(-c3ccc(Nc4nc(-c5ccccc5)cs4)cc3)cs2)cc1,2.725893264188872
Clc1ccc(-c2csc(Nc3ccc(-c4csc(Cc5ccccc5)n4)cc3)n2)cc1,2.7596933351393997
Cn1c(-c2ccccc2)csc1=Nc1ccc(CC(=O)O)cc1,2.6079975523069625
CCn1c(-c2ccc(C)cc2)csc1=Nc1ccc(CC(=O)O)cc1,2.644018617713151
Cc1ccc(Nc2cc(Cl)ccc2C(=O)N/N=C/c2ccccc2[N+](=O)[O-])cc1,2.6115586908842903
CCOCCN(C(=O)CCl)c1cccc(C)c1,2.504717164703549
Clc1ccccc1-c1nsc(-c2ccccc2Cl)n1,3.089488271224996
O=C(NP(=O)(N1CC1)N1CC1)OC1CCCCC1,3.3574154784724497
Clc1cccc(-c2nsc(-c3cccc(Cl)c3)n2)c1,3.089488271224996
C#CCOC(=O)C=Cc1c[nH]c2ccccc12,2.5630783032819155
C[N+](C)(C)CCOC(=O)C=Cc1c[nH]c2ccccc12,3.73775860649918
C[N+]1(CCOC(=O)C=Cc2c[nH]c3ccccc23)CCCCC1,3.964649174894322
C[N+]1(CCOC(=O)C=Cc2c[nH]c3ccccc23)CCOCC1,3.96737313309486
O=C(C=Cc1c[nH]c2ccccc12)NC1CCCCC1,2.224597800547907
O=C(C=Cc1c[nH]c2ccccc12)Nc1cccc(OCc2ccccc2)c1,2.362242075995631
O=C(C=Cc1c[nH]c2ccccc12)Nc1ccc(OCc2ccccc2)cc1,2.362242075995631
COc1ccc(NC(=O)C=Cc2c[nH]c3ccccc23)cc1,2.2897940124005225
O=C(C=Cc1c[nH]c2ccccc12)Nc1cccc([N+](=O)[O-])c1,2.283455296744941
C[n+]1cccc2c1Cc1ccccc1-2,3.959628009380947
O=S(=O)(O)SCCNCc1cccc2ccccc12,3.1723124288237416
c1ccc2c(CNCCSSCCNCc3cccc4ccccc34)cccc2c1,3.335114742720444
O=P(O)(O)SCCNCc1cccc2ccccc12,2.996097026583275
C[n+]1cccc2c1C(=O)c1ccccc1-2,3.9917331949909456
COc1ccc2nc(-n3nc(C)cc3C)cc(C)c2c1,2.4270509475018325
N=C(N)SCCNCc1cccc2nsnc12,3.4271337917034885
O=S(=O)(O)SCCNCc1cccc2nsnc12,3.1838475692807
CN(CCSC(=S)SCCN(C)c1cccc2nsnc12)c1cccc2nsnc12,2.7383805980226
O=P(O)(O)C(S)CNCc1cccc2nsnc12,3.007635421411522
O=P(O)(O)SCCNCc1ccc2nsnc2c1,2.7066054257475414
SCCNCc1ccc2nsnc2c1,2.8757208898150144
NCC1C=CC=C2C1=NSN2CCSSCCN1SN=C2CC=CC=C21,3.325985416006695
c1cc(C2NCCS2)c2nsnc2c1,2.445849300339265
c1cc2nsnc2cc1C1NCCS1,2.445849300339265
O=P(O)(O)SCc1cccc2nsnc12,2.418718808917652
O=P(O)(O)SCc1ccc2nsnc2c1,2.3395375628700266
CCOC(=O)CC[Ge]12OCCN(CCO1)CCO2,2.1070755890044515
CNc1c([N+](=O)[O-])cc(C(=O)O)cc1S(N)(=O)=O,2.439714704914102
COc1ccc(CCc2c([N+](=O)[O-])cc(C(=O)O)cc2S(N)(=O)=O)cc1OC,2.6132115849728192
NS(=O)(=O)c1cc(C(=O)O)cc([N+](=O)[O-])c1CCc1ccc(Cl)cc1,3.168591170142555
NS(=O)(=O)c1cc(C(=O)O)cc([N+](=O)[O-])c1CCCc1ccccc1,3.144912832293844
CNc1c(N)cc(C(=O)O)cc1S(=O)(=O)NC,2.4137807428788918
CNc1c(N)cc(C(=O)O)cc1S(N)(=O)=O,2.3896267239267277
COc1ccc(CCc2c(N)cc(C(=O)O)cc2S(N)(=O)=O)cc1OC,2.580265624464972
Nc1cc(C(=O)O)cc(S(N)(=O)=O)c1CCc1ccc(Cl)cc1,2.550001971586764
Nc1cc(C(=O)O)cc(S(N)(=O)=O)c1CCCc1ccccc1,2.5242623725669486
CNS(=O)(=O)c1cc(C(=O)O)cc2ncn(C)c12,2.430207324217526
Cn1cnc2cc(C(=O)O)cc(S(N)(=O)=O)c21,2.4069742579132734
COc1ccc(CCn2cnc3cc(C(=O)O)cc(S(N)(=O)=O)c32)cc1OC,2.607918023772277
NS(=O)(=O)c1cc(C(=O)O)cc2ncn(CCc3ccc(Cl)cc3)c12,2.579583546511386
NS(=O)(=O)c1cc(C(=O)O)cc2ncn(CCCc3ccccc3)c12,2.5555865314033617
CCCCn1cnc2cc(C(=O)O)cc(S(N)(=O)=O)c21,2.473247494656769
NS(=O)(=O)c1cc(C(=O)O)cc2ncn(CCc3ccccc3)c12,2.5382971851679743
Cc1nc2cc(C(=O)O)cc(S(N)(=O)=O)c2n1C,2.430207324217526
COc1ccc(CCn2c(C)nc3cc(C(=O)O)cc(S(N)(=O)=O)c32)cc1OC,2.6226895171457523
Cc1nc2cc(C(=O)O)cc(S(N)(=O)=O)c2n1CCc1ccc(Cl)cc1,2.5953330551798643
Cc1nc2cc(C(=O)O)cc(S(N)(=O)=O)c2n1CCCc1ccccc1,2.572213856570115
CCCCn1c(C)nc2cc(C(=O)O)cc(S(N)(=O)=O)c21,2.493267003060152
Cc1nc2cc(C(=O)O)cc(S(N)(=O)=O)c2n1CCc1ccccc1,2.5555865314033617
CNS(=O)(=O)c1cc(C(=O)O)cc2nc(C)n(C)c12,2.452260371160933
CNS(=O)(=O)c1cc(C(=O)O)cc2nc(-c3ccco3)n(C)c12,2.692339543171854
Cn1c(-c2ccco2)nc2cc(C(=O)O)cc(S(N)(=O)=O)c21,2.5069296486460897
COc1ccc(CCn2c(-c3ccco3)nc3cc(C(=O)O)cc(S(N)(=O)=O)c32)cc1OC,2.757019458623864
CCCCn1c(-c2ccco2)nc2cc(C(=O)O)cc(S(N)(=O)=O)c21,2.5603789474977496
NS(=O)(=O)c1cc(C(=O)O)cc2nc(-c3ccco3)n(CCCc3ccccc3)c12,2.628864860302245
CNc1c([N+](=O)[O-])cc(C(=O)O)cc1S(=O)(=O)NC,2.4613018942414406
O=C(c1nnc2c(-c3ccccc3)cnn2c1C(F)(F)F)C(F)(F)F,2.5565642049631747
O=C(c1nnc2c(-c3ccccc3)cnn2c1-c1ccccc1)C(F)(F)F,2.566222943697846
O=C(c1nnc2c(-c3ccccc3)cnn2c1-c1ccc(F)cc1)C(F)(F)F,2.5869337019834946
O=C(c1nnc2c(-c3ccccc3)cnn2c1-c1ccc(F)cc1)C(F)(F)C(F)(F)F,2.639800143780421
O=C(c1ccc(F)cc1)c1nnc2c(-c3ccccc3)cnn2c1-c1ccc(F)cc1,2.6153176035198
COC(=O)c1ccc(-n2c(C=Cc3ccc(OC)cc3)nc3cc(Cl)ccc3c2=O)cc1,2.81705352470459
CCOC(=O)c1ccc(-n2c(C=Cc3ccc(O)cc3)nc3cc(Cl)ccc3c2=O)cc1,2.650200636617375
CCOC(=O)c1ccc(-n2c(C=Cc3cccc([N+](=O)[O-])c3)nc3cc(Cl)ccc3c2=O)cc1,2.677504753759696
CCOC(=O)c1ccc(-n2c(C=Cc3ccco3)nc3cc(Cl)ccc3c2=O)cc1,2.6241293953990503
Cc1ccc2c(c1)c1c3n2CCN=C3CCC1,3.493510330490696
COc1ccc2c(c1)c1c3n2CCN=C3CCC1,3.812562890408817
c1n[nH]c2c1C1CC2C2CCCC12,2.338075322620792
COc1ccc2nc(-n3nc(C)cc3C)sc2c1,2.413859458706848
O=C1NC(=O)C2NNC(N/N=C/c3ccc([N+](=O)[O-])o3)NC2N1,3.2098593646620945
Cc1ccccc1Nc1cc(Cl)ccc1C(=O)N/N=C/c1ccccc1[N+](=O)[O-],2.6115586908842903
Cc1ccccc1Nc1cc(Cl)ccc1C(=O)N/N=C/c1cccc([N+](=O)[O-])c1,2.6115586908842903
Cc1ccccc1Nc1cc(Cl)ccc1C(=O)N/N=C/c1ccc(O)cc1,2.579608700732167
Cc1ccccc1Nc1cc(Cl)ccc1C(=O)N/N=C/c1ccccc1Cl,2.600202673750308
Cc1ccccc1Nc1cc(Cl)ccc1C(=O)N/N=C/c1ccc(Cl)cc1,2.600202673750308
Cc1ccccc1Nc1cc(Cl)ccc1C(=O)NN=Cc1ccc(N(C)C)cc1,2.609505833996731
COc1cc(C=NNC(=O)c2ccc(Cl)cc2Nc2ccccc2C)ccc1O,2.6126493105164994
COc1cc(C=NNC(=O)c2ccc(Cl)cc2Nc2ccccc2C)c([N+](=O)[O-])cc1OC,2.671077454134427
Cc1cccc(Nc2cc(Cl)ccc2C(=O)N/N=C/c2cccc([N+](=O)[O-])c2)c1,2.6115586908842903
Cc1cccc(Nc2cc(Cl)ccc2C(=O)N/N=C/c2ccc(O)cc2)c1,2.579608700732167
Cc1cccc(Nc2cc(Cl)ccc2C(=O)N/N=C/c2ccccc2Cl)c1,2.600202673750308
Cc1cccc(Nc2cc(Cl)ccc2C(=O)N/N=C/c2ccc(Cl)cc2)c1,2.600202673750308
Cc1cccc(Nc2cc(Cl)ccc2C(=O)NN=Cc2ccc(N(C)C)cc2)c1,2.609505833996731
COc1cc(C=NNC(=O)c2ccc(Cl)cc2Nc2cccc(C)c2)ccc1O,2.6126493105164994
COc1ccccc1Nc1cc(Cl)ccc1C(=O)N/N=C/c1ccccc1[N+](=O)[O-],2.6282294891648363
COc1ccccc1Nc1cc(Cl)ccc1C(=O)N/N=C/c1cccc([N+](=O)[O-])c1,2.6282294891648363
COc1ccccc1Nc1cc(Cl)ccc1C(=O)N/N=C/c1ccc(O)cc1,2.5975262607783085
COc1ccccc1Nc1cc(Cl)ccc1C(=O)N/N=C/c1ccccc1Cl,2.617306547130299
COc1ccccc1Nc1cc(Cl)ccc1C(=O)N/N=C/c1ccc(Cl)cc1,2.617306547130299
COc1ccccc1Nc1cc(Cl)ccc1C(=O)N/N=C/c1ccc(N(C)C)cc1,2.6262541159349477
COc1cc(/C=N/NC(=O)c2ccc(Cl)cc2Nc2ccccc2OC)ccc1O,2.6292790872556293
COc1cc(C=NNC(=O)c2ccc(Cl)cc2Nc2cccc(C)c2)c([N+](=O)[O-])cc1OC,2.671077454134427
COc1ccccc1Nc1cc(Cl)ccc1C(=O)N/N=C/c1cc(OC)c(OC)cc1[N+](=O)[O-],2.6856486015519176
NC(=O)CN1CC(c2ccccc2)CC1=O,2.29757350642247
COc1ccc(C=CC(=O)c2cc(Br)c(O)cc2O)cc1,3.111685596480545
COc1ccc(C=CC(=O)c2cc(Br)c(O)cc2O)cc1OC,2.8799051960237763
COc1ccc(C=CC(=O)c2cc(Br)c(O)cc2O)cc1O,3.1645657863502787
O=C(C=Cc1ccc(O)c(O)c1)c1cc(Br)c(O)cc1O,3.068373891580956
O=C(O)c1cc(C=CC(=O)c2cc(Br)c(O)cc2O)ccc1O,2.879854801077721
O=C(C=Cc1ccccc1O)c1cc(Br)c(O)cc1O,3.224213115512025
O=C(C=Cc1ccccc1)c1cc(Br)c(O)cc1O,3.24872778676777
CCc1c(C)nn(-c2nc3ccc(Cl)cc3s2)c1C,2.465095705737384
CCc1c(C)nn(-c2nc3ccc(OC)cc3s2)c1C,2.4584686300383387
Cc1nn(-c2nc3ccc([N+](=O)[O-])cc3s2)c(C)c1C(C)C,2.500217257830485
CCOC(=O)Cc1c(C)nn(-c2nc3ccccc3s2)c1C,2.498858935055922
Cc1nn(-c2nc3ccccc3s2)c(C)c1CC(=O)O,2.458402133106756
Cc1ccccc1N1CCN(CC2COc3ccc4c(C)cc(=O)oc4c3C2=O)CC1,2.6674456886443187
Cc1cccc(N2CCN(CC3COc4ccc5c(C)cc(=O)oc5c4C3=O)CC2)c1,2.6674456886443187
Cc1ccc(N2CCN(CC3COc4ccc5c(C)cc(=O)oc5c4C3=O)CC2)cc1,2.6674456886443187
Cc1cc(=O)oc2c3c(ccc12)OCC(CN1CCN(c2ccccc2Cl)CC1)C3=O,2.688133955842733
Cc1cc(=O)oc2c3c(ccc12)OCC(CN1CCN(c2cccc(Cl)c2)CC1)C3=O,2.688133955842733
Cc1cc(=O)oc2c3c(ccc12)OCC(CN1CCN(c2ccc(Cl)cc2)CC1)C3=O,2.688133955842733
OC1c2ccccc2-c2cccnc21,2.718881130365252
Nn1nc(-c2ccc(Cl)cc2)cc1OCCN1CCOCC1,2.8099581400885776
Nn1nc(-c2ccc(Cl)cc2)cc1OCCN1CCCCC1,2.807296844919794
Nn1nc(-c2ccc(Cl)cc2)cc1OCCCN1CCCCC1,2.82588159591642
Nn1nc(-c2ccc(Cl)cc2)cc1OCCN1CCCC1,2.787881104233572
Nn1nc(-c2ccc(Cl)cc2)cc1OCCN1CCN(c2ccccc2)CC1,2.900814849337252
Nn1nc(-c2ccccc2)cc1OCCN1CCCC1,2.736160564499402
Nn1nc(-c2ccccc2)cc1OCCN1CCOCC1,2.7609514575448624
Cc1c(-c2ccccc2)nn(N)c1OCCN1CCCC1,2.757971163913973
CN(C)CCOc1cc(-c2ccccc2)nn1N,2.692519092642964
O=C(NNn1cnc2nc(=O)[nH]c(=O)c-2n1)c1ccncc1,3.1764356627492485
O=C1NC(=O)C2NNC(Nc3nncs3)NC2N1,3.1307807009135917
Cn1c(=O)c2nnc(C(C#N)C#N)nc2n(C)c1=O,3.10926291915425
CCOC(=O)C(C#N)C1NNC2C(=O)NC(=O)NC2N1,3.1496193415331533
CNC(=O)c1nnc(NN)nc1NC,2.993881319528225
CNC(=O)c1nnc(N(C)N)nc1NC,3.023723547342549
CNC(=O)c1nnc(Nc2ccccc2)nc1NC,3.1110691894238207
CCS(=O)(=O)c1nnc(C(=O)NC)c(NC)n1,3.1127574469897854
CN(C)N=Nc1nc[nH]c1[N+](=O)[O-],6.566222943697846
CCN(CC)N=Nc1nc[nH]c1[N+](=O)[O-],6.627801980579593
O=[N+]([O-])c1nc[nH]c1N=NN(CCO)CCO,6.688795217646754
COc1ccc(C=CC(=O)c2cc(Cl)cc(CO)c2O)cc1OC,2.7501623741980867
O=C(O)c1cc(C(=O)C=Cc2ccccc2O)c(O)cc1O,2.9334381141945176
O=C(O)c1cc(C=CC(=O)c2cc(C(=O)O)c(O)cc2O)ccc1O,2.6618442235701645
O=C(C=Cc1cc(Br)cc(Br)c1O)c1cc(Br)c(O)cc1O,3.91464721548791
CC(C)Cc1ccc(C(C)C(=O)NCCO)cc1,1.9453369341990967
OC(COc1cccc2cccnc12)CN1CCCC1,2.4351241903594607
OC(COc1cccc2cccnc12)CN1CCOCC1,2.459915437313681
OC(COc1cccc2cccnc12)CN1CCCCC1,2.4569351021974537
CC1CCCCN1CC(O)COc1cccc2cccnc12,2.477702819763796
CC1CCCN(CC(O)COc2cccc3cccnc23)C1,2.477702819763796
CN1CCN(CC(O)COc2cccc3cccnc23)CC1,2.479128838499957
Cc1ccccc1N1CCN(CC(O)COc2cccc3cccnc23)CC1,2.5769031503582744
COc1ccccc1N1CCN(CC(O)COc2cccc3cccnc23)CC1,2.594930388736946
CCN(CC)CC(O)COc1cccc2cccnc12,2.4383271258866395
CN(CC(O)COc1cccc2cccnc12)c1ccccc1,2.4890876124095613
CCN(CC(O)COc1cccc2cccnc12)c1ccccc1,2.508405809537364
OC(COc1cccc2cccnc12)CN(c1ccccc1)c1ccccc1,2.568731943798195
OC(COc1cccc2cccnc12)CN(C1CCCCC1)C1CCCCC1,2.582685935770024
COc1cc2ccnc3cc[nH]c(c1OC)c23,3.881291434196556
CC(NC(=O)c1ccc(N)cc1)c1ccccc1,2.524640170233512
CCOC(C(=O)CN(C)C)(c1ccccc1)c1ccccc1,3.218065538464322
CCCOC(C(=O)CN(C)C)(c1ccccc1)c1ccccc1,3.095413464448446
C#CCOC(C(=O)CN(C)C)(c1ccccc1)c1ccccc1,3.3737506211497084
CC#CCOC(C(=O)CN(C)C)(c1ccccc1)c1ccccc1,3.2518003916531963
CN(C)CC(=O)C(Oc1ccccc1)(c1ccccc1)c1ccccc1,3.1404351307531844
CN(C)CC(=O)C(OCc1ccccc1)(c1ccccc1)c1ccccc1,3.4417180912036054
CCOC(C(=O)CN1CCCCC1)(c1ccccc1)c1ccccc1,2.653164899622133
CCOC(C(=O)CN1CCCC1)(c1ccccc1)c1ccccc1,2.991274417471136
CCOC(C(=O)CN1CCOCC1)(c1ccccc1)c1ccccc1,2.8495153841157004
Cc1ccc(CN2C(=O)C(Cl)C2c2c[nH]c3ccccc23)c(C)c1,2.5299921096423703
COc1ccc(CN2C(=O)C(Cl)C2c2c[nH]c3ccccc23)cc1,2.532512329290388
O=C1C(Cl)C(c2c[nH]c3ccccc23)N1Cc1ccccc1,2.4924586520510883
Cc1ccc(CN2C(=O)CSC2c2c[nH]c3ccccc23)c(C)c1,2.6518721771984413
COc1ccc(CN2C(=O)CSC2c2c[nH]c3ccccc23)cc1,2.529471420461471
O=C1CSC(c2c[nH]c3ccccc23)N1CCc1ccccc1,2.5084394840774533
Cc1ccc(Nc2nc(-c3ccc(OC(C)C(=O)O)cc3)cs2)cc1,2.71702278736022
CC(Oc1ccc(-c2csc(Nc3ccc(Cl)cc3)n2)cc1)C(=O)O,2.5738563565985344
O=C1c2ccccc2C(=O)N1Cc1nc2ccccc2c(=O)o1,2.486114384504483
CC(CN1C(=O)CCc2ccc(O)cc21)N1CCCCC1,3.4471444782516283
O=C1CCc2cc(O)ccc2N1CCN1CCCCC1,3.080392278886185
O=C1CCc2ccc(O)cc2N1CCN1CCCCC1,3.126573264830885
O=S(=O)(O)c1ccc(N=Nc2ccc(N(CCCl)CCCl)cc2)cc1,3.428462012090245
SCc1ccc2c(c1)N=S=N2,2.1815410955670447
c1cc2c(cc1CNCCSSCCNCc1ccc3c(c1)N=S=N3)N=S=N2,3.3508951001249283
CCOCCN(C(=O)CCl)c1cccc(OC)c1,2.392767278655642
SCc1cccc2c1N=S=N2,2.357632354622726
BrC[Ge]12OCCN(CCO1)CCO2,2.944909250053355
CCN(CC)CCOC(=O)c1ccc(Cl)c(N)c1,2.587486465410964
CCNC1C=CC=CC=C1,3.13100881279064
OC(c1cccnc1)c1nccc2ccccc12,2.896294679025345
CON1C(C)(C)CC(OC(=O)NP(=O)(N2CC2)N2CC2)CC1(C)C,3.380687498036381
CON1C(C)(C)CC(OCCOC(=O)NP(=O)(N2CC2)N2CC2)CC1(C)C,3.159704660824197
CON1CC(C)(C)C(OC(=O)NP(=O)(N2CC2(C)C)N2CC2(C)C)C(C)(C)C1,3.075550089552803
CON1C(C)(C)CC(OCCOC(=O)NP(=O)(N2CC2(C)C)N2CC2(C)C)CC1(C)C,3.7090399351094736
NC(=O)c1cncc(O)c1,2.237185448239304
CCOC(=O)c1cncc(NC(=O)c2ccccc2)c1,2.528736777724652
CCOC(=O)c1cncc(NC(=O)c2cc(OC)c(OC)c(OC)c2)c1,2.556743809196763
CCOCCN(C(=O)CCl)c1ccccc1,2.32640414085687
COCCN(C(=O)CCBr)c1ccccc1C,2.368163932545227
COCCCN(C(=O)CCl)c1ccccc1,2.3662756528945623
COCCCN(C(=O)CCl)c1ccccc1C,2.335925144389367
CN(C)CCOC(=O)CCSCCC(=O)OCCN(C)C,2.551524542749972
CCN(CC)C(=S)SC(=CC(=O)c1cccs1)c1ccccc1,2.6550867872085964
CC[N+](CC)=C1SC(CC(=O)c2ccccc2)(c2ccccc2)S1,2.6490134008060298
CC[N+](CC)=C1SC(CC(=O)c2cccs2)(c2ccccc2)S1,2.6562958904274487
c1ccc(Sc2nnc[nH]2)nc1,2.9124999457272884
Cc1nnc(Sc2ccccn2)[nH]1,2.733631218338472
c1ccc(-c2nnc(Sc3ccccn3)[nH]2)cc1,3.043649263536893
c1ccc(-n2c(Sc3ccccn3)nnc2-c2ccncc2)cc1,2.609200137248724
CCOc1ccc2nc3cc([N+](=O)[O-])ccc3c(Sc3nnc[nH]3)c2c1,2.3890360719997807
CCOc1ccc2nc3cc([N+](=O)[O-])ccc3c(Sc3nnc(C)[nH]3)c2c1,2.5095180386184843
CCOc1ccc2nc3cc([N+](=O)[O-])ccc3c(Sc3nnc(-c4ccccc4)[nH]3)c2c1,2.683094045741492
CCCCN(CCCC)C(=S)SC(=CC(=O)c1ccccc1)c1ccccc1,2.711423362377508
CCCCN(CCCC)C(=S)SC(=CC(=O)c1ccco1)c1ccccc1,2.700700472901214
CCCCN(CCCC)C(=S)SC(=CC(=O)c1cccs1)c1ccccc1,2.717738096260403
CCN(CC)C(=S)SC(=CC(=O)c1ccco1)c1ccccc1,2.635344237466895
CCCN(CCC)CCN1C(C)Cc2c([nH]c3ccccc23)C1c1ccc(OC)c(OC)c1,3.2057059419265834
CCCN(CCC)CCCN1C(C)Cc2c([nH]c3ccccc23)C1c1ccc(OC)c(OC)c1,3.032736795257436
O=C(C=Cc1cccc([N+](=O)[O-])c1)c1cc(Br)c(O)cc1O,3.3851902478582123
O=C(O)CSc1c2ccccc2nc2ccc(Cl)cc12,3.0762218730698763
COc1ccccc1C=CC(=O)c1ccc(O)cc1O,2.61890698088947
O=C(C=Cc1cc(Br)ccc1O)c1ccc(O)cc1O,3.5252431111760063
CC(=O)c1cc(C(=O)C=Cc2ccccc2)c(O)cc1O,2.637789829362229
CC(=O)c1cc(C(=O)C=Cc2ccccc2O)c(O)cc1O,2.661731161241172
COc1ccc(C=CC(=O)c2cc(C(C)=O)c(O)cc2O)cc1,2.6495031465134096
COc1cccc(C=CC(=O)c2cc(C(C)=O)c(O)cc2O)c1O,2.6711992990814464
COc1cc(C=CC(=O)c2cc(C(C)=O)c(O)cc2O)ccc1O,2.6711992990814464
COc1ccc(C=CC(=O)c2cc(C(C)=O)c(O)cc2O)cc1OC,2.7215531698378173
CC(=O)c1cc(C(=O)C=Cc2ccc(N(C)C)cc2)c(O)cc1O,2.5829505728980275
COc1ccccc1C=CC(=O)c1cc(Br)c(O)cc1O,3.145109351967496
COc1cc(C=CC(=O)c2cc(Br)c(O)cc2O)ccc1O,3.1311420308633293
CN(C)c1ccc(C=CC(=O)c2cc(Br)c(O)cc2O)cc1,3.257946027497795
O=C(C=Cc1ccc([N+](=O)[O-])cc1)c1cc(I)ccc1O,4.29573418873037
COc1cc(C=CC(=O)c2cc(C(=O)O)c(O)cc2O)ccc1O,2.7059846981326303
O=C(C=Cc1ccccc1)c1cc(Cl)cc(CO)c1O,2.682340660471666
COc1ccc(C=CC(=O)c2cc(Cl)cc(CO)c2O)cc1O,2.649665809092025
CN(C)c1ccc(C=CC(=O)c2cc(Cl)cc(CO)c2O)cc1,2.848777214846246
COc1ccc(C=CC(=O)c2cc(C(C)=O)c(O)cc2O)cc1O,2.6711992990814464
Cc1cc(C)n(-c2cc(C)c3cc(Cl)ccc3n2)n1,2.434171150895159
CCCCc1c(C)nn(-c2cc(C)c3cc(OC)ccc3n2)c1C,2.5097937283256178
Cc1nn(-c2cc(C)c3cc(F)ccc3n2)c(C)c1CC(=O)O,2.4960047508144787
O=[N+]([O-])c1ccc(C=C2c3ccccc3-c3cccnc32)cc1,2.4775799169383217
Brc1ccc(C=C2c3ccccc3-c3cccnc32)cc1,2.5240272371354067
COc1ccc(C=C2c3ccccc3-c3cccnc32)cc1OC,2.498823132286178
Cc1ccc(S(=O)(=O)N/N=C2\c3ccccc3-c3cccnc32)cc1,2.662527952548714
NC(=O)N/N=C1\c2ccccc2-c2cnccc21,2.832964864960088
NC(=O)N/N=C1\c2ccccc2-c2ncccc21,2.7749729179824016
O=C(NC[Ge]12OCCN(CCO1)CCO2)c1ccc(Cl)cc1,2.2763822126548536
O=C(NC[Ge]12OCCN(CCO1)CCO2)c1ccccc1,2.437103787961876
O=c1oc2ccccc2cc1N=C(N=Nc1ccc(Cl)cc1Cl)c1ccccc1O,2.340711748135392
C=CCC(=O)OCCOCCCCOC=C,2.2352850082902425
C=COCCOCCOC(C)OC(=O)C=C,2.3932688193447094
O=C(O)C1(C(=O)O)CCC1,2.624716227554341
O=C1c2ccccc2C(=O)N1C[Si]12OCCN(CCO1)CCO2,1.873963940514043
CN1C(=O)N(C[Ge]23OCCN(CCO2)CCO3)C(=O)C(C)(C2=CCCCC2)C1=O,1.67030709541356
CC(=O)OC1COC(Sc2nnc(C)[nH]2)C(OC(C)=O)C1OC(C)=O,3.1919479515839724
CC(=O)OC1COC(Sc2nnc(-c3ccccc3)n2-c2ccccc2)C(OC(C)=O)C1OC(C)=O,3.293919834866719
CC(=O)OC1COC(Sc2nnc(-c3ccncc3)n2-c2ccccc2)C(OC(C)=O)C1OC(C)=O,3.129947557280667
CC(=O)OCC1OC(Sc2nnc(C)[nH]2)C(OC(C)=O)C(OC(C)=O)C1OC(C)=O,2.398378960962438
CC(=O)OCC1OC(Sc2nnc(-c3ccccc3)n2-c2ccccc2)C(OC(C)=O)C(OC(C)=O)C1OC(C)=O,2.9940953999442157
CC(=O)OCC1OC(Sc2nnc(-c3ccncc3)n2-c2ccccc2)C(OC(C)=O)C(OC(C)=O)C1OC(C)=O,3.465834015568132
O=C(NS(=O)(=O)Nc1cccc([N+](=O)[O-])c1)OCCCl,3.209131486535218
N#Cc1ccccc1NS(=O)(=O)NC(=O)OCCCl,3.181453404847643
O=C(NS(=O)(=O)Nc1ccc(-c2ccccc2)cc1)OCCCl,3.248971975922782
CC(NS(=O)(=O)NC(=O)OCCCl)c1ccccc1,3.18578430636897
O=C(NS(=O)(=O)NCc1ccccn1)OCCCl,3.1669212667130267
O=C(NS(=O)(=O)NC12CC3CC(CC(C3)C1)C2)OCCCl,3.22639495233597
CCCCCNS(=O)(=O)NC(=O)OCCCl,3.1347411326713366
O=C(NS(=O)(=O)N(c1ccccc1)c1ccccc1)OCCCl,3.248971975922782
CN(c1ccccc1)S(=O)(=O)NC(=O)OCCCl,3.1654580069921363
O=C(NS(=O)(=O)N(CCCl)CCCl)OCCBr,3.269592324126343
O=C1OCCN1S(=O)(=O)Nc1cccc([N+](=O)[O-])c1,3.157234577385261
O=C1OCCN1S(=O)(=O)NCc1ccccc1,3.107689803454109
CC(NS(=O)(=O)N1CCOC1=O)c1ccccc1,3.1308321168659883
O=C1OCCN1S(=O)(=O)NCc1ccco1,3.0903356615822672
O=C1OCCN1S(=O)(=O)NC1CCCCC1,3.0939537201206884
O=C1OCCN1S(=O)(=O)NC12CC3CC(CC(C3)C1)C2,3.176641017292667
O=C1OCCN1S(=O)(=O)N(c1ccccc1)c1ccccc1,3.201880315319338
CN(c1ccccc1)S(=O)(=O)N1CCOC1=O,3.1076898034541087
O=C1OCCN1S(=O)(=O)NCCCl,3.058154505547315
CN(C(=O)OCCCl)S(=O)(=O)N(C)c1cccc([N+](=O)[O-])c1,3.2452263338988496
CN(C(=O)OCCCl)S(=O)(=O)N(C)c1ccccc1C#N,3.219821516128573
CN(Cc1ccccc1)S(=O)(=O)N(C)C(=O)OCCCl,3.2052016563681214
CC(NS(=O)(=O)N(C)C(=O)OCCCl)c1ccccc1,3.2052016563681214
CN(C(=O)OCCCl)S(=O)(=O)NCc1ccco1,3.171334388111691
CN(C(=O)OCCCl)S(=O)(=O)NC1CCCCC1,3.1743389696267466
O=C(NCS(=O)(=O)NC12CC3CC(CC(C3)C1)C2)OCCCl,3.244113765663021
CN(C(=O)OCCCl)S(=O)(=O)N(C)c1ccccc1,3.18578430636897
O=C(NS(=O)(=O)NCc1ccco1)OCCCl,3.1503034939476
O=C(Cn1ccnc1[N+](=O)[O-])NO,2.052325433218171
O=C(C=CC=Cc1ccccc1)c1ccc(Br)c(Br)c1,2.9401732522682944
O=C(C=CC=Cc1ccccc1)c1cc(Br)c(O)cc1O,3.282788217061201
CC(=O)c1cc(C(=O)C=CC=Cc2ccccc2)c(O)cc1O,2.6761066518687127
N#Cc1c2n(c(=O)n(-c3ccc(F)cc3)c1=N)CCC2,2.1887549722516866
O=[N+]([O-])c1nccn1COC(CO)CO,1.7033533729058712
O=C(NCCO)C(F)(F)Cn1ccnc1[N+](=O)[O-],2.0601852510983845
Cc1cc(C[N+](C)(C)C)c(C)cc1C[N+](C)(C)C,2.651274545621769
CC1=C2C(CCS2(=O)=O)C2=C(C1)C(=O)C=CC2=O,2.5294494156171696
CC1=C2C(CCS2(=O)=O)c2c(O)c(SCCO)cc(O)c2C1,2.9547983552837707
CC(=O)OCCSc1cc(OC(C)=O)c2c(c1OC(C)=O)C1CCS(=O)(=O)C1=C(C)C2,3.126686970973501
CC1=C2C(CCS2(=O)=O)C2(S(=O)Cc3ccccc3)C(=O)c3ccccc3C(=O)C2C1,1.8125017750350616
CC1=C2C(CCS2(=O)=O)C2(S(=O)C(C)C)C(=O)c3ccccc3C(=O)C2C1,1.7639892184722727
CCC1NN(C)C(C(C)=O)=NN1c1ccc(Cl)cc1,2.181161958481287
NC1=NN(C=CC(=O)c2cccs2)C(c2cccs2)S1,2.7289648818020966
O=C(C=CN1N=C(Nc2ccccc2)SC1c1ccccc1)c1ccccc1,2.8078641193135625
NC1=NN(C=CC(=O)c2ccccc2)C(c2cccs2)S1,3.118682116301235
O=C(C=CN1N=C(Nc2ccccc2)SC12CCCCC2)c1ccccc1,2.798780661160514
O=C(C=CN1N=C(Nc2ccccc2)SC12CCCCC2)c1cccs1,2.805661678186864
NC1=NN(C=CC(=O)c2cccs2)C2(CCCCC2)S1,2.7096147714975336
NC1=NN(C=CC(=O)c2ccccc2)C2(CCCCC2)S1,2.701013610916568
Cc1ccc(-c2nc3ccccc3c3c2C(=O)c2ccccc2-3)cc1,2.507017495071739
Cc1ccc(-c2nc3ccc(C)cc3c3c2C(=O)c2ccccc2-3)cc1,2.525570827332632
Cc1ccc(-c2nc3cc(C)ccc3c3c2C(=O)c2ccccc2-3)cc1,2.525570827332632
Cc1ccc(-c2nc3c(C)cccc3c3c2C(=O)c2ccccc2-3)cc1,2.525570827332632
Cc1ccc(-c2nc3cc([N+](=O)[O-])ccc3c3c2C(=O)c2ccccc2-3)cc1,2.563927016827288
Cc1ccc(N)c(C2(c3ccccc3)NC(=S)N2c2ccccc2)c1,2.58416908765852
Nc1ccc(Cl)cc1C1(c2ccccc2)NC(=S)N1c1ccccc1,2.60910684371738
Nc1ccc(Br)cc1C1(c2ccccc2)NC(=S)N1c1ccccc1,2.6589013446773486
Nc1ccc([N+](=O)[O-])cc1C1(c2ccccc2)NC(=S)N1c1ccccc1,2.6214544089929674
CCCCC(=CC(=O)c1ccccc1)Sc1nncn1N,3.128403577173438
Nn1cnnc1SC=CC(=O)c1ccccc1,4.029727759360077
COC(=O)C=CSc1nnc(-c2ccccc2)n1N,2.7010512024347566
COC(=O)C=CSc1nncn1N,3.3521239576040163
O=C(O)c1cc(-c2cc(=O)c3ccccc3o2)ccc1O,2.486847661935994
O=C(O)c1cc(-c2cc(=O)c3cc(O)ccc3o2)ccc1O,2.510792624996824
COc1ccccc1-c1cc(=O)c2cc(C(C)=O)c(O)cc2o1,2.652939682768002
CN(C)Cc1nc(=O)c2c([nH]1)N(c1ccc(F)cc1)C(=O)N1CCCC21,2.521732717066241
c1cncc(NC2C3CC4CC(C3)CC2C4)c1,1.9083309864308908
O=C(OC12CC3CC(CC(C3)C1)C2)c1cncc(Br)c1,2.0495139142196472
O=C(NC1C2CC3CC(C2)CC1C3)c1cncc(Br)c1,2.048241054582192
CN(C(=O)c1cncc(Br)c1)C12CC3CC(CC(C3)C1)C2,2.066042516337669
CCOC(=O)c1cncc(NC(=O)C23CC4CC(CC(C4)C2)C3)c1,2.877929760672328
CCc1[nH]c(C)cc(=NOC23CC4CC(CC(C4)C2)C3)c1OC12CC3CC(CC(C3)C1)C2,2.163002263606159
CN(CCOC(=O)c1cncc(Br)c1)C12CC3CC(CC(C3)C1)C2,3.144502443015353
O=C(NC12CC3CC(CC(C3)C1)C2)c1cncc(Br)c1,2.048241054582192
O=c1c(-c2ccccc2F)coc2cc(O)ccc12,2.0072328256715504
O=C1C(=C(Nc2ccccc2)c2cccs2)C(=O)c2ccccc21,2.5203472621146648
COc1ccc(NC(=C2C(=O)c3ccccc3C2=O)c2cccs2)cc1,2.558014584826468
COc1cccc(NC(=C2C(=O)c3ccccc3C2=O)c2cccs2)c1,2.558014584826468
COc1ccccc1NC(=C1C(=O)c2ccccc2C1=O)c1cccs1,2.5580145848264686
O=C1c2ccccc2-c2c1c(-c1cccs1)nc1ccccc21,2.496072662058243
COc1ccc2nc(-c3cccs3)c3c(c2c1)-c1ccccc1C3=O,2.535809143563362
COc1ccc2c3c(c(-c4cccs4)nc2c1)C(=O)c1ccccc1-3,2.5358091435633625
COc1cccc2c3c(c(-c4cccs4)nc12)C(=O)c1ccccc1-3,2.5358091435633625
c1csc(-c2nc3ccccc3c3c2Cc2ccccc2-3)c1,2.4762488948986
COc1ccc2nc(-c3cccs3)c3c(c2c1)-c1ccccc1C3,2.5177552362662587
COc1ccc2c3c(c(-c4cccs4)nc2c1)Cc1ccccc1-3,2.5177552362662587
COc1cccc2c3c(c(-c4cccs4)nc12)Cc1ccccc1-3,2.5177552362662587
Cc1cc(C[N+]2=C3SCCN3CC2c2ccccc2)cc(C)c1N=C=Nc1c(C)cc(C[N+]2=C3SCCN3CC2c2ccccc2)cc1C,5.659585998095253
CN1C(=O)C(O)N=C(c2ccccc2Cl)c2cc(Br)ccc21,2.6762831216954086
CC1N=C(c2ccccc2Cl)c2cc(Br)ccc2N(C)C1=O,2.674021351339772
CCOC(=O)C1C2C(=O)C3CC(C)=C4C(CCS4(=O)=O)C3C(=O)C12,2.29177325365038
O=C1C=C2C(=O)C=CC(=O)C2C(c2ccco2)C1,1.9042209862199
O=C1CC2C(=O)c3ccccc3C(=O)C2C(c2ccco2)C1,1.991677861407572
O=C1CC2C(=O)C3=C(C(=O)c4ccccc4C3=O)C(=O)C2C(c2ccco2)C1,2.4271474815206027
CC1=C2C(CCS2(=O)=O)C2=C(C1)C(=O)C1CC(=O)CC(c3ccco3)C1C2=O,2.1254292123062424
CC1(C)OC(=O)C2(CCC(=O)CC2c2ccco2)C(=O)O1,2.032840208869561
O=C1CC(C(=O)O)C(C(=O)O)C(c2ccco2)C1,1.906932943435225
CC1=CC(c2ccco2)C2(CC13C(=O)OC(C)(C)OC3=O)C(=O)OC(C)(C)OC2=O,2.172883279971729
CC(=O)Nc1cc(O)c2c(c1O)C1CCS(=O)(=O)C1=C(C)C2,2.254427221540668
O=C1c2ccccc2C(=O)N1Cc1nc2c(Br)cc(Br)cc2c(=O)n1-c1ccc(O)cc1,2.7444353770660377
O=C1c2ccccc2C(=O)N1Cc1nc2ccc(Br)cc2c(=O)n1-c1ccc(O)cc1,2.677867816002236
O=C1c2ccccc2C(=O)N1Cc1nc2ccccc2c(=O)n1-c1ccc(O)cc1,2.5992169342396694
O=C1c2ccccc2C(=O)N1Cc1nc2ccc(I)cc2c(=O)n1-c1ccc(O)cc1,2.7187391157752474
CNc1nnc(CC(=O)c2ccccc2)s1,2.541832489917101
O=C(C=CN1N=C(c2ccccc2)SC1CC(=O)c1cccs1)c1cccs1,2.285528668766461
O=C(Cc1nnc(Nc2ccccc2)s1)c1ccccc1,2.47036197195602
O=C(C=CN1N=C(Nc2ccccc2)SC1CC(=O)c1ccccc1)c1ccccc1,2.288542898154994
O=C1c2ccccc2C(=O)N1Cc1nc2ccc(Br)cc2c(=O)o1,2.58565583618358
O=C1c2ccccc2C(=O)N1Cc1nc2ccc(I)cc2c(=O)o1,2.6356576308551976
CCN(CC)Cc1cc(-n2c(CN3C(=O)c4ccccc4C3=O)nc3ccccc3c2=O)ccc1O,2.683533319875132
O=C1c2ccccc2C(=O)N1Cc1nc2ccccc2c(=O)n1-c1ccc(O)c(CN2CCCCC2)c1,2.694211084358864
O=C1c2ccccc2C(=O)N1Cc1nc2ccccc2c(=O)n1-c1ccc(O)c(CN2CCOCC2)c1,2.695939370740221
CN(C)Cc1cc(-n2c(CN3C(=O)c4ccccc4C3=O)nc3c(Br)cc(Br)cc3c2=O)ccc1O,2.7869486549113938
CCN(CC)Cc1cc(-n2c(CN3C(=O)c4ccccc4C3=O)nc3c(Br)cc(Br)cc3c2=O)ccc1O,2.806405205831913
O=C1c2ccccc2C(=O)N1Cc1nc2c(Br)cc(Br)cc2c(=O)n1-c1ccc(O)c(CN2CCCCC2)c1,3.397835499188539
O=C1c2ccccc2C(=O)N1Cc1nc2c(Br)cc(Br)cc2c(=O)n1-c1ccc(O)c(CN2CCOCC2)c1,2.815786876499734
CN(C)Cc1cc(-n2c(CN3C(=O)c4ccccc4C3=O)nc3ccc(Br)cc3c2=O)ccc1O,2.727038355499756
CCN(CC)Cc1cc(-n2c(CN3C(=O)c4ccccc4C3=O)nc3ccc(Br)cc3c2=O)ccc1O,2.7493002567132447
O=C1c2ccccc2C(=O)N1Cc1nc2ccc(Br)cc2c(=O)n1-c1ccc(O)c(CN2CCCCC2)c1,2.7584932850599677
O=C1c2ccccc2C(=O)N1Cc1nc2ccc(Br)cc2c(=O)n1-c1ccc(O)c(CN2CCOCC2)c1,2.75998419794173
CCN(CC)Cc1cc(-n2c(CN3C(=O)c4ccccc4C3=O)nc3ccc(I)cc3c2=O)ccc1O,2.7842149025190355
O=C1c2ccccc2C(=O)N1Cc1nc2ccc(I)cc2c(=O)n1-c1ccc(O)c(CN2CCCCC2)c1,2.79270468899249
O=C1c2ccccc2C(=O)N1Cc1nc2ccc(I)cc2c(=O)n1-c1ccc(O)c(CN2CCOCC2)c1,2.794082841483577
O=C1c2ccccc2C(=O)N1Cc1nc2c(Br)cc(Br)cc2c(=O)o1,2.6665825583380123
CN(C)Cc1cc(-n2c(CN3C(=O)c4ccccc4C3=O)nc3ccccc3c2=O)ccc1O,2.6575205097441423
CN(C)CCOC(=O)C(O)(c1ccc(Br)cc1)c1ccc(Br)cc1,3.2450967760355
CN(C)CCCOC(=O)C(O)(c1ccc(Br)cc1)c1ccc(Br)cc1,3.5762851301991225
CCN(CC)CCOC(=O)C(O)(c1ccc(Br)cc1)c1ccc(Br)cc1,3.333752595181982
O=C(OCCCN1CCCC1)C(O)(c1ccc(Br)cc1)c1ccc(Br)cc1,3.599644690293488
O=C(OCCN1CCCCC1)C(O)(c1ccc(Br)cc1)c1ccc(Br)cc1,3.45351665461525
O=C(OCCCN1CCCCC1)C(O)(c1ccc(Br)cc1)c1ccc(Br)cc1,3.611726705897086
O=C(OCCN1CCOCC1)C(O)(c1ccc(Br)cc1)c1ccc(Br)cc1,3.3760544119586435
O=C(OCCCN1CCOCC1)C(O)(c1ccc(Br)cc1)c1ccc(Br)cc1,3.388089354860061
O=C(OCCN1CCCCCC1)C(O)(c1ccc(Br)cc1)c1ccc(Br)cc1,3.611726705897086
O=C(OCCCN1CCCCCC1)C(O)(c1ccc(Br)cc1)c1ccc(Br)cc1,3.6064483398642726
Cc1ccccc1NCN1c2ccccc2N=C2CCCC2C12CCCC2,2.5557194311073146
COc1ccc(NCN2c3ccccc3N=C3CCCC3C23CCCC3)cc1,2.574628446170208
COc1ccccc1NCN1c2ccccc2N=C2CCCC2C12CCCC2,2.574628446170208
CC(Cc1ccccc1)NCN1c2ccccc2N=C2CCCC2C12CCCC2,2.5883512735099026
c1ccc(N2CCN(CN3c4ccccc4N=C4CCCC4C34CCCC4)CC2)cc1,2.617626155239368
CC1CCC2C(=O)N(CCCCN3CCN(c4ncccn4)CC3)C(=O)C2C1,3.2058266593593414
O=C1C(CNc2ccc(Cl)cc2)C(=O)N(c2nc(-c3ccccc3)cs2)C(=S)N1c1ccccc1,2.715210032088153
O=C1C(CNc2ccccc2)C(=O)N(c2nc(-c3ccccc3)cs2)C(=S)N1c1ccccc1,2.6853887869182023
O=C1C(CNc2ccc([N+](=O)[O-])cc2Cl)C(=O)N(c2nc(-c3ccccc3)cs2)C(=S)N1c1ccccc1,2.7513160636431158
O=C1C(CNc2cc(Cl)ccc2Cl)C(=O)N(c2nc(-c3ccccc3)cs2)C(=S)N1c1ccccc1,2.74311448667056
COc1ccc(NCC2C(=O)N(c3ccccc3)C(=S)N(c3nc(-c4ccccc4)cs3)C2=O)cc1,2.7114967872986155
Cc1ccccc1N1C(=O)C(CNc2cccc(Cl)c2)C(=O)N(c2nc(-c3ccccc3)cs2)C1=S,2.7267907596666734
Cc1ccccc1N1C(=O)C(CNc2ccc(Cl)cc2)C(=O)N(c2nc(-c3ccccc3)cs2)C1=S,2.7267907596666734
Cc1ccccc1N1C(=O)C(CNc2ccccc2)C(=O)N(c2nc(-c3ccccc3)cs2)C1=S,2.697781017135362
Cc1ccccc1N1C(=O)C(CNc2ccc([N+](=O)[O-])cc2Cl)C(=O)N(c2nc(-c3ccccc3)cs2)C1=S,2.761984187854931
Cc1ccccc1N1C(=O)C(CNc2cc(Cl)ccc2Cl)C(=O)N(c2nc(-c3ccccc3)cs2)C1=S,2.753983466870753
COc1ccc(NCC2C(=O)N(c3nc(-c4ccccc4)cs3)C(=S)N(c3ccccc3C)C2=O)cc1,2.723175630124777
COc1ccc(C=C2C(=O)N(c3ccccc3)C(=S)N(c3nc(-c4ccccc4)cs3)C2=O)cc1OC,2.7223270113833933
COc1cc(C=C2C(=O)N(c3ccccc3)C(=S)N(c3nc(-c4ccccc4)cs3)C2=O)ccc1O,2.7106250150607964
O=C1C(=Cc2ccccc2O)C(=O)N(c2nc(-c3ccccc3)cs2)C(=S)N1c1ccccc1,2.6844629423953523
COc1ccc(C=C2C(=O)N(c3nc(-c4ccccc4)cs3)C(=S)N(c3ccccc3C)C2=O)cc1OC,2.733721954667061
COc1cc(C=C2C(=O)N(c3nc(-c4ccccc4)cs3)C(=S)N(c3ccccc3C)C2=O)ccc1O,2.7223270113833933
Cc1ccccc1N1C(=O)C(=Cc2ccccc2O)C(=O)N(c2nc(-c3ccccc3)cs2)C1=S,2.6968812444601853
CCOc1ccc2cc(C(O)C3CCCCC3)ccc2c1,2.1528980693359223
CCCCCOc1ccc2cc(C(O)C3CCCCC3)ccc2c1,2.212826586101233
N#CC(=NNc1ccc(F)c(Cl)c1)C(N)=O,2.0803107511885948
NC(=O)c1nnc2cc(Cl)c(F)cc2c1N,2.0803107511885948
NC(=O)c1nnc2cc(Cl)c(F)cc2c1N=Cc1ccccc1,2.2158146285538023
NC(=O)c1nnc2cc(Cl)c(F)cc2c1N=CC=Cc1ccccc1,2.2489193406215597
NC(=O)c1nnc2cc(Cl)c(F)cc2c1N=Cc1ccc(O)cc1,2.236452863119424
O=C(O)c1nnc2cc(Cl)c(F)cc2c1N=Cc1ccccc1,2.217112661176742
O=C(O)c1nnc2cc(Cl)c(F)cc2c1N=CC=Cc1ccccc1,2.250122237744252
O=C(O)c1nnc2cc(Cl)c(F)cc2c1N=Cc1ccc(O)cc1,2.237690740038872
O=C(NC(=O)C(F)(F)F)NC(c1ccccc1)c1cc(Cl)ccc1O,2.270364353650405
NC(=O)NC(c1ccccc1)c1cc(Cl)ccc1O,2.1410152616264493
Cc1cc2ncnn2nc1OCC1(CS(N)(=O)=O)CCCCC1,2.229708712977608
CCOC(=O)COc1ccc(-c2csc(N)n2)cc1,2.6316513440076204
CCOC(=O)COc1ccc(-c2csc(Nc3ccccc3)n2)cc1,2.7366183434236
CCOC(=O)COc1ccc(-c2csc(Nc3ccc(OC)cc3)n2)cc1,2.771934416084902
CCOC(=O)COc1ccc(-c2csc(Nc3ccc(C)cc3)n2)cc1,2.753474633767148
CCOC(=O)COc1ccc(-c2csc(Nc3ccc(Cl)cc3)n2)cc1,2.7768977842695928
Nc1nc(-c2ccc(OCC(=O)O)cc2)cs1,2.585511054424696
O=C(O)COc1ccc(-c2csc(Nc3ccccc3)n2)cc1,2.7008061895019786
COc1ccc(Nc2nc(-c3ccc(OCC(=O)O)cc3)cs2)cc1,2.739027994384053
Cc1ccc(Nc2nc(-c3ccc(OCC(=O)O)cc3)cs2)cc1,2.719081298082624
O=C(O)COc1ccc(-c2csc(Nc3ccc(Cl)cc3)n2)cc1,2.74437965279057
O=C(NC(=O)c1ccco1)NC(c1ccccc1)c1ccccc1,2.204592021280489
O=C(NC(=O)c1ccncc1)NC(c1ccccc1)c1ccccc1,2.2192897450771687
O=C(NC(=O)c1cccnc1)NC(c1ccccc1)c1ccccc1,2.2192897450771687
O=C(NC(=O)c1ccccn1)NC(c1ccccc1)c1ccccc1,2.2192897450771687
O=C(NC(=O)c1cc(-c2ccccc2)nc2ccccc12)NC(c1ccccc1)c1ccccc1,2.3593924277680944
O=C(NC(=O)c1cc(=O)[nH]c2ccccc12)NC(c1ccccc1)c1ccccc1,2.298235022068948
COc1ccc(COC(=O)C(N)C(C)(C)O)c2nc3cccc(C(=O)O)c3nc12,4.397291339968275
Cc1cc2ncnn2nc1OCC1(CCS(N)(=O)=O)CCCCC1,2.247295532867157
Cc1nc2cc(C)c(OCC3(CCS(N)(=O)=O)CCCCC3)nn2n1,2.264197802908988
Cc1c(-c2ccccc2)[nH]n(C2=NCCN2)c1=O,3.057985289110304
N#Cc1c(Cl)cccc1Cl,2.235563795019835
O=C1CC(c2ccccc2)CN1,2.660833150395251
O=C(C=Cc1ccccc1)c1ccccc1O,2.558358191746994
O=C(C=Cc1ccccc1)c1cc(Cl)ccc1O,2.759590629917998
COc1ccc2c3c1OC1C(O)C=CC4C(C2)N(C)CCC341,3.377674802547592
CC(C)N(C(=O)SCC(Cl)=CCl)C(C)C,2.835128429887808
CCc1nc(C)ccc1O,2.3449054407244043
CCCCC(C)(C)CO,1.8289321015928697
O=[N+]([O-])c1cc([N+](=O)[O-])c2ccccc2c1Cl,3.0045156878362254
CCOC(=O)CSP(=O)(OCC)OCC,2.931559567090805
Cc1ccc2nc3sc(=O)sc3nc2c1,1.971841547740717
CCO[Si](C)(CNc1ccccc1)OCC,1.901986564183604
COc1ccc(OC)c(CN)c1,2.716752019841303
CC(CN1C(=O)CCc2ccccc21)N1CCCCC1,2.94805597296593
Oc1cccnc1-c1ccccc1,2.756379968847229
c1ccc(C(OCCC2CCCCN2)c2ccccc2)cc1,3.470448714265145
COP(=O)(OC)OC(C)=CC(=O)OC(C)c1ccccc1,3.400398440158432
Cc1cc(C)n(-c2nc3ccccc3s2)n1,2.3604192064754623
COc1cnc(NC(=O)NP(=O)(N2CC2)N2CC2)nc1,3.2984790001700195
NC(CCC(=O)O)C(=O)O,1.5144887211960243
Cc1cc2nc3[nH]c4ccccc4c(=O)n3c2cc1C,3.7214808547700486
Cc1cc(C)c(C(=O)n2c3ccccc3n3c(=O)c4ccccc4nc23)c(C)c1,2.280390545194576
CCn1c2ccccc2n2c(=O)c3ccccc3nc12,3.7214808547700486
CN(C)CCCn1c2ccccc2n2c(=O)c3ccccc3nc12,3.806717081138692
Cc1ccc2c(=O)n3c(nc4ccccc43)[nH]c2c1,3.6977052361170655
O=c1c2cc(I)ccc2[nH]c2nc3ccccc3n12,3.858707994496628
N[Pt]1(N)OC(=O)C2(CCC2)C(=O)O1,3.368644598174419
CC(C(=O)O)c1ccc(C2SCCCS2)cc1,3.1277573700660746
CC(C(=O)O)c1ccc(C2SCCS2)cc1,3.104446138202132
CC(C(=O)O)c1ccc(C2OCCS2)cc1,3.0761086261937525
O=C(O)Cc1ccc(C2SCCCS2)cc1,3.104446138202132
O=C(O)Cc1ccc(C2SCCS2)cc1,3.0798123238716832
O=C(O)Cc1ccc(C2OCCCO2)cc1,3.045792232729559
CC(C)C(C(=O)OC(C#N)c1cccc(Oc2ccccc2)c1)c1ccc(Cl)cc1,2.968977606927063
CCCCC(=O)N1CCCCC1c1cccnc1,2.399448130432764
CC(C)CC(=O)N1CCCCC1c1cccnc1,2.556503516499597
CCCCCC(=O)N1CCCCC1c1cccnc1,2.4826284686634
CC(C)CCN1CCCCC1c1cccnc1,3.815586719474041
N=C(N)SCc1ccc2nsnc2c1,3.4757951164463043
CCOc1ccc2nc3cc([N+](=O)[O-])ccc3c(Sc3nnc(-c4ccncc4)n3-c3ccccc3)c2c1,2.498998529320154
O=C(NS(=O)(=O)Nc1ccccc1)OCCCl,3.1441334631140125
O=C(NS(=O)(=O)Nc1ccccc1)OCCBr,3.208398354856087
O=C(NS(=O)(=O)NCc1ccccc1)OCCCl,3.1654580069921363
CCN(CC)S(=O)(=O)NC(=O)OCCCl,3.1118117571312127
O=C(NS(=O)(=O)NC1CCCCC1)OCCCl,3.153456614157049
O=C1OCCN1S(=O)(=O)Nc1ccccc1,3.083244546445292
CCN(CC)S(=O)(=O)N1CCOC1=O,3.0458430381474493
CCOC(=O)CNS(=O)(=O)N1CCOC1=O,3.1007977358657506
CCOC(=O)CNS(=O)(=O)NC(=O)OCCCl,3.1594303268014765
Cc1ccc2c(c1)C(CN1CCOCC1)(c1ccccc1)C(=O)N2CN1CCOCC1,2.744598045551167
O=C1N(CN2CCCCC2)c2ccccc2C1(CN1CCCCC1)c1ccc(Br)cc1,3.0058597607465463
Cc1cccc(NCc2c[nH]c(=S)[nH]c2=O)c1,2.3932645058017035
Cc1ccc(NCc2c[nH]c(=S)[nH]c2=O)cc1,2.3932645058017035
COc1ccccc1NCc1c[nH]c(=S)[nH]c1=O,2.420487145013636
COc1cccc(NCc2c[nH]c(=S)[nH]c2=O)c1,2.420487145013636
COc1ccc(NCc2c[nH]c(=S)[nH]c2=O)cc1,2.420487145013636
CCOc1ccc(NCc2c[nH]c(=S)[nH]c2=O)cc1,2.4430266043404543
O=c1[nH]c(=S)[nH]cc1CNc1ccc(Cl)cc1,2.427714881124696
O=c1[nH]c(=S)[nH]cc1CN(C1CCCCC1)C1CCCCC1,2.6040774816761902
CCN(Cc1c[nH]c(=S)[nH]c1=O)c1ccccc1,2.417222504433769
CC1CCCCN1Cc1c[nH]c(=S)[nH]c1=O,2.3790225448342506
O=c1[nH]c(=S)[nH]cc1CN1CCOCC1,2.356578417885552
Cc1ccccc1N1CCN(Cc2c[nH]c(=S)[nH]c2=O)CC1,2.5002776512378406
O=c1[nH]c(=S)[nH]cc1CNc1ccccc1Cl,2.427714881124695
O=c1[nH]c(=S)[nH]cc1CNc1cccc(Cl)c1,2.427714881124695
CN(Cc1c[nH]c(=S)[nH]c1=O)c1ccccc1,2.3932645058017035
CCOC(=O)Cc1c(C)[nH]n(-c2nc3ccc(F)cc3s2)c1=O,2.981443216617338
Cc1cc(=O)n(-c2nc3ccc(F)cc3s2)[nH]1,2.8526019693382345
Cc1[nH]n(-c2nc3ccc(F)cc3s2)c(=O)c1Cl,2.908814253183388
Cc1[nH]n(-c2nc3ccc(F)cc3s2)c(=O)c1CC(=O)O,2.9435029953771505
CN(C)CCOC(=O)c1ccc(Cl)c(N)c1,2.4405978406246263
O=C1c2ccccc2S(=O)(=O)N1CCCCN1CCN(c2ncccn2)CC1,3.5824875970193086
O=C1c2ccccc2S(=O)(=O)N1CC#CCN1CCN(c2ncccn2)CC1,3.5781041291341573
O=C1CCC(=O)N1CC#CCN1CCN(c2ncccn2)CC1,3.086111821134571
NC1CC(c2ccccc2)N(CCc2ccccc2)C(c2ccccc2)C1c1ccccc1,2.636097558049362
O=C(O)CCNC(=O)C(=Cc1ccccc1)NC(=O)c1ccccc1,2.18696018603188
CC(C)(COc1ccc2ncnn2n1)CS(N)(=O)=O,2.1543159186496585
CCC(CC)(COc1ccc2ncnn2n1)CS(N)(=O)=O,2.195045438056208
Cc1cc2ncnn2nc1OCC(C)(C)CS(N)(=O)=O,2.175157971480417
Cc1c(OCC(C)(C)CS(N)(=O)=O)nn2ncnc2c1C,2.195045438056208
CCC(CC)(COc1nn2ncnc2cc1C)CS(N)(=O)=O,2.2140619441599423
Cc1cc2ncnn2nc1OCC(C)(C)CCS(N)(=O)=O,2.195045438056208
Cc1cc2ncnn2nc1OCC(C)(C)CCCS(N)(=O)=O,2.2140619441599423
Cc1cc2ncnn2nc1OCC(C)(C)CCCCS(N)(=O)=O,2.232280586214739
CCC(CC)(CCCCS(N)(=O)=O)COc1nn2ncnc2cc1C,2.2665738687233183
CCC(CC)(CCCS(N)(=O)=O)COc1nn2ncnc2cc1C,2.2497656279868186
CCC(CC)(CCS(N)(=O)=O)COc1nn2ncnc2cc1C,2.232280586214739
Cc1cc2ncnn2nc1OCCC(C)(C)CCS(N)(=O)=O,2.2140619441599423
Cc1cc2ncnn2nc1OCCCC(C)(C)CCS(N)(=O)=O,2.232280586214739
Cc1cc2ncnn2nc1OCC(CS(N)(=O)=O)C(C)C,2.195045438056208
CCC(C)(COc1nn2ncnc2cc1C)CS(N)(=O)=O,2.195045438056208
CCC(CC)(COc1nn2nc(C)nc2cc1C)CS(N)(=O)=O,2.232280586214739
Cc1nc2cc(C)c(OCC(C)(C)CS(N)(=O)=O)nn2n1,2.195045438056208
CCC(C)(COc1nn2nc(C)nc2cc1C)CS(N)(=O)=O,2.2140619441599423
CCC(CC)(COc1cc(C)c2nc(C)nn2n1)CS(N)(=O)=O,2.232280586214739
NS(=O)(=O)CCCOc1ccc2ncnn2n1,2.10936759120883
CN(C)S(=O)(=O)CCCOc1ccc2ncnn2n1,2.1543159186496585
CN1CCN(S(=O)(=O)CCCOc2ccc3ncnn3n2)CC1,2.23097103811833
NS(=O)(=O)CCCSc1ccc2ncnn2n1,2.135677960923575
CCOC(=O)C[N+]1(C)CCCc2ccccc21,3.757023648525125
NC(=O)CN1CCc2ccccc2C1,2.629008011187468
CCOC(=O)C[N+]1(C)CCc2ccccc2C1,3.259217794945612
CCOC(=O)C[N+]1(C)Cc2ccccc2[Si](C)(C)C1,3.7915315890678407
CCOC(=O)c1ccc([N+]2(C)Cc3ccccc3[Si](C)(C)C2)cc1,2.53214134933234
