curated_smiles,mammal (species unspecified)_intraperitoneal_LD50
CCOC(=O)C1(c2ccccc2)CCN(C)CC1,3.279347492410732
CCCCC1C(=O)N(c2ccccc2)N(c2ccccc2)C1=O,3.0119663576898987
O=C(O)c1cccnc1,1.809746167165852
CC12C(=O)OC(=O)C1(C)C1CCC2O1,5.05970731968815
Cc1c(N(C)C)c(=O)n(-c2ccccc2)n1C,2.887052500422679
CC(=O)O[Hg]c1ccccc1,4.527294707559674
NC(N)=S,1.3374535562353596
O=C(O)CF,5.892328390628092
CCO,1.0299403297315826
CCCCNC(=O)NS(=O)(=O)c1ccc(C)cc1,2.5568715361351693
C1=CC2C3C=CC(C3)C2C1,2.138979932456201
C[n+]1c2cc(N)ccc2cc2ccc(N)cc21,3.537890745331187
Nc1cc(Cl)ccc1C(=O)O,2.234474256869768
c1ccc2cc(Nc3ccc(Nc4ccc5ccccc5c4)cc3)ccc2c1,1.903644564591872
O=c1[nH]c2cc(Cl)ccc2o1,2.488978647150601
O=C(NCSc1nc2ccccc2s1)NCSc1nc2ccccc2s1,1.8436417486176708
c1ccc(OP(Oc2ccccc2)Oc2ccccc2)cc1,3.0938263710888
CCCCN(CCO)CCCC,3.159617316666292
CCCCN(CCCC)CCCC,3.238620528046551
NC1CCCCC1,2.6953809715382264
O=C(O)CCCCCCCCC(=O)O,2.2358506636765547
O=[N+]([O-])c1ccc(Nc2ccc(O)cc2)c([N+](=O)[O-])c1,2.0417399818435884
CN(C)CCOC(c1ccccc1)c1ccccc1,3.504064583389968
CCCC[N+]1(C)C2CC(OC(=O)C(CO)c3ccccc3)CC1C1OC12,3.7439605890735135
CC(N)Cc1ccccc1,3.318095456147784
CCCCNc1c2c(nc3ccccc13)CCCC2,4.104447845492239
CCNc1cccc2nc3c(cc12)CCCC3,4.053698695566548
CNc1cccc2nc3c(cc12)CCCC3,4.025911815768653
CC(C)=CCN1CCC2(C)c3cc(O)ccc3CC1C2C,3.309373103380042
CNc1c(C)n(C)n(-c2ccccc2)c1=O,2.734943770754138
CCCCCCCCCCCC1=C(O)C(=O)C=C(O)C1=O,3.825471852310784
Cc1nc2cc(Cl)ccc2c(=O)o1,2.2913799519068787
Cc1ccccc1-n1c(C)nc2cc(Cl)ccc2c1=O,2.454457631995636
NCCCCCCC(=O)O,4.349059241697678
CCOc1ccc2ccccc2c1C(=O)NC1C(=O)N2C1SC(C)(C)C2C(=O)O,2.5150730170032745
CN(C(=S)Oc1ccc2ccccc2c1)c1ccc2ccccc2c1,1.5358647852163094
O=C(NN(CCCl)CCCl)c1ccco1,2.9450243365041784
O=C(C=Cc1ccco1)NN(CCCl)CCCl,3.7103226901042414
O=C(c1ccco1)N(CCCl)CCCl,2.760308451440556
O=C(C=Cc1ccco1)N(CCCl)CCCl,3.201042723919736
O=C(c1ccc([N+](=O)[O-])o1)N(CCCl)CCCl,2.90478507627772
O=C(NN(CCCl)CCCl)c1ccc([N+](=O)[O-])o1,3.0735130656253493
O=C1C(N2CCCCC2)CCN1c1ccccc1,3.035808496577747
O=C(C=Cc1ccc([N+](=O)[O-])o1)N(CCCl)CCCl,3.01020522713512
O=C(/C=C/c1ccc([N+](=O)[O-])o1)NN(CCCl)CCCl,2.1963015783929927
Cc1cccc(OCC2COB(c3ccccc3)O2)c1,2.6959370706722243
Cc1ccc(OCC2COB(c3ccccc3)O2)cc1,2.5252408435032496
Clc1cccc(OCC2COB(c3ccccc3)O2)c1,2.719841832815794
Clc1ccc(OCC2COB(c3ccccc3)O2)cc1,2.8267360667304517
CCCCCCCCCCCCOC(=O)C[N+](C)(C)CCCCCC[N+](C)(C)CC(=O)OCCCCCCCCCCCC,3.7802702180816032
CN(C)CC(=O)NC(=O)Nc1ccccc1,3.2549977966160077
COc1ccc(NC(=O)NC(=O)CN(C)C)cc1,2.430752380885965
CCOc1ccc(NC(=O)NC(=O)CN(C)C)cc1,2.582399059926808
CCOc1ccc(NC(=O)NC(=O)C(CC)N(C)C)cc1,2.502209558706508
OC1(c2ccc(Cl)cc2)CCN(CCCN2c3ccccc3Sc3cc(Cl)ccc32)CC1,3.1810213649487333
CCOc1ccc(NC(=O)NC(=O)C(C)N(C)C)cc1,2.693316697622091
Clc1cccc(Cl)c1NC1=NCCN1,3.353312672057796
Cc1ccccc1-n1c(C)nc2ccc(I)cc2c1=O,2.5754153279271703
CC(C)C1CCC2(C)CCCC(=O)C2(C)C1,2.583652108542044
Nc1ccc(I)cc1C(=O)O,2.420011889394738
ONC1NCNC2NCNC12,2.529826109183201
CN(C)CCN1c2ccccc2Sc2ccccc21,3.1914590451026745
OC1(c2ccc(Cl)cc2)CCN(CCCN2c3ccccc3CCc3ccccc32)CC1,3.571147651230817
Cc1ccc(S(=O)(=O)Nc2ccccc2C(=O)O)cc1,2.514992220725989
NC(=O)C1(N2CCCCC2)CCN(CCCN2c3ccccc3CCc3ccccc32)CC1,3.516417734111937
C[Si](C)(C)NCCc1ccccc1,2.9853501177723496
CC(C)=CC1C(C(=O)OCc2coc(Cc3ccccc3)c2)C1(C)C,2.529490668856619
CN(C)CCCNCCCN,3.3448205706802767
COc1cc(O)c2c(c1)C(=O)c1cc3c(c(O)c1C2=O)C(OC1OC(C)C(O)C(O)C1OC)C(OC)C(C)(O)C3=O,3.009580174972849
Clc1cccc(-c2ccc(Cl)c(Cl)c2Cl)c1Cl,2.4168893649693906
CCC(C)(NC(=O)CN(C)C(=O)C(C)N(C)C(=O)C(C)N(C)C(=O)C(Cc1ccccc1)NC(C)=O)C(=O)NCC(=O)NC(CC(C)C)C(=O)N(C)C(C)C(=O)N(C)CC(=O)N1CC(O)CC1C(=O)NC(CCC(N)=O)C(=O)NC(C)(CC)C(=O)N1CC(O)CC1C(=O)N(C)C(C)C(=O)N1CCCC1C(=O)NC(CO)Cc1ccccc1,4.025296084938071
NC(=O)NC(=O)C1CC(=O)OC1c1ccccc1,1.8508002192230024
C=CCc1ccccc1OCC(O)CNC(C)C,3.388216167562041
NC(=O)C1(N2CCCCC2)CCN(CCCN2c3ccccc3Sc3ccc(Cl)cc32)CC1,3.782738601821969
Cc1ccc2c(c1)N(CCCN1CCC(C(N)=O)(N3CCCCC3)CC1)c1ccccc1S2,4.065093054746346
CC(=O)c1ccc2c(c1)N(CCCN1CCC(C(N)=O)(N3CCCCC3)CC1)c1ccccc1S2,3.91442161574223
CN(Cc1ccccc1)[Si](C)(C)C,2.9853501177723496
CCOC(=O)C=C(C)C=CC1(O)C(C)=CC(=O)CC1(C)C,2.289848975761528
NNC(=O)CP(=O)(c1ccccc1)c1ccccc1,2.9398519178833737
COC1C(OC(C)=O)CC(=O)OC(C)CC=CC=CC(O)C(C)CC(CC=O)C1OC1OC(C)C(OC2CC(C)(O)C(OC(=O)CC(C)C)C(C)O2)C(N(C)C)C1O,3.202030140200141
O=C1c2ccccc2N(C(=O)CN2CCOCC2)CN1c1ccccc1,2.797621145476484
ClCCN(CCCl)N=CC=Cc1ccco1,2.453105528830282
O=[N+]([O-])c1ccc(C=NN(CCCl)CCCl)o1,2.903262119616092
O=[N+]([O-])c1ccc(C=CC=CC=NN(CCCl)CCCl)o1,2.3452913734584397
CC(C=Cc1ccc([N+](=O)[O-])o1)=NN(CCCl)CCCl,2.125177532910381
O=[N+]([O-])c1ccc(C=CC=NN(CCCl)CCCl)o1,2.3305968077367365
Cc1cc(N(C)N=Cc2ccc([N+](=O)[O-])o2)ncn1,2.590966534819567
Cc1ccc(N2CN(C(=O)CN3CCCCC3)c3ccccc3C2=O)cc1,3.3843665580830544
CC(C=CC1(O)C(C)=CC(=O)CC1(C)C)=CC(=O)O,2.246040409644763
O=C(CCCN1CCC2(CCCC(C(F)(F)F)C2)CC1)c1ccc(F)cc1,3.585962416367233
CN1CCC23c4c5ccc(O)c4OC2C(O)C=CC3C1C5,2.8755836263390893
COc1c(C)c2c(c(O)c1CC=C(C)CCC(=O)O)C(=O)OC2,2.5056125269692293
COC1C=CC(C)(O)C=CC(=O)OC(C)C(C)CCC=C1C,2.4891397165661817
CCCCCCCCOc1ccccc1C(=O)Nc1ccc(C(=O)OCC[N+](C)(CC)CC)cc1,3.7551329187998745
CC(=O)C1(c2ccccc2)CCN(CCCN2c3ccccc3C=Cc3ccccc32)CC1,3.1349327583326936
OC1(c2cccc(C(F)(F)F)c2)CCN(CCCN2c3ccccc3C=Cc3ccccc32)CC1,3.6007533346304674
Cc1ccc(C2(O)CCN(CCCN3c4ccccc4C=Cc4ccccc43)CC2)cc1,3.548786469624493
OC1(c2ccccc2)CCN(CCCN2c3ccccc3C=Cc3ccccc32)CC1,3.8352264421199225
COC1(c2ccccc2)CCN(CCCN2c3ccccc3C=Cc3ccccc32)CC1,3.247756473960512
OC1(Cc2ccccc2)CCN(CCCN2c3ccccc3C=Cc3ccccc32)CC1,3.548786469624493
NC(=O)C1(N2CCCCC2)CCN(CCCN2c3ccccc3C=Cc3ccccc32)CC1,3.869840674274253
CN(C)C1(C(N)=O)CCN(CCCN2c3ccccc3C=Cc3ccccc32)CC1,3.527799547574908
CC1(C)c2ccccc2N(CCCN2CCC(O)(c3cccc(C(F)(F)F)c3)CC2)c2ccccc21,3.189105011776628
CN(C)C1(C(N)=O)CCN(CCCN2c3ccccc3C(C)(C)c3ccccc32)CC1,3.6238703009084703
CN1CCN(C2CCN(CCCN3c4ccccc4C(C)(C)c4ccccc43)CC2)CC1,3.5569614847673767
CC1(C)c2ccccc2N(CCCN2CCC(C(N)=O)(N3CCCCC3)CC2)c2ccccc21,3.1582361814967355
CCCCCc1ccc(O)c(CCCCC)c1,2.5775344192388663
Clc1cccc(N2CCN(CN3CCN(c4cccc(Cl)c4)CC3)CC2)c1,2.970365089483088
O=C1CC(c2ccccc2)C(=O)N1c1ccc(Cl)cc1,2.4347665421194447
O=c1cc(O)c1=O,4.649055921290318
NC(=O)c1cc(Sc2ccc(N(CCCl)CCCl)cc2)c([N+](=O)[O-])cc1[N+](=O)[O-],3.8232577556867535
NC(=O)c1cc(Sc2ccc(N(CCBr)CCBr)cc2)c([N+](=O)[O-])cc1[N+](=O)[O-],3.975521336366049
CCN(CC(C)Cl)c1ccc(Sc2cc(C(N)=O)c([N+](=O)[O-])cc2[N+](=O)[O-])cc1,4.137208675923071
NC(=O)c1cc(NCc2ccc(N(CCCl)CCCl)cc2)c([N+](=O)[O-])cc1[N+](=O)[O-],3.328823370382877
CCN(CCCl)c1ccc(CNc2cc(C(N)=O)c([N+](=O)[O-])cc2[N+](=O)[O-])cc1,3.4264917008919493
CCN(CC(C)Cl)c1ccc(Nc2cc(C(N)=O)c([N+](=O)[O-])cc2[N+](=O)[O-])cc1,4.133787094012098
CCN(CCBr)c1ccc(Nc2cc(C(N)=O)c([N+](=O)[O-])cc2[N+](=O)[O-])cc1,4.257452971081367
NC(=O)c1cc(Nc2ccc(N(CCBr)CCBr)cc2)c([N+](=O)[O-])cc1[N+](=O)[O-],4.101976889466224
NC(=O)c1cc(Sc2ccc(N(CCI)CCI)cc2)c([N+](=O)[O-])cc1[N+](=O)[O-],2.631587833472095
CCN(CCI)c1ccc(CNc2cc(C(N)=O)c([N+](=O)[O-])cc2[N+](=O)[O-])cc1,2.914484478198725
CCN(CCBr)c1ccc(NC(=O)c2cc(N3CC3)c([N+](=O)[O-])cc2[N+](=O)[O-])cc1,2.7182820107849426
CCN(CCCl)c1ccc(Nc2cc(C(N)=O)c([N+](=O)[O-])cc2[N+](=O)[O-])cc1,3.0138650351299865
CCN(CCCl)c1ccc(NC(=O)c2cc(N3CC3)c([N+](=O)[O-])cc2[N+](=O)[O-])cc1,2.3065221373363856
CC(C)CNc1c2c(nc3ccccc13)CCCC2,4.104447845492239
CNc1c2c(nc3ccc(C)cc13)CCCC2,4.053698695566548
CCNc1c2c(nc3ccc(C)cc13)CCCC2,4.079814130800684
CCCCNc1c2c(nc3ccc(C)cc13)CCCC2,4.127758988131717
Cc1ccc2nc3c(c(NCC(C)C)c2c1)CCCC3,4.127758988131717
CCCCNc1c2c(nc3ccc(Cl)cc13)CCCC2,4.159600275348243
CC(C)CNc1c2c(nc3ccc(Cl)cc13)CCCC2,4.159600275348243
CCCCNc1c2c(nc3ccc(Br)cc13)CCCC2,4.2217701352003125
CC(C)CNc1c2c(nc3ccc(Br)cc13)CCCC2,4.2217701352003125
O=C(O)c1ccccc1NS(=O)(=O)c1ccccc1,2.710557675905988
COc1ccc(CCN[Si](C)(C)C)cc1OC,3.102807463435298
COc1ccc(N2CCN(CCNc3ccccc3C(N)=O)CC2)cc1,3.0724386269928643
C=C(C)C(=O)Oc1ccc(NC(C)=O)cc1,2.6419497890641432
O=C(CN1CCOCC1)Nc1ccccc1C(=O)Nc1ccccc1,2.053584185240767
C=C(C)C(=O)Oc1ccccc1C(=O)O,2.6153123380231
O=C(NC(=Cc1ccccc1)C(=O)N1CCCCC1)c1ccccc1,4.2232609482248415
O=C(NC(=Cc1ccccc1)C(=O)N1CCOCC1)c1ccccc1,4.225814372250764
Cn1c(NN)cc(=O)n(C)c1=O,2.5319180987341823
Cn1c(N=N)c(NO)c(=O)n(C)c1=O,3.3961339363746386
O=C1CC(c2ccccc2)C(=O)N1Cc1ccccc1,2.7425156560893003
CC(C)(C)c1ccc(C(O)CCCN2CCC(C(O)(c3ccccc3)c3ccccc3)CC2)cc1,4.040183609937242
CCC(=O)OC1(c2ccccc2)CCN(C2Cc3ccccc3C2)CC1,3.0315315098709097
CCC(=O)OC1(c2ccccc2)CCN(C2Cc3ccccc3C2C)CC1,3.016437565600997
O=C(O)c1ccccc1NS(=O)(=O)c1ccc(Br)cc1,2.9662295278732653
O=C(O)c1ccccc1NS(=O)(=O)c1ccc(F)cc1,2.873653114935295
O=C(O)c1ccc(NS(=O)(=O)c2ccc(Cl)cc2)cc1,3.0544681959415767
COc1ccc(C=C(NC(=O)c2ccc(NC(C)=O)cc2)C(=O)NC2CCCCC2)cc1,4.161890837529584
CC(=O)Nc1ccc(C(=O)NC(=Cc2ccccc2Cl)C(=O)NC2CCCCC2)cc1,4.245456403293599
O=C(NC(=CC=Cc1ccccc1)C(=O)N1CCCCC1)c1ccccc1,4.158913455177984
CC(=O)Nc1ccc(C(=O)NC(=Cc2ccc(Cl)cc2)C(=O)N2CCCCC2)cc1,4.328293959463045
O=C(NC(=Cc1ccccc1Cl)C(=O)N1CCOCC1)c1ccccc1,3.967121896610615
COc1ccc(C=C(NC(=O)c2ccc(NC(C)=O)cc2)C(=O)N2CCOCC2)cc1,4.450730364296498
CC(=O)Nc1ccc(C(=O)NC(=Cc2ccc(N(C)C)cc2)C(=O)N2CCOCC2)cc1,4.162874932525014
O=C(NC(=Cc1ccco1)C(=O)N1CCOCC1)c1ccccc1,3.9116262872217353
O=C(NC1CCCCC1)C(=Cc1ccccc1)NC(=O)c1ccccc1,4.065014228663737
CN(C)c1ccc(C=C(NC(=O)c2ccccc2)C(=O)N2CCCCC2)cc1,3.974843159030312
NC(=O)C(=O)Nc1ccccn1,2.4862950722031187
CNC(=O)C(=O)Nc1ccccn1,2.0771958494035303
CCNC(=O)C(=O)Nc1ccccn1,3.2816992354936745
CCCNC(=O)C(=O)Nc1ccccn1,2.1403676550326844
CC(C)CNC(=O)C(=O)Nc1ccccn1,2.724766853081648
CCOC(=O)C(=O)Nc1c(C)n(C)n(-c2ccccc2)c1=O,2.180868188035129
CC(=O)C1(O)Cc2c(O)c3c(c(O)c2C(OC2CC(N)C(O)C(C)O2)C1)C(=O)c1c(O)cccc1C3=O,5.59659624987202
C=C1C(C)C2C(Cc3ccccc3)NC(=O)C23C(OC(C)=O)C=CC(C)(O)CC(C)CC=CC3C1O,5.324012449049708
COc1ccc(CN[Si](C)(C)C)cc1,3.1448128224068657
O=C1OCC(c2ccccc2)C1CN1CCOCC1,2.779684581928006
CN(C(=O)c1ccccc1NC(=O)CN1CCOCC1)c1ccccc1,2.4875957398517103
CN(C(=O)CN1CCOCC1)c1ccccc1C(=O)Nc1ccccc1,3.116929816046335
CN(C(=O)c1ccccc1N(C)C(=O)CN1CCOCC1)c1ccccc1,3.088075815079898
Cc1ccc(N(C)C(=O)c2ccccc2NC(=O)CN2CCCCC2)cc1,2.0857387966497813
Cc1ccc(NC(=O)c2ccccc2N(C)C(=O)CN2CCCCC2)cc1,3.386768792313762
Cc1ccc(N(C)C(=O)c2ccccc2N(C)C(=O)CN2CCCCC2)cc1,3.256997063017402
Cc1ccc(NC(=O)c2ccccc2NC(=O)CN2CCCCC2)cc1,2.0687422929329817
COc1cccc2c1C(=O)c1c(O)c3c(c(O)c1C2=O)CC(O)(C(=O)CO)CC3OC1CC(N)C(O)C(C)O1,4.805800598995685
Cc1ccc(S(=O)(=O)NC(=O)C(=O)NC(CO)C(O)c2ccc([N+](=O)[O-])cc2)cc1,2.2467791860660355
Cc1ccc(S(=O)(=O)NNC(=O)C(O)N=O)cc1,2.3541656559339974
O=NC(O)C(=O)NNS(=O)(=O)c1ccc(Br)cc1,2.404591039122838
O=C1CC(c2ccc(Cl)cc2)C(=O)N1Cc1ccccc1,2.7059173219998907
NS(=O)(=O)c1nn2cc(-c3ccc([N+](=O)[O-])cc3)nc2s1,2.0605390125945884
Nc1ccc2nc3ccc(N)cc3cc2c1,2.843548362888588
CC(C)(C)C(=O)C1CC1CO,2.079807181032609
CC(C)(C)C(=O)C1CC1COC(N)=O,2.600428325732131
Cc1ccccc1-n1c(SCC(=O)N(Cc2ccccc2)Cc2ccccc2)nc2ccc(Br)cc2c1=O,2.8637235052719605
O=C(CSc1nc2ccc(Br)cc2c(=O)n1-c1ccc(Cl)cc1)N(Cc1ccccc1)Cc1ccccc1,2.8786345193524285
CC(C)CN(CC(C)C)C(=O)CSc1nc2ccc(Br)cc2c(=O)n1-c1ccccc1,2.7980270647965813
Cc1ccccc1-n1c(SCC(=O)N(CC(C)C)CC(C)C)nc2ccc(Br)cc2c1=O,2.8099845430493664
CC(C)CN(CC(C)C)C(=O)CSc1nc2ccc(Br)cc2c(=O)n1-c1ccc(Cl)cc1,2.951760757712836
COc1ccc(-n2c(SCC(=O)N(CC(C)C)CC(C)C)nc3ccc(Br)cc3c2=O)cc1,2.823232887412546
O=C(CSc1nc2ccc(Br)cc2c(=O)n1-c1ccccc1)N(Cc1ccccc1)Cc1ccccc1,2.9781135333030586
CN1CCc2c3n(c4ccccc24)C(C)(O)CCC31,3.890317687748622
CCCN1CCc2c3n(c4ccccc24)C(=O)CCC31,3.12768778753985
C=CCC1(CC=C)C(=O)Nc2ccccc2OC1=O,1.9979606715770375
C=CCC1(CC=C)C(=O)Oc2ccccc2OC1=O,2.0211439000613867
CC(Cc1ccccc1)NC(Cc1cnc[nH]1)C(=O)NC(=O)C1CCC(=O)N1,2.8433483178003454
C=CCN1CCc2c3n(c4ccccc24)C(=O)CCC31,3.1244129221032284
CN1CCc2c3n(c4ccccc24)C(=O)CCC31,3.8622506745979246
CN1CCc2c3n(c4ccccc24)CCCC31,3.8362147513526414
CC=CCN1CCc2c3n(c4ccccc24)C(=O)CCC31,3.1467030949740527
C#CCN1CCc2c3n(c4ccccc24)C(=O)CCC31,3.1211131742835034
C=CCC1(O)CCC2c3c(c4ccccc4n31)CCN2C,3.9323307597319817
CCN(CC)CCOC1CCC2(C)C(=CCC3C2CCC2(C)C(C(C)O)CCC32)C1,3.459473598406672
C=CCOc1ccc(N/C(=N\c2ccccc2)NCc2ccccc2)cc1,2.55322380617653
C=CCOc1ccc(N/C(=N\c2ccc(C)cc2)NCc2ccccc2)cc1,2.569940113220819
C=CCOc1ccc(N/C(=N\c2ccc(OC)cc2)NCc2ccccc2)cc1,2.685162666513232
C=CCOc1ccc(N/C(=N\c2ccc(OCC)cc2)NCc2ccccc2)cc1,2.904726361943029
C=CCOc1ccc(N/C(=N\c2ccc(Cl)cc2)NCc2ccccc2)cc1,2.7181162164343164
C=CCOc1ccc(/N=C(\NCc2ccccc2)Nc2ccc(Br)cc2)cc1,2.639837966160348
C=CCOc1ccc(N/C(=N\c2ccccc2)NCCc2ccc(Cl)cc2)cc1,2.733388815494151
C=CCOc1ccc(N/C(=N\c2ccc(C)cc2)NCCc2ccc(Cl)cc2)cc1,2.623203790497379
C=CCOc1ccc(/N=C(/NCCc2ccc(Cl)cc2)Nc2ccc(OC)cc2)cc1,2.940471658647488
C=CCOc1ccc(N/C(=N\c2ccc(Cl)cc2)NCCc2ccc(Cl)cc2)cc1,2.7687604066040703
C=CCOc1ccc(NC(=NCCc2ccc(Cl)cc2)Nc2ccc(Br)cc2)cc1,2.7824950191376407
CCC(=O)NC(c1ccccc1)C1CCCN(C)C1,2.691333420985809
O=C1Nc2ncccc2S(=O)(=O)N1,2.600299707569745
NC1=Nc2ncccc2S(=O)(=O)N1,2.59814898389442
CN1C(N)=NS(=O)(=O)c2cccnc21,2.627844955010453
O=S1(=O)NC=Nc2ncccc21,2.563936499757184
CN1C=NS(=O)(=O)c2cccnc21,2.595978748042326
CC1=NS(=O)(=O)c2cccnc2N1C,2.926848485544369
CC1=NS(=O)(=O)c2cccnc2N1,2.595978748042326
O=C1CC(c2ccccc2)C(=O)N1CCN1CCNCC1,2.996032851040943
O=C1CC(c2ccc(Cl)cc2)C(=O)N1CCN1CCNCC1,3.0926234882889903
N=C(N)c1cc2ccccc2o1,3.1254161979827546
N=C(Nc1ccccc1)c1cc2ccccc2o1,2.419173424305683
CCOC(=O)NN=CNc1cc2ccccc2o1,2.438900816770744
N=C(NC(=O)Nc1ccccc1)c1cc2ccccc2o1,2.491826871319828
c1ccc2oc(C3=NCCCN3)cc2c1,3.979333710730597
N=C(Nc1ccc(Cl)cc1)c1cc2ccccc2o1,2.478276227696481
COc1ccc(NC(=N)c2cc3ccccc3o2)cc1,2.4711286569996163
CCOC(=O)CN1C(=O)C(c2ccccc2)(c2ccccc2)c2cc(C)cc(C)c21,2.902535908227196
COc1ccc2c(c1)C(c1ccccc1)(c1ccccc1)C(=O)N2CC(=O)NO,2.589304938221913
C/C(=N/c1cc(Cl)ccc1C(=O)O)Nc1cc(C)cc(C)c1,2.500768722057328
Cc1nc2cc(C(=O)O)ccc2c(=O)n1-c1cccc(Cl)c1,2.497935381948984
Cc1nc2cc(Cl)ccc2c(=O)n1-c1ccccc1Cl,2.484533298865037
Cc1nc2cc(C(=O)O)ccc2c(=O)n1-c1ccccc1Cl,2.497935381948984
Cc1nc2cc(Cl)ccc2c(=O)n1-c1cccc(Cl)c1,2.484533298865037
Cc1nc2ccc(I)cc2c(=O)n1-c1ccc(F)cc1,2.5799664189650806
Cc1nc2cc(C(=O)O)ccc2c(=O)n1-c1ccc(Br)cc1,2.5553109369854443
Cc1cc(C)cc(-n2c(C)nc3cc(Cl)ccc3c2=O)c1,2.475341347892925
Cc1cc(C)cc(-n2c(C)nc3ccc(I)cc3c2=O)c1,2.591313976352793
Cc1cc(C)cc(-n2c(C)nc3cc(C(=O)O)ccc3c2=O)c1,2.48902564257169
Cc1ccccc1-n1c(C)nc2cc(C(=O)O)ccc2c1=O,2.885606244743412
CCCCNC(=O)c1ccc2c(=O)n(-c3ccccc3C)c(C)nc2c1,2.543365159645176
COc1ccc(CCNC(=O)c2ccc3c(=O)n(-c4ccccc4C)c(C)nc3c2)cc1OC,2.6604195757954745
COc1cc2c(cc1OC)C(c1ccc3c(=O)n(-c4ccccc4C)c(C)nc3c1)=NCC2,2.642973701494121
Cc1ccc(CN2CCN(c3ccccc3)CC2)cc1[N+](=O)[O-],2.493297687955505
COc1ccc(CCNCc2ccc(C)c([N+](=O)[O-])c2)cc1OC,2.51901900692932
COc1ccc(CCN(Cc2ccc(C)c([N+](=O)[O-])c2)C(C)=O)cc1OC,2.5710341619091484
Cc1ccc(CN2CCN(c3ccccc3)CC2)cc1N,2.4493287230791845
COc1ccc(CCN(Cc2ccc(C)c(N)c2)C(C)=O)cc1OC,2.534583220141394
COc1ccc(CCN(Cc2ccc(C)c(-n3c(C)nc4ccccc4c3=O)c2)C(C)=O)cc1OC,2.686264368293336
Cc1ccc(CN2CCN(c3ccccc3)CC2)cc1-n1c(C)nc2ccccc2c1=O,2.6279267993070388
COc1ccc(CCNCc2ccc(C)c(-n3c(C)nc4ccccc4c3=O)c2)cc1OC,2.6469396461725965
NC(=O)c1ccc(N)cc1NCCN1CCN(c2ccccc2)CC1,3.2297368614097097
CCC1(O)CC(OC2CC(N(C)C)C(OC3CC(O)C(OC4CCC(=O)C(C)O4)C(C)O3)C(C)O2)c2c(cc3c(c2O)C(=O)c2c(O)cccc2C3=O)C1C(=O)OC,4.5115507645254045
Cc1nc2cccc(I)c2c(=O)o1,2.4579666288544253
O=C(CNCn1cnc2ccccc2c1=O)NC(=O)Nc1ccccc1,2.642669747609621
O=C(CNCn1cnc2ccc(Br)cc2c1=O)NC(=O)Nc1ccccc1,2.730643004642418
O=C(CNCn1cnc2ccc([N+](=O)[O-])cc2c1=O)NC(=O)Nc1ccccc1,2.996033115520056
O=C(CNCn1cnc2ccccc2c1=O)NC(=O)Nc1ccc(Cl)cc1,2.683284618822914
O=C(CNCn1cnc2ccc([N+](=O)[O-])cc2c1=O)NC(=O)Nc1ccc(Cl)cc1,2.731193772452004
Cc1ccccc1NC(=O)NC(=O)CNCn1cnc2ccccc2c1=O,2.659670236127221
Cc1ccccc1NC(=O)NC(=O)CNCn1cnc2ccc([N+](=O)[O-])cc2c1=O,2.7101067827586705
Cc1ccc(NC(=O)NC(=O)CNCn2cnc3ccccc3c2=O)cc1,2.659670236127221
Cc1ccc(NC(=O)NC(=O)CNCn2cnc3ccc(Br)cc3c2=O)cc1,2.744575573832903
COc1ccccc1NC(=O)NC(=O)CNCn1cnc2ccc(Br)cc2c1=O,2.759939665717116
COc1ccccc1NC(=O)NC(=O)CNCn1cnc2ccccc2c1=O,2.678281592142024
N#Cc1c(-c2ccc(Cl)cc2)cc(-c2ccccc2)[nH]c1=S,3.508960433176952
O=[N+]([O-])c1ccc(C=NN2Cc3ccccc3C2)cc1,2.92729237875404
Oc1ccc(C=NN2CCc3ccccc3C2)cc1,2.5687994004259136
Oc1ccccc1C=NN1CCc2ccccc2C1,2.4854925637887733
COc1cc(C=NN2CCc3ccccc3C2)cc(OC)c1OC,2.5137448278129138
CN(C)CCOc1cccc(OC(=O)N(C)C)c1,3.720700111255588
CN(CCc1ccccc1)[Si](c1ccccc1)(c1ccccc1)c1ccccc1,3.294031714387575
COc1ccc(CCN[Si](c2ccccc2)(c2ccccc2)c2ccccc2)cc1OC,3.342058312869684
c1ccc(CCN[Si](c2ccccc2)(c2ccccc2)c2ccccc2)cc1,3.278272181651864
COc1ccc(CN[Si](c2ccccc2)(c2ccccc2)c2ccccc2)cc1,3.29620213472253
CN(Cc1ccccc1)[Si](c1ccccc1)(c1ccccc1)c1ccccc1,3.278272181651864
CN(CCc1ccccc1)[Si](C)(C)C,3.14070283478771
O=C(Nc1c(C(=O)NC2CCCCC2)[nH]c(=O)[nH]c1=O)c1ccc(Cl)cc1,2.114863304282965
NNC(=O)CC(C(=O)NN)S(=O)(=O)O,2.002336961057201
C1CCNC(NCCNC2=NCCCCN2)=NC1,3.3606381590469327
C1CCNC(NCCCCNC2=NCCCCN2)=NC1,3.676956973329669
C(CCCNC1=NCCCCN1)CCNC1=NCCCCN1,3.74103053801661
C1CCNC(NCCOCCNC2=NCCCCN2)=NC1,3.5688160508129627
C1CCNC(NCCOCCOCCNC2=NCCCCN2)=NC1,3.4529001558237886
C1CCNC(NCCOCCOCCOCCNC2=NCCCCN2)=NC1,3.423556578597124
C(CCCCNC1=NCCCCN1)CCCNC1=NCCCCN1,3.8935527489078896
COc1ccc(C=Cc2nc3ccccc3c(=O)n2Nc2ccccc2)cc1,2.56752510639655
CN(C)c1ccccc1C=Cc1nc2ccccc2c(=O)n1Nc1ccc([N+](=O)[O-])cc1,2.630899545357327
O=c1c2cc(I)ccc2nc(C=Cc2ccc3c(c2)OCO3)n1Nc1ccccc1,2.7069762343533004
O=c1c2cc(Br)cc(Br)c2nc(C=Cc2ccccc2F)n1Nc1ccc([N+](=O)[O-])cc1,2.8732640100031275
O=c1c2ccccc2nc(-c2ccccc2)n1CCc1cc(O)ccc1O,2.5543643656974018
O=c1c2cc(Br)cc(Br)c2nc(-c2ccccc2)n1CCc1cc(O)ccc1O,2.712808745480608
O=c1c2cccc(Br)c2nc(-c2ccccc2)n1CCc1cc(O)ccc1O,2.6407725253994982
O=c1c2cccc(I)c2nc(-c2ccccc2)n1CCc1cc(O)ccc1O,2.685108191773477
O=c1c2ccccc2nc(C=Cc2ccccc2)n1CCc1cc(O)ccc1O,2.584822920138305
O=c1c2cc(Br)cc(Br)c2nc(C=Cc2ccccc2)n1CCc1cc(O)ccc1O,2.8177271907717487
O=c1c2cccc(Br)c2nc(C=Cc2ccccc2)n1CCc1cc(O)ccc1O,2.665891358434412
O=c1c2cccc(I)c2nc(C=Cc2ccccc2)n1CCc1cc(O)ccc1O,2.707851950303665
Cc1ccccc1NC(=O)NC(=O)CNCn1cnc2ccc(Br)cc2c1=O,2.744575573832903
O=C(CNCn1cnc2ccc(Br)cc2c1=O)NC(=O)Nc1ccc(Cl)cc1,2.764089227424684
Cc1ccc(NC(=O)NC(=O)CNCn2cnc3ccc([N+](=O)[O-])cc3c2=O)cc1,2.7101067827586705
COc1ccccc1NC(=O)NC(=O)CNCn1cnc2ccc([N+](=O)[O-])cc2c1=O,2.7267160052251604
Cn1c(N/N=C/c2ccc([N+](=O)[O-])o2)cc(=O)n(C)c1=O,2.7682517254749004
CC(Cc1ccccc1)NCC(O)CNCCc1c[nH]c2ccccc12,3.9896154152482097
CC(CCc1ccccc1)NCC(O)CNCCc1c[nH]c2ccccc12,3.576140598934959
Cc1ccc(-n2c(CNCc3ccc(Cl)cc3Cl)nc3ccccc3c2=O)cc1,2.627704760819514
NNC(=O)C(CN1CCN(c2ccccc2)CC1)C(CO)c1ccccc1,2.9289253697167763
NC(=O)C(CN1CCN(c2ccccc2)CC1)C(CO)c1ccccc1,2.910857915713659
NC(=O)C(CN1CCOCC1)C(CO)c1ccccc1,2.807104616611292
NC(=O)C(CN1CCCCC1)C(CO)c1ccccc1,2.804016882981604
O=C1OCC(c2ccccc2)C1CN1CCN(c2ccccc2)CC1,2.8894114404795355
NC(=O)C(CN1CCN(c2cccc(Cl)c2)CC1)C(CO)c1ccccc1,2.951242365559488
O=C1OCC(c2ccccc2)C1CN1CCN(c2cccc(Cl)c2)CC1,2.931743684770991
O=C1OCC(c2ccccc2)C1CN1CCCCC1,2.776394848264098
NC(=O)C(CN1CCCC1)C(CO)c1ccccc1,2.7813963051967905
O=C1OCC(c2ccccc2)C1CN1CCCC1,2.7522467671250834
S=c1[nH]nc(COc2ccc(-c3nc4ccccc4o3)cc2)o1,2.929150702246021
O=C(COc1ccc(-c2nc3ccccc3o2)cc1)N/N=C1/C(=O)Nc2ccc(Cl)cc21,2.650161762270725
CN1C(=O)/C(=N/NC(=O)COc2ccc(-c3nc4ccccc4o3)cc2)c2ccccc21,2.6298497872520232
CN1C(=O)/C(=N/NC(=O)COc2ccc(-c3nc4ccccc4o3)cc2)c2cc(Cl)ccc21,2.6635850352620256
CC(=O)Oc1ccc(-c2nc3ccccc3o2)cc1,2.403561458057429
S=c1sc2ccccc2n1CNc1ccc(-c2nc3ccccc3o2)cc1,2.590513036998242
O=c1oc2ccccc2n1CNc1ccc(-c2nc3ccccc3o2)cc1,2.553116876896955
O=C1C(=Nc2ccc(-c3nc4ccccc4o3)cc2)c2ccccc2N1CN1CCOCC1,2.6419567221901867
O=C(COc1ccc(-c2nc3ccccc3o2)cc1)N/N=C1/C(=O)N(CN2CCOCC2)c2ccc(Cl)cc21,2.7371791205048623
O=C(COc1ccc(-c2nc3ccccc3o2)cc1)N/N=C1/C(=O)N(CN2CCOCC2)c2ccccc21,2.708877901151446
COC(=O)c1cc(Oc2ccc(C(=O)OC)cc2[N+](=O)[O-])cc(C(=O)OC)c1,1.89133224826198
CN1CCCC(C(N)c2ccccc2)C1,3.4352432397999046
CC1CN(Cc2ccccc2)CCC1C(N)c1ccccc1,3.006601761119937
Cc1cc(C)n(C(=O)c2ccc3c(c2)OCO3)n1,2.785774581062848
CCOc1c(OC)cc(C(=O)n2nc(C)cc2C)cc1OC,2.8813076068939925
COc1cc(C(=O)n2nc(C)c(Cl)c2C)cc(OC)c1OC,2.909507890485442
Cc1nn(C(=O)c2ccc3c(c2)OCO3)c(C)c1Cl,2.8430691858823334
CCOc1c(OC)cc(C(=O)n2nc(C)c(Cl)c2C)cc1OC,2.927871873429132
COc1cc(-c2n[nH]c(=O)[nH]2)cc(OC)c1OC,2.9229709872067158
O=c1[nH]nc(-c2ccc3c(c2)OCO3)[nH]1,3.3121202086691977
CCOc1c(OC)cc(-c2n[nH]c(=O)[nH]2)cc1OC,2.821626508878355
COc1cc(-c2n[nH]c(=O)n2C)cc(OC)c1OC,2.946565245486655
Cn1c(-c2ccc3c(c2)OCO3)n[nH]c1=O,3.03981055414835
CCOc1c(OC)cc(-c2n[nH]c(=O)n2C)cc1OC,2.844004724572229
CCn1c(-c2cc(OC)c(OC)c(OC)c2)n[nH]c1=O,2.9689434611805288
CCn1c(-c2ccc3c(c2)OCO3)n[nH]c1=O,3.3677788259851145
CCOc1c(OC)cc(-c2n[nH]c(=O)n2CC)cc1OC,2.8652861268229084
CN(C)C(=O)C1Oc2ccccc2N=C1N(C)C,3.393220604058522
CCN(CC)C(=O)C1Oc2ccccc2N=C1N(CC)CC,3.4820241649184966
CCN(CC)C(=O)C1Oc2cc(C)c(Cl)cc2N=C1N(CC)CC,3.5463921148679374
O=C(C1Oc2ccccc2N=C1N1CCOCC1)N1CCOCC1,3.520315808973988
CCN(CC)C(=O)C1Oc2cccnc2N=C1N(CC)CC,3.4834360876761536
COc1cc(-c2nnc(SCC(=O)O)n2N)cc(OC)c1OC,3.1339997822965016
Nn1c(SCC(=O)O)nnc1-c1ccc2c(c1)OCO2,3.0708384477766115
O=C(CCC(=O)Nc1nccs1)NN=Cc1ccc(O)cc1,2.0257945129785533
NNC(=O)CCC(=O)Nc1nccs1,1.853799575875573
CCCc1nnc(NC(=O)CCC(=O)NN)s1,1.9333506002450824
O=C1c2ccccc2C(=O)N1Cc1nc2ccccc2n1CN1CCOCC1,2.575668075339775
CN1CCN(Cn2c(CN3C(=O)c4ccccc4C3=O)nc3ccccc32)CC1,2.5904617443937297
O=C1c2ccccc2C(=O)N1Cc1nc2ccccc2n1CN1CCN(c2ccccc2)CC1,2.6546866104670763
CN(C)Cn1c(CN2C(=O)c3ccccc3C2=O)nc2ccccc21,2.524238994632704
CCN(CC)Cn1c(CN2C(=O)c3ccccc3C2=O)nc2ccccc21,2.559227733887287
O=C1c2ccccc2C(=O)N1Cc1nc2ccccc2n1CN(CCO)CCO,2.595971040650165
O=C1c2ccc([N+](=O)[O-])cc2C(=O)N1Cc1nc2ccccc2n1CN1CCCCC1,2.622670880119467
O=C1c2ccc([N+](=O)[O-])cc2C(=O)N1Cc1nc2ccccc2n1CN1CCC(c2ccccc2)CC1,2.695077840089242
O=C1c2ccc([N+](=O)[O-])cc2C(=O)N1Cc1nc2ccccc2n1CN1CCOCC1,2.6247079288543804
CN1CCN(Cn2c(CN3C(=O)c4ccc([N+](=O)[O-])cc4C3=O)nc3ccccc32)CC1,2.6379457993696995
Cc1cccc(N2CCN(Cn3c(CN4C(=O)c5ccc([N+](=O)[O-])cc5C4=O)nc4ccccc43)CC2)c1,2.7080416830767096
Cc1ccc(N2CCN(Cn3c(CN4C(=O)c5ccc([N+](=O)[O-])cc5C4=O)nc4ccccc43)CC2)cc1,2.7080416830767096
CN(C)Cn1c(CN2C(=O)c3ccc([N+](=O)[O-])cc3C2=O)nc2ccccc21,2.5790698531808736
CCN(CC)Cn1c(CN2C(=O)c3ccc([N+](=O)[O-])cc3C2=O)nc2ccccc21,2.610053003934577
O=C1c2ccc([N+](=O)[O-])cc2C(=O)N1Cc1nc2ccccc2n1CN(CCO)CCO,2.642887726362517
O=C1c2ccccc2C(=O)N1Cc1nc2ccccc2n1CN1CCC(c2ccccc2)CC1,2.6537352825914864
Cc1cccc(N2CCN(Cn3c(CN4C(=O)c5ccccc5C4=O)nc4ccccc43)CC2)c1,2.6679728609779265
CN(C)CCOc1cc(OC(=O)N(C)C)ccc1C(C)(C)C,3.0642637124425
CCN(CC)CCOc1cc(OC(=O)N(C)C)ccc1C(C)(C)C,3.3596367577664026
CCCN(CCC)CCOc1cc(OC(=O)N(C)C)ccc1C(C)(C)C,3.3944159408367374
CC(C)N(CCOc1cc(OC(=O)N(C)C)ccc1C(C)(C)C)C(C)C,3.31131327327602
CCCCN(CCCC)CCOc1cc(OC(=O)N(C)C)ccc1C(C)(C)C,3.1168113409689098
CN(C)C(=O)Oc1ccc(C(C)(C)C)c(OCCN2CCCC2)c1,3.35702685067994
CN(C)C(=O)Oc1ccc(C(C)(C)C)c(OCCN2CCCCC2)c1,3.875668601208933
CN(C)CCCOc1cc(OC(=O)N(C)C)ccc1C(C)(C)C,3.341143699664724
CN(C)C(=O)Oc1ccc(C(C)(C)C)c(OCCCN2CCCC2)c1,6.374869247015638
CN(C)C(=O)Oc1ccc(C(C)(C)C)c(OCCCN2CCCCC2)c1,3.392007448587361
CCN(CC)CCCOc1cc(OC(=O)N(C)C)ccc1C(C)(C)C,3.3773744047524183
CCCN(CCC)CCCOc1cc(OC(=O)N(C)C)ccc1C(C)(C)C,3.6616773327014607
CN(C)CCOc1cc(OC(=O)N(C)C)cc(C(C)(C)C)c1,3.1567068891579613
CN(C)C(=O)Oc1cc(OCCN2CCCC2)cc(C(C)(C)C)c1,3.60789023687819
CN(C)C(=O)Oc1cc(OCCN2CCCCC2)cc(C(C)(C)C)c1,3.792450266194753
CN(C)C(=O)Oc1cc(OCCCN2CCCC2)cc(C(C)(C)C)c1,3.709039469851028
CN(C)C(=O)Oc1cc(OCCCN2CCCCC2)cc(C(C)(C)C)c1,3.726177671422753
NNC(=O)CCC(=O)Nc1nncs1,1.855797693192058
CCCc1nnc(NC(=O)CCC(=O)NNC(=O)CC)s1,2.0189541790005263
CCCC(=O)NNC(=O)CCC(=O)Nc1nnc(CCC)s1,2.0379706851042614
NNC(=O)CCc1nnc(NC(=O)CCC(=O)C(CC(=O)O)C(=O)O)s1,2.1110092134046243
CCCc1nnc(NC(=O)CCC(=O)NNC(=O)c2ccccc2C)s1,2.097435480841762
CCCC(=O)NNC(=O)CCC(=O)Nc1nccs1,1.976718231738068
NNC(=O)c1csc(NC(=O)CCC(=O)C(CC(=O)O)C(=O)O)n1,2.0771643388298253
Cc1ccccc1C(=O)NNC(=O)CCC(=O)Nc1nccs1,2.044520161823762
COc1ccc(S(=O)(=O)NNC(=O)CCC(=O)Nc2nncs2)cc1,2.108820879938868
COC(=O)Nc1ccc(S(=O)(=O)NNC(=O)CCC(=O)Nc2nncs2)cc1,2.154780919724393
O=C(CCC(=O)Nc1nncs1)NNS(=O)(=O)c1ccc(Cl)cc1,2.11377182779794
O=C(CCC(=O)Nc1nncs1)NNS(=O)(=O)c1ccccc1[N+](=O)[O-],2.1253706447790943
COc1ccc(S(=O)(=O)NNC(=O)CCC(=O)Nc2nccs2)cc1,2.1077061841770552
COC(=O)Nc1ccc(S(=O)(=O)NNC(=O)CCC(=O)Nc2nccs2)cc1,2.153778290637665
O=C(CCC(=O)Nc1nccs1)NNS(=O)(=O)c1ccc(Cl)cc1,2.1126697834309787
O=C(CCC(=O)Nc1nccs1)N/N=C/c1ccccc1,2.0034016455983994
C=CCSc1nc(=O)c2cc(C(=O)OCC)c(C)nc2n1-c1ccccc1,2.2804155932449013
C=CCSc1nc2nc(C)cc(C(=O)OCC)c2c(=O)n1-c1ccccc1,2.2804155932449013
C=CCSc1nc2nc(C)cc(C(=O)OCC)c2c(=O)n1C,2.5091195837118496
COc1cc(C=C2N=C(CCNc3ccc(Cl)cc3)N(c3nnc(SCC(=O)Nc4ccccc4)s3)C2=O)ccc1O,2.793192294469149
O=C(O)c1ccccc1N1C(=O)/C(=C\c2ccccc2)N=C1CCNc1ccccc1Cl,2.64924331614723
CC1(C(=O)O)C=CC(/N=C2\c3ccccc3C(=Nc3ccc(C(=O)O)cc3)C2c2ccccc2)=CC1,3.280152060954546
C=CCn1c(=O)n(-c2ccccc2)c(=O)c2c(C(=O)OCC)cc(C)nc21,2.624235743644052
CCOC(=O)c1cc(C)nc2c1c(=O)n(-c1ccccc1)c(=O)n2Cc1ccccc1,2.317487722280422
CCOC(=O)c1cc(C)nc2c1c(=O)n(-c1ccccc1)c(=O)n2CCN(CC)CC,3.1730338576432406
O=C1CCC(C(=O)NN=Cc2ccccc2Cl)N1,2.703405810256538
CC(=NNC(=O)C1CCC(=O)N1)c1ccccc1Cl,3.239908511630643
C/C(=N\NC(=O)c1ccc(C)n1C)c1ccccc1Cl,2.856742379581197
CCOC(=O)CN1CC(O)=c2ccccc2=N1,2.0686588736897944
O=C1NP(=O)(c2ccccc2)Oc2ccccc21,2.112606677050177
CN1C(=O)c2ccccc2OP1(=O)c1ccccc1,2.260433944088477
O=C1c2ccccc2OP(=O)(c2ccccc2)N1c1ccccc1,2.4285222451773114
O=C1c2ccccc2OP(=O)(c2ccccc2)N1Cc1ccccc1,2.4463208979554003
CNN1C(=O)c2ccccc2OP1(=O)c1ccccc1,2.3628487562170077
CCN1C(=O)c2ccccc2OP1(=O)c1ccccc1,2.75929759247952
Nc1c(C(=O)O)nnc2ccccc12,3.7997401921851472
Cc1ccc2c(N)c(C(=O)O)nnc2c1,3.705865849554653
CCCCCCCCC1=NC(=O)N=C1CCCCCCCC(=O)O,2.7726057568035603
CCCCCCCCC1=NC(=S)N=C1CCCCCCCC(=O)O,2.7928649920410438
O=C1OCC2=C1C(c1ccccc1F)C1=C(COC1=O)N2,2.458253989701409
O=C1OCC2=C1C(c1cccc(Br)c1)C1=C(COC1=O)N2,2.541768894374356
O=C1OCC2=C1C(c1ccc(Br)cc1)C1=C(COC1=O)N2,2.541768894374356
O=C1OCC2=C1C(c1ccc(I)cc1)C1=C(COC1=O)N2,2.596764184394352
COc1ccc(C2C3=C(COC3=O)NC3=C2C(=O)OC3)cc1,2.476080597442426
O=C1OCC2=C1C(c1ccc(Cl)cc1Cl)C1=C(COC1=O)N2,2.529104254431176
Cc1cc2c(c(=O)n1C)C(=O)N(CN1CCN(c3ccccc3Cl)CC1)C2=O,3.125877967810313
Cc1cc2c(c(=O)n1C)C(=O)N(CN1CCN(c3cccc(Cl)c3)CC1)C2=O,3.125877967810313
Cc1cc2c(c(=O)n1C)C(=O)N(CCCCN1CCN(c3ccccc3)CC1)C2=O,3.1340729324323395
CCCNC(=O)CN1CC(O)=c2ccccc2=N1,2.694250599722504
O=C(CN1CC(O)=c2ccccc2=N1)N1CCCCC1,2.4366968346627216
O=C(O)C[n+]1cc(=O)c2cc(Br)ccc2[nH]1,2.152424422389163
O=C(O)C[n+]1cc(=O)c2cc(Cl)ccc2[nH]1,2.0785256906817025
COc1cc2[nH][n+](CC(=O)O)cc(=O)c2cc1OC,2.122617210319855
O=C(O)C[n+]1cc(=O)c2cccc(Cl)c2[nH]1,2.0785256906817025
O=C(O)CN1CC(O)=c2cccc(Cl)c2=N1,2.2844686342545826
CN1CCN(C(=O)C[n+]2cc(=O)c3cccc(Cl)c3[nH]2)CC1,2.206539848850568
Nc1c(C(=O)O)nnc2cc(Cl)c(F)cc12,2.383113107836251
Cc1cc2nnc(C(=O)O)c(N)c2cc1C,3.3369158037057183
Nc1c(C(=O)O)nnc2ccc(F)cc12,3.2023709356402765
Nc1c(C(=O)O)nnc2cc(F)ccc12,4.015284292283131
Nc1c(C(=O)O)nnc2c(F)cccc12,3.4132243009551697
Nc1c(C(=O)O)nnc2ccc(Cl)cc12,2.571357450640196
Nc1c(C(=O)O)nnc2cc(Cl)ccc12,3.951568692351802
Nc1c(C(=O)O)nnc2cc(Cl)c(Cl)cc12,2.1106974289038574
CCOC(=O)/C(=C/Nc1ccccn1)C(=O)Nc1ccccc1C,2.609284850770526
CCOC(=O)/C(=C/Nc1ccccn1)C(=O)Nc1ccc(OC)cc1,2.630131548502046
CCOC(=O)/C(=C/Nc1ccccn1)C(=O)Nc1ccccc1OC,2.630131548502046
CCOC(=O)/C(=C/Nc1ccncc1)C(=O)Nc1ccc(C)cc1,2.609284850770526
CCOC(=O)/C(=C/Nc1cc(OC)nc(OC)n1)C(=O)Nc1ccc(C)cc1,2.984986117926593
CCOC(=O)/C(=C/Nc1cc(OC)nc(OC)n1)C(=O)Nc1ccccc1C,2.6839561222626127
CCOC(=O)/C(=C/Nc1c(C)n(C)n(-c2ccccc2)c1=O)C(=O)Nc1ccc(C)cc1,2.7348957956663345
Cc1ccc(NC(=O)c2cnc3ccccn3c2=O)cc1,2.542979393767209
Cc1ccccc1NC(=O)c1cnc2ccccn2c1=O,2.542979393767209
COc1ccc(NC(=O)c2cnc3ccccn3c2=O)cc1,2.567170518585037
COc1ccccc1NC(=O)c1cnc2ccccn2c1=O,2.567170518585037
NS(=O)(=O)c1nn2cc(-c3ccc(-c4ccccc4)cc3)nc2s1,2.301556685198356
NS(=O)(=O)c1nn2cc(-c3cc4ccccc4oc3=O)nc2s1,2.2916145129405567
NS(=O)(=O)c1nn2cc(-c3ccc([N+](=O)[O-])s3)nc2s1,2.269880079240483
NS(=O)(=O)c1nn2c(Br)c(-c3cc4ccccc4oc3=O)nc2s1,2.178906817092134
CN1C(=S)NCC1c1ccccc1,2.3918553210742086
CCN1C(=S)NCC1c1ccccc1,2.9923094044774787
CCCCN1C(=S)NCC1c1ccccc1,3.272988300941508
S=C1NCC(c2ccccc2)N1Cc1ccccc1,2.7044823699167684
COc1ccc(C2CNC(=S)N2C)cc1,2.0459348636305488
CCN1C(=S)NCC1c1ccc(OC)cc1,3.051317936458866
CN1C(=S)NCC1c1ccccc1Cl,2.577361568563618
CCN1C(=S)NCC1c1ccccc1Cl,3.1028289298480214
CC(C)CN1C(=S)NCC1c1ccccc1Cl,3.332540254691232
CCCCN1C(=S)NCC1c1ccccc1Cl,3.315506915392452
Cc1ccc(C2CNC(=S)N2C)cc1,2.184194930716392
CCN1C(=S)NCC1c1ccc(C)cc1,2.237585131341396
Clc1ccccc1OCC1COB(c2ccccc2)O1,2.503555943104834
COc1ccccc1OCC1COB(c2ccccc2)O1,2.4803739524003183
CC(C)Oc1ccc(NC(=O)NC(=O)CN(C)C)cc1,1.2969140161549826
O=C(C[n+]1ccc(-c2cc[n+](CC(=O)N3CCCCC3)cc2)cc1)N1CCCCC1,4.532059716709291
C=CCC1(CCO)C(=O)NC(=O)NC1=O,1.8496343578655796
COc1cccc(C=NN2C(=O)c3ccccc3C2=O)c1,2.4475967573033164
c1ccc(C2(CCN3CCOCC3)CCCCC2)cc1,3.2063813575878184
O=C(Nc1cccc(Cl)c1)c1c(O)c2ccccc2oc1=O,3.1013510807739904
COC(=O)C(=O)Nc1c(C)n(C)n(-c2ccccc2)c1=O,2.576539558772156
CCCOC(=O)C(=O)Nc1c(C)n(C)n(-c2ccccc2)c1=O,2.4223504140325818
Cc1c(NC(=O)C(=O)OC(C)C)c(=O)n(-c2ccccc2)n1C,2.58088665867342
CCCCOC(=O)C(=O)Nc1c(C)n(C)n(-c2ccccc2)c1=O,2.5996708075672
Cc1c(NC(=O)C(=O)OCC(C)C)c(=O)n(-c2ccccc2)n1C,2.5996708075672
Cc1c(NC(=O)C(=O)OCc2ccccc2)c(=O)n(-c2ccccc2)n1C,2.261725473156562
CC(C)NS(=O)(=O)c1nc2ccccc2s1,3.0108967013843704
CC(C)(C)c1ccc(CSCc2ccc(C(C)(C)C)c(O)c2)cc1O,1.855576088729869
N=C(NO)c1cc2ccccc2o1,3.326866187793232
COC(=O)c1ccccc1NCCN1CCN(c2ccccc2)CC1,3.053640484592981
CC(CNc1ccccc1C(N)=O)N1CCN(c2ccccc2)CC1,3.0523796795988853
CNC(=O)c1ccccc1NCCN1CCN(c2ccccc2)CC1,3.2284709386545667
NC(=O)c1ccccc1NCCN1CCN(CCc2ccccc2)CC1,3.702038904007425
COc1ccc(NCCN2CCN(c3ccccc3)CC2)c(C(N)=O)c1,3.072438626992864
NC(=O)c1ccccc1NCCN1CCN(Cc2ccccc2)CC1,3.5295009343185475
O=C(Nc1ccccc1)c1ccccc1NCCN1CCN(c2ccccc2)CC1,3.1255094586844256
CCOc1ccc(NCCN2CCN(c3ccccc3)CC2)c(C(N)=O)c1,3.089293844509624
NC(=O)c1ccccc1N(CCN1CCC(O)(c2ccccc2)CC1)Cc1ccccc1,3.854876627390569
CCC(=O)OC1(c2ccccc2)CCN(CCN(Cc2ccccc2)c2ccccc2C(N)=O)CC1,3.6863037190369767
CCC(=O)OC1(c2ccccc2)CCN(CCNc2ccccc2C(N)=O)CC1,3.8189985317067
CC(CN1CCN(c2ccccc2)CC1)Nc1ccccc1C(N)=O,3.0523796795988853
NC(=O)c1ccccc1NCCN1CCC(c2ccccc2)CC1,3.2087637326616365
NC(=O)c1ccccc1NCCN1CCCCC1,3.79123787683073
CCN(CC)C(=O)C1(c2ccccc2)COC(=O)C1,3.0747516306183105
O=C(c1ccccc1NCCN1CCN(c2ccccc2)CC1)N1CCOCC1,3.19812791496074
COC(=O)c1ccc(NC(=O)c2cccc(NCn3c(=S)sc4ccccc43)c2)cc1,2.652784764403072
CCOC(=O)c1ccc(NC(=O)c2cccc(NCn3c(=S)sc4ccccc43)c2)cc1,2.666128438439914
CCOC(=O)c1ccc(NC(=O)c2ccc(NCn3c(=S)n(CNc4ccc(C(=O)Nc5ccc(C(=O)OCC)cc5)cc4)c4ccccc43)cc2)cc1,2.870905804729271
CCOC(=O)c1ccc(NC(=O)c2cccc(NCn3c(=O)oc4ccccc43)c2)cc1,2.634928460134834
O=C(NN=Cc1ccccc1O)c1ccc(NC(=O)c2ccc([N+](=O)[O-])cc2)cc1,2.6067918158738226
CCCCCCCCOc1ccc(C(=O)NCC(C)C)cc1C(=O)Nc1ccc(C(=O)NCC[N+](CC)(CC)CC)cc1,3.962222858172028
CCCCCCCCNC(=O)c1ccc(OCCCCCCCC)c(C(=O)Nc2ccc(C(=O)NCC[N+](C)(CC)CC)cc2)c1,4.105803021906146
N#CC1C(=S)NC(c2ccccc2)=CC1c1ccccc1,2.462983152279756
N#CC1C(=S)NC(c2ccccc2)=CC1c1ccc([N+](=O)[O-])cc1,1.826577515391965
N#CC1C(=S)NC(c2ccccc2)=CC1c1cccc([N+](=O)[O-])c1,2.525547519727984
N#CC1C(=S)NC(c2ccccc2)=CC1c1ccc(F)cc1,2.7901176080735426
N#Cc1c(-c2cccc([N+](=O)[O-])c2)cc(-c2ccccc2)[nH]c1=S,2.522929120518531
O=C(CCC(=O)Nc1nncs1)N/N=C\c1ccccc1,2.004818449555004
O=C(CCC(=O)Nc1nncs1)NN=Cc1ccc(O)cc1,2.027140226009797
CC(C)(C)c1ccc(C(=O)CCCN2CCC(OC(c3ccccc3)c3ccccc3)CC2)cc1,2.972821891650426
COc1cc(-c2nn3cc(-c4ccccc4[N+](=O)[O-])nc3s2)cc(OC)c1OC,3.0355634925047963
O=[N+]([O-])c1ccccc1-c1cn2nc(-c3ccc4c(c3)OCO4)sc2n1,3.1489323315071025
CCOc1c(OC)cc(-c2nn3cc(-c4ccccc4[N+](=O)[O-])nc3s2)cc1OC,2.9766596785310577
CCOc1c(OC)cc(-c2nn3cc(-c4ccc(OC)cc4)nc3s2)cc1OC,3.1993785495150138
Cc1ccc(CCNCc2nc3ccccc3c(=O)n2-c2ccccc2)cc1,2.5675768296720123
COc1ccc(-n2c(CNCc3ccc(OC)c(OC)c3)nc3ccccc3c2=O)cc1,2.759911484775257
COc1ccc(CNCc2nc3ccccc3c(=O)n2-c2ccc(Cl)cc2)cc1OC,2.639397828363921
O=C(O)C1C2CCC(O2)C1C(=O)O,4.738414451909322
O=C1NP(=S)(c2ccccc2)Oc2ccccc21,2.8956892608062224
CN1C(=O)c2ccccc2OP1(=S)c1ccccc1,2.382161182795873
CCN1C(=O)c2ccccc2OP1(=S)c1ccccc1,2.9378372983519667
O=C1c2ccccc2OP(=S)(c2ccccc2)N1c1ccccc1,2.6706997072254834
O=C1c2ccccc2OP(=S)(c2ccccc2)N1Cc1ccccc1,2.261731416021707
CNN1C(=O)c2ccccc2OP1(=S)c1ccccc1,2.608256387793144
