curated_smiles,mammal (species unspecified)_oral_LD50
CCCCC1C(=O)N(c2ccccc2)N(c2ccccc2)C1=O,2.6439895723953044
CN(C)CCCN1c2ccccc2CCc2ccccc21,2.9037331969093607
CN(C)CCCN1c2ccccc2Sc2ccc(Cl)cc21,2.804647743356504
CC(=O)Oc1ccccc1C(=O)O,2.012617913873905
O=C(CCCN1CCC(O)(c2ccc(Cl)cc2)CC1)c1ccc(F)cc1,3.6719488324015095
COc1ccc2c(c1)c(CC(=O)O)c(C)n2C(=O)c1ccc(Cl)cc1,4.650541852618081
Cc1ncc(COP(=O)(O)O)c(C=O)c1O,1.915827059432076
O=C(O)c1cccnc1,1.4419642638596146
COP(=S)(OC)Oc1ccc(SC)c(C)c1,3.423378522251975
ClC(Cl)(Cl)Cl,1.4088700267350414
CCOP(=S)(OCC)Oc1ccc([N+](=O)[O-])cc1,3.774092220527385
O=C1NC(=O)C(c2ccccc2)(c2ccccc2)N1,3.0039307631357266
CC12CCC(=O)C=C1CCC1C2CCC2(C)C(O)CCC12,1.7610719313418084
ClC1=C(Cl)C2(Cl)C3C4CC(C5OC45)C3C1(Cl)C2(Cl)Cl,3.6076979411455783
O=C(O)CF,5.850935705469866
CNC(=O)Oc1cccc2ccccc12,2.5961117599657024
CCCCCC=O,1.4324969277849215
CS(C)=O,0.5624374013615309
CCC(=O)c1ccc(N)cc1,4.425560419905981
c1ccccc1,1.136854021711318
CC#N,1.3906284280871606
NC=O,1.155297470364097
CC1CO1,2.1205739312058496
O=CC(Cl)(Cl)Cl,2.3172037769618083
COC(F)(F)C(Cl)Cl,1.661091943240919
Cc1ccccc1OP(=O)(Oc1ccccc1C)Oc1ccccc1C,2.964223083792353
CCCCC(CC)COP(=O)(OCC(CC)CCCC)OCC(CC)CCCC,1.7573180981503709
C=CC(N)=O,2.8517413091510337
CCC(=O)O,1.6548512630801056
CC(C)(c1ccc(O)cc1)c1ccc(O)cc1,1.5455754338338787
O=S1(=O)N2CN3CN1CN(C2)S3(=O)=O,6.380692318215038
CCCCOC(=O)c1ccccc1C(=O)OCCCC,1.7456181008036715
O=c1n(Cl)c(=O)n(Cl)c(=O)n1Cl,2.491193547294686
Cc1cc(C)c(N)c(C)c1,2.560465872908742
Oc1c(Cl)cc(Cl)cc1Cl,2.638396886160696
O=[N+]([O-])c1ccc(O)cc1C(F)(F)F,2.617224773504789
N#CCCN(CCO)c1ccccc1,2.0240430292160982
CC(Oc1cc(Cl)c(Cl)cc1Cl)C(=O)O,2.6176631388235343
O=C(O)COc1cc(Cl)c(Cl)cc1Cl,2.708393702759793
CCCNC(=O)NS(=O)(=O)c1ccc(Cl)cc1,2.4254642355905998
C1=Cc2ccccc2C1,1.3660978151582706
Cc1ccccc1N,1.7995675721884443
Oc1ccccc1Br,2.425155339252821
Oc1ccccc1Cl,2.4656464309240462
OCC(O)CCl,3.1297056078620398
COC(=O)CCl,2.6553145509886478
Cc1cc(Sc2cc(C)c(O)c(C(C)(C)C)c2)cc(C(C)(C)C)c1O,1.752456835184155
OCc1ccco1,2.435370933649036
ClC(Cl)(Cl)c1ccccc1,2.177150091228644
CC(C)(C)c1ccc(O)cc1,2.000639389635215
CC(=O)c1ccccc1,1.6483636255683187
ClC(Cl)c1ccccc1,2.0607814542229628
O=[N+]([O-])c1ccccc1,2.3913268546543613
COC(=O)c1ccc(C)cc1,1.5968198278093413
O=[N+]([O-])c1ccc(O)cc1,2.7506613973558007
C=Cc1ccccc1,1.8415763549364284
C=Cc1ccncc1,2.687314221531475
ClCc1ccccc1,1.9262944177239552
NCc1ccccc1,2.184918453552461
N#Cc1ccccc1,2.110269763205189
O=Cc1ccccc1,1.7204622414941664
C=Cc1ccccn1,2.4037198759703133
CCN1CCOCC1,1.9821807455964024
CCCCN(CCCC)CCCC,2.31959133995316
CCCCC(CC)COC(=O)CCCCC(=O)OCC(CC)CCCC,1.3927836862762544
Cc1ccc(CCl)cc1,2.106632788920116
Clc1ccc(Cl)cc1,1.7523558041535006
Oc1ccc(Cl)cc1,2.4101291030742145
C=CCN,2.8628439216909287
C=CCO,2.91892856767778
C#CCO,3.0497140758159484
CCCC(C)=O,1.366972891935779
CC(C)OC(C)C,1.2312018969098275
Brc1ccccc1,1.7645635494382372
Cc1ccccc1,1.3623929299827204
Clc1ccccc1,1.6896523900543423
O=C1CCCCC1,1.5147469246343814
CN1CCOCC1,1.7223394806387586
CCNCCO,1.8708816394944547
c1ccncc1,1.7220962052003148
C1COCCN1,1.85376800598796
O=C(O)CCCCCCCCC(=O)O,1.2644958451260846
ClCCOCCCl,3.10615749431692
CCCCNCCO,1.217639617276654
OCCOCCOCCO,1.2654371399471511
CNC(=O)Oc1ccccc1OC(C)C,3.366412579695012
Clc1c(Cl)c(Cl)c(Cl)c(Cl)c1Cl,1.755545581377022
Oc1ccccc1O,2.6616234092292297
Oc1ccc(Cl)cc1Cl,2.5456776169254947
O=C1CCCC1,1.6238589426335932
CCNc1nc(Cl)nc(NCC)n1,2.000562450227732
Oc1ccc(Nc2ccccc2)cc1,1.7491880082563258
c1ccc(Nc2ccccc2)cc1,1.723319677165189
Nc1ccc(O)cc1,1.853244765099115
Oc1ccc(O)cc1,2.3605934135652484
C=CCOCC(O)CO,1.4221267395013275
CCC=O,1.617898572013799
C1CCNC1,2.454070058412268
CCCCOC(C)=O,1.4315881477764318
OC[P+](CO)(CO)CO,2.588579806516721
CCCCOP(=O)(OCCCC)OCCCC,2.3502186660691757
CC(Cl)(Cl)C(=O)O,1.5531818881759796
O=C1Nc2cccc3cccc1c23,1.7969929575634445
CCN(CC)C(=O)c1cccc(C)c1,2.026383435002736
O=S(=O)(O)OCCOc1ccc(Cl)cc1Cl,2.368158333885785
CCCCCCCCC=CCCCCCCCC(=O)N(C)CCS(=O)(=O)O,1.8908150040957927
C=Cc1ccc(C)nc1,1.979245993217421
CC(=O)C=C(C)C,2.1406098306349683
N#C[Na],3.7871769924705534
CCCC[N+]1(C)C2CC(OC(=O)C(CO)c3ccccc3)CC1C1OC12,2.681812682324669
COc1cccc(O)c1,2.317933911480899
c1c[nH]cn1,1.8330131678510384
COP(=S)(OC)Oc1ccc([N+](=O)[O-])cc1,3.664429179495396
CNP(=O)(OC)Oc1ccc(C(C)(C)C)cc1Cl,3.065285039659
CC(N)Cc1ccccc1,2.778826294679277
COP(=O)(OC)OC(Br)C(Cl)(Cl)Br,2.947210236082178
CNC(=O)Oc1cc(C)c(N(C)C)c(C)c1,4.045886022705499
C1CS1,3.222723694881283
CN1C(=O)CN=C(c2ccccc2)c2cc(Cl)ccc21,2.7554876276596167
O=S1OCC2C(CCC3CN4CCc5c([nH]c6ccccc56)C4CC32)O1,2.3950233589598664
CC1C(Cl)CCC2CN3CCc4c([nH]c5ccccc45)C3CC21,2.517046707353602
OC1CCC2CN3CCc4c([nH]c5ccccc45)C3CC2C1,2.869838720729525
CCOP(=O)(OCC)OC(=CCl)c1ccc(Cl)cc1Cl,4.55578707351935
OC(CBr)C(O)C(O)C(O)CBr,2.6434047322412138
Cc1cc(O)cc(O)c1,1.7136970008986618
OC1CCC2CN3CCc4c([nH]c5ccccc45)C3CC2C1CCl,2.935615574027684
c1ccc2c3c([nH]c2c1)C1CC2CCCCC2CN1CC3,2.970679986539974
FC1CCC2CN3CCc4c([nH]c5ccccc45)C3CC2C1,3.173776100127994
OCC(O)COc1ccccc1,1.5268353305356113
CC1CCCC2CN3CCc4c([nH]c5ccccc45)C3CC12,2.539580833304601
CC1C(O)CCC2CN3CCc4c([nH]c5ccccc45)C3CC21,3.094039065054192
O=[N+]([O-])c1cccc(O)c1,2.745418341943429
Ic1ccccc1,2.008621460185338
CC(Cl)C(=O)O,2.7030873327846474
CCOC(=O)N(C)N=O,2.740754036173912
Cc1cc(=O)[nH]c(=O)[nH]1,1.7997367485602014
CCOC(=O)CCCCC(=O)O,1.6282543215186565
CCOC(=O)C(C)(C)Oc1ccc(Cl)cc1,1.9079521004560505
CCCCCOC=O,1.2657160539024366
CCCc1ccc(O)cc1,2.401764215416875
CO[Si](OC)(OC)OC,2.182477423710076
CN(N=O)C(N)=O,2.971785937879114
C=CC#CC(C)(C)O,2.271156145731382
CCC(=O)Nc1ccc(Cl)c(Cl)c1,1.9360165708667407
Oc1cccc(Oc2ccccc2)c1,1.9069554055839657
COP(=S)(S)OC,2.0530345176735403
CCCCC(CC)C(=O)Cl,2.035189508908448
O=P(Cl)(Cl)Oc1ccccc1,2.3948305960517318
Oc1c(F)c(F)c(F)c(F)c1F,2.746452556335025
NC(=O)OCC(O)COc1ccc(Cl)cc1,2.487247996241752
CCO[Si](CCCN)(OCC)OCC,1.743064659243348
COc1nn(CSP(=S)(OC)OC)c(=O)s1,4.082554163620989
C[N+](C)(C)CCCl,2.26248296728438
C[Si]1(C)N[Si](C)(C)N[Si](C)(C)N1,2.217608604162684
CN(C(=S)Oc1ccc2ccccc2c1)c1ccc2ccccc2c1,1.5358647852163094
CCOC(=O)CCCCC(Cl)CCCl,1.814099949398979
CCOC(=O)CCCCC(O)CCCl,1.949803609320143
CCOC(=O)CCCCC(=O)Cl,2.2808598121886963
N#CCCNc1ccccc1,1.5117140644952385
CONC(=O)COc1ccc(Cl)cc1C,3.118052984862429
C=CCOC(=O)c1cccc(C(=O)OCC=C)c1,2.160948480864697
COP(=S)(OC)SCC(=O)O,1.9510804970314497
C=Cc1cccc(C)n1,2.368585830127541
Cc1ccccc1C(O)(c1ccccc1)C(C)CN(C)C,3.054482823283281
CCCN(CCC)c1c([N+](=O)[O-])cc(C(F)(F)F)cc1[N+](=O)[O-],1.957208514388634
Clc1cc2c(cc1Cl)Oc1cc(Cl)c(Cl)cc1O2,7.884571512625793
CCOCC(O)CO,1.3807465415388722
CC(=O)N1CCCCCC1=O,2.076939969666633
O=C1C(N2CCCCC2)CCN1c1ccccc1,2.5671330252494102
CC(CN(C)CCc1ccccc1)C(O)(c1ccccc1)c1ccccc1,2.8567445947672687
CC1(C)CC(=O)CC(c2ccc(Cl)cc2)N1,2.774023999034399
CN(C)C(=O)NC1CCCCCCC1,1.882371266563876
O=c1[nH]c(=O)n(Cl)c(=O)n1Cl,2.142050263337808
CCCCOP(=S)(S)OCCCC,2.5093745925537547
CC(CN1CCCC1)C(O)(c1ccccc1)c1ccccc1,3.191695113312316
CC(CN(C)C)C(O)(c1ccccc1)c1ccccc1,3.0324382373182845
CC1(C)CC(=O)CC(c2ccc(F)cc2)N1,2.742872358092447
C[As]=S,3.086445257252456
CN1[SiH](C)N(C)[SiH](C)N(C)[SiH]1C,2.642490240793752
CN1[SiH](C)N(C)[SiH](C)N(C)[SiH](C)N(C)[SiH]1C,2.4663989817380703
O=c1[nH]c(=O)[nH]c(=O)[nH]1,1.4118721293832412
O=C(O)COc1ccc(Cl)cc1Cl,2.770437639398505
C#CC=COCCCC,1.8636132258993507
COP(=S)(OC)Oc1ccc(Sc2ccc(OP(=S)(OC)OC)cc2)cc1,1.996734239472839
CCC1CN(CCc2ccccc2)CCC1=O,2.820180809592075
OC(CCN1CCc2ccccc2C1)(c1ccccc1)c1ccccc1,2.5358888100900816
CC(CN1CCc2ccccc2C1)C(O)(c1ccccc1)c1ccccc1,2.5532724016925887
COc1ccc(CCN2CCC(=O)CC2)cc1OC,2.876443839316759
COc1ccc(CCN2CCC(=O)C(C)C2)cc1OC,2.8989820475133845
CC1(C)CC(=O)CC(c2cccc(Cl)c2)N1,2.774023999034399
CC1(C)CC(=O)CC(c2ccc(Br)cc2)N1,2.848467776868003
CCCCCCCCCCCCOC(=O)C[N+](C)(C)CCCCCC[N+](C)(C)CC(=O)OCCCCCCCCCCCC,3.1224424166425724
CC(CN1CCCCC1)C(OC(=O)c1ccccc1)(c1ccccc1)c1ccccc1,2.3155095811254927
CC(CN(C)C)C(OC(=O)c1ccccc1)(c1ccccc1)c1ccccc1,2.8733159507117043
CC(CN1CCCCCC1)C(O)(c1ccccc1)c1ccccc1,2.6347861710468785
CC(CN(C)C1CCCCCC1)C(O)(c1ccccc1)c1ccccc1,2.6709060725026488
CCC(CN(C)C)C(O)(c1ccccc1)c1ccccc1,3.173669231002489
CC(CN1CCN(c2ccccc2)CC1)C(O)(c1ccccc1)c1ccccc1,2.286163323108625
COc1ccc(N2CCN(CC(C)C(O)(c3ccccc3)c3ccccc3)CC2)cc1,2.3186527818406466
CC(CN1CCN(c2ccc(Cl)cc2)CC1)C(O)(c1ccccc1)c1ccccc1,2.323235594604571
CC(CC(O)(c1ccccc1)c1ccccc1)N1CCc2ccccc2C1,2.252242406028608
CC(CC(O)(c1ccccc1)c1ccccc1)N(C)CCc1ccccc1,2.254684603439306
CC(Cc1ccccc1)N(C)CC(C)C(O)(c1ccccc1)c1ccccc1,2.873367110112927
CC(CC1CCCCC1)N(C)CC(C)C(O)(c1ccccc1)c1ccccc1,2.5793124745240674
CN(CCCC(O)(c1ccccc1)c1ccccc1)CCc1ccccc1,3.15777459043125
COc1ccc(C(O)(c2ccccc2C)C(C)CN(C)C)cc1,2.9221245364952657
COc1ccc(C(O)(c2ccc(C)cc2)C(C)CN(C)C)cc1,2.6210945408312845
COc1ccc(C(O)(c2ccccc2)C(C)CN(C)C)cc1,2.9022408354957383
Cc1cccc(C(O)(c2ccccc2)C(C)CN(C)C)c1,2.7534528276192995
CC(CN(C)C)C(O)(C#Cc1ccccc1)c1ccccc1,3.0695349027125607
Cc1ccccc1C(O)(c1ccccc1C)C(C)CN(C)C,2.899371024906007
Cc1ccccc1C(O)(CCN(C)C)c1ccccc1,2.351196999942697
Cc1ccc(C(O)(c2ccccc2)C(C)CN2CCCC2)cc1,3.092654688656133
CC(CN1CCCC1)C(O)(c1ccccc1)c1ccco1,2.881402918441054
CC(CN1CCCC1)C(O)(c1ccccc1)c1cccs1,3.2004688906136147
CC(CN1CCCC1)C(O)(c1ccccc1)c1ccccn1,3.07395870338545
C(CN1CCc2ccccc2C1)=C(c1ccccc1)c1ccccc1,3.2337373470889355
CC1(C)CC(=O)CC(c2ccccc2Cl)N1,2.774023999034399
O=C(OCCN1CCCCC1)C(O)(c1ccccc1)c1ccccc1,3.8873039450051
CC(Cc1ccccc1)N(C)CCC(O)(c1ccccc1)c1ccccc1,2.8567445947672683
O=C(O)CS,2.5664092061516457
C1CCNCC1,3.5799366339644565
Nc1ccc2[nH]c(=O)c(O)nc2c1,1.017924104447669
CNC(=O)Oc1ccccc1C1OCCO1,3.1556240698806923
N#CC(Br)(Br)C(N)=O,3.3116999973003587
CC(C)=CC1C(C(=O)OCc2coc(Cc3ccccc3)c2)C1(C)C,2.001216891689575
CN(C)CCCNCCCN,2.0462100491397086
Clc1cccc(-c2ccc(Cl)c(Cl)c2Cl)c1Cl,1.9117393866494847
ClC1=C(Cl)C2(Cl)C3C(Cl)C(Cl)CC3C1(Cl)C2(Cl)Cl,3.35728037265059
CCOC(=O)c1cn2nc(OP(=S)(OCC)OCC)cc2nc1C,3.30732275994183
C=CCc1ccccc1OCC(O)CNC(C)C,3.1319985163144226
O=C(Oc1ccccc1)n1c(C(F)(F)F)nc2cc(Cl)c(Cl)cc21,2.003992709100084
C#CCN1C(=O)CN=C(c2ccccc2Cl)c2cc(Cl)ccc21,1.8365937250776505
CCOCCC#N,1.5390936228561658
CCO[Si](CNCCCCCCN)(OCC)OCC,2.767149926971733
CN(C)C(CSC(N)=O)CSC(N)=O,2.78432462902788
CCO[Si](C)(CNCCCCCCN)OCC,2.640928420866832
CC[Si]1(CC)N[Si](CC)(CC)N[Si](CC)(CC)N1,2.1991078114565634
CCc1cccc(CC)c1N(COC)C(=O)CCl,1.953875616944853
C=Cc1ccc(C=C)nc1,2.2853520924572392
CCCCC(CC)COP(=O)(OCC(CC)CCCC)Oc1ccccc1,1.6304332148691587
CC(C)OC(CO)CO,1.4287015996230543
O=C1Nc2cccc(Cl)c2C(c2ccccc2)=NC1[n+]1ccccc1,5.36074907444837
C=C(C)C(=O)OCCNc1ccccc1,1.5594815458555051
O=[N+]([O-])c1ccc(C=CC=NN(CCCl)CCCl)o1,1.7699295015669991
Cc1cc(N(C)N=Cc2ccc([N+](=O)[O-])o2)ncn1,2.6246496480221397
CCOC(=O)c1oc2ccccc2c(=O)c1C,1.9948598103289
CCOC(=O)c1c(CC)cnc2ccccc12,1.8288853618404408
CNC(=O)Oc1cccc2c1OC(C)(C)O2,3.8046806238848783
Cc1ncc(O)c(C=NC2CCSC2=O)c1CO,1.9482857888651997
Cc1ncc(CO)c(C=NC2CCSC2=O)c1O,1.9482857888651997
CC(C)(C)OC(=O)OC(=O)OC(C)(C)C,1.639982258142496
CN1Cc2c(N)cccc2C(c2ccccc2)C1,2.900064747169796
CCc1ccccc1CC,1.3354320163163396
CCCCCCCCOc1ccccc1C(=O)Nc1ccc(C(=O)OCC[N+](C)(CC)CC)cc1,2.8716384878713117
Cc1ccc(C(=O)c2ccc(CC(=O)O)n2C)cc1,2.933299964287336
NC(=S)Cc1ccccn1,2.4266025680375845
CS(=O)(=O)OCC1OC1C1OC1COS(C)(=O)=O,2.936407453707379
CCN(CC)c1nc(C)cc(OP(=S)(OC)OC)n1,2.183753705592957
Clc1cccc(N2CCN(CN3CCN(c4cccc(Cl)c4)CC3)CC2)c1,2.5486702013642275
COP(=O)(NC(C)=O)SC,2.7563469420135185
CC(C)Cc1ccc(C(C)C(=O)O)cc1,2.3144676494270024
CCNP(=S)(OC)OC(C)=CC(=O)OC(C)C,3.335247993692175
CCN(CCC#N)c1ccc(N=Nc2ccc([N+](=O)[O-])cc2)cc1,1.5096809238658344
CC12CC1(C)C(=O)N(c1cc(Cl)cc(Cl)c1)C2=O,1.4535354330192678
COc1ccc2c(c1)C(c1ccccc1)(c1ccccc1)C(=O)N2CC(=O)O,2.669093631170224
CCC(C)Nc1c([N+](=O)[O-])cc(C(C)(C)C)cc1[N+](=O)[O-],1.369950254933982
Nc1ccccc1,2.2701149352793384
CC(C)C(N)C(=O)OC(C)C1CC=CCCC(O)C(C)(C)C2CCC(C)C3(O2)O[B-]24OC(C(=O)O1)C1(OC(CCC1C)C(C)(C)C(O)CCCC1CC(OC(=O)C3O2)C(C)O1)O4,3.688658559007554
CC(CCCC(C)(C)O)N1CCCCC1,2.630153175731281
CC(CCCC(C)(C)O)N1CCCCCC1,2.427356255758922
CC(CCCC(C)(C)O)N1CCOCC1,2.2917259731615127
CC(CCCC(C)(C)O)N1CCCC1,2.220408850531451
CC(C)(Cc1ccccc1)NCC(O)c1ccc(O)c(NS(C)(=O)=O)c1,2.578058999324744
O=C(COc1ccccc1)OCC(O)COc1ccc(Cl)cc1,2.2263046908387207
O=C(COc1ccccc1O)OCC(O)COc1ccc(Cl)cc1,2.246461649422684
O=C(COc1ccc(Cl)cc1)OCC(O)COc1ccc(Cl)cc1,2.2685966910691526
CC(Oc1ccccc1)C(=O)OCC(O)COc1ccc(Cl)cc1,2.244027112999692
CC(Oc1ccc(Cl)cc1)C(=O)OCC(O)COc1ccc(Cl)cc1,5.284704760515592
CC(C)(Oc1ccccc1)C(=O)OCC(O)COc1ccc(Cl)cc1,2.261054595478234
CC(C)(Oc1ccc(Cl)cc1)C(=O)OCC(O)COc1ccc(Cl)cc1,5.300236684117334
O=C1CCN(CCc2ccccc2)CC1,2.7640372897350542
COc1ccc(C=CC(=O)c2c(OCCN3CCCCC3)c(OC)c3occc3c2OC)cc1,3.1364836824730813
CN1C(=O)C([n+]2ccccc2)N=C(c2ccccc2)c2cc(Cl)ccc21,5.355595175615528
COc1c(C(=O)C=Cc2ccc(OC(C)C)cc2)c(OCCN(C)C)c(OC)c2occc12,3.179489553149077
COc1c(C(=O)C=Cc2ccccc2O)c(OCCN(C)C)c(OC)c2occc12,2.873958599233007
COc1c(C(=O)C=Cc2cccc(O)c2)c(OCCN(C)C)c(OC)c2occc12,2.4239895905569586
COc1c(C(=O)C=Cc2ccc(O)cc2)c(OCCN2CCCC2)c(OC)c2occc12,2.4105211945226386
COc1c(C(=O)C=Cc2ccccc2O)c(OCCN2CCCCCC2)c(OC)c2occc12,2.236598835356349
O=C1CC(c2ccccc2)C(=O)N1Cc1ccccc1,2.5912479807586517
CCOC(=O)CCCCC(=O)CCCl,2.5549193460963866
CCCCCCCCO[Si](C)(C)Cl,2.092705053146575
COC(=O)C1CC2CC1C(C)(C)C2,4.561728510030751
NC(=O)c1ccc[n+](C2N=C(c3ccccc3Cl)c3cc(Cl)ccc3NC2=O)c1,5.40438873177183
Cc1n(CCBr)c([N+](=O)[O-])c[n+]1C1N=C(c2ccccc2)c2cc(Cl)ccc2N(C)C1=O,5.468641829647573
Cc1n(CCBr)c([N+](=O)[O-])c[n+]1C1N=C(c2ccccc2)c2cc(Cl)ccc2NC1=O,5.239829130805068
Cc1n(CCBr)c([N+](=O)[O-])c[n+]1C1N=C(c2ccccc2Cl)c2cc(Cl)ccc2NC1=O,5.315977607845725
Cn1cc[n+](C2N=C(c3ccccc3)c3cc(Cl)ccc3NC2=O)c1,5.406437734586647
CCn1cc[n+](C2N=C(c3ccccc3Cl)c3cc(Cl)ccc3NC2=O)c1,5.450085311410432
CCn1cc[n+](C2N=C(c3ccccc3)c3cc(Cl)ccc3NC2=O)c1,5.5102174933268575
CCn1cc[n+](C2N=C(c3ccccc3)c3cc(Cl)ccc3N(C)C2=O)c1,2.977576148710813
O=C1Nc2ccc(Cl)cc2C(c2ccccc2Cl)=NC1[n+]1ccccc1,5.340453180253278
O=C1Nc2ccc(Cl)cc2C(c2ccccc2Cl)=NC1[N+]1(CCO)CCOCC1,5.709400668733644
CCN(CC)C(=O)c1ccc[n+](C2N=C(c3ccccc3)c3cc(Cl)ccc3NC2=O)c1,5.256773982021186
CCN(CC)C(=O)c1ccc[n+](C2N=C(c3ccccc3Cl)c3cc(Cl)ccc3NC2=O)c1,5.321671360529927
Cn1cc[n+](C2N=C(c3ccccc3Cl)c3cc(Cl)ccc3NC2=O)c1,5.489971971859342
CN1C(=O)C([n+]2ccn(C)c2)N=C(c2ccccc2)c2cc(Cl)ccc21,5.521903251652053
NC(=O)c1cc[n+](C2N=C(c3ccccc3Cl)c3cc(Cl)ccc3NC2=O)cc1,5.337441942141216
CN1C(=O)C([n+]2ccc(C(N)=O)cc2)N=C(c2ccccc2)c2cc(Cl)ccc21,5.313915375137827
COc1ccc(CCC(O)c2c(OC)c3c(c(OC)c2OCCN2CCCCC2)OCC3)cc1,3.182206577178542
COc1c2c(c(OC)c(C(O)CCc3ccc(O)cc3)c1OCCN1CCCCC1)CCO2,2.3594246996780317
COc1ccc(CCC(O)c2c(OC)c3c(c(OC)c2OCCN(C)C)OCC3)cc1,2.7899119468661047
COc1ccc(CCC(O)c2c(OC)c3c(c(OC)c2OCCN2CCCC2)OCC3)cc1,3.190632679363849
COc1c2c(c(OC)c(C(O)CCc3ccccc3)c1OCCN1CCCCC1)CCO2,2.9917850791908736
C=C(C)CNc1ccc(C(C)C(=O)O)cc1,2.0905869423407686
CCOC(=O)c1c(C)[nH]c2ccc3c(c12)CN(C(C)(C)C)CO3,2.8617485904809747
CCOC(=O)c1c(C)[nH]c2ccc3c(c12)CN(CCN(C)C)CO3,2.742222220941599
CCOC(=O)c1c(C)[nH]c2ccc3c(c12)CN(CCCN(CC)CC)CO3,2.6180446083889914
CCOC(=O)c1c(C)[nH]c2ccc3c(c12)CN(CCN1CCCC1)CO3,2.695887664862344
CCOC(=O)c1c(C)[nH]c2ccc3c(c12)CN(CCN1CCOCC1)CO3,2.8398421927138937
CCN(CC)CCN1COc2ccc3[nH]c(C)c(C(=O)OC)c3c2C1,2.538376396637296
COC(=O)c1c(C)[nH]c2ccc3c(c12)CN(CCN1CCOCC1)CO3,2.57560611812887
CCCOC(=O)c1c(C)[nH]c2ccc3c(c12)CN(CCN(CC)CC)CO3,2.4753771048202604
CCCOC(=O)c1c(C)[nH]c2ccc3c(c12)CN(CCN1CCOCC1)CO3,2.6851593040728425
CCN(CC)CCN1COc2ccc3[nH]c(C)c(C(=O)OC(C)C)c3c2C1,2.4931058717806915
Cc1[nH]c2ccc3c(c2c1C(=O)OC(C)C)CN(CCN1CCOCC1)CO3,2.624461463719231
CCCCOC(=O)c1c(C)[nH]c2ccc3c(c12)CN(CCN1CCOCC1)CO3,2.7463606248767625
COC(=O)c1c(C)[nH]c2ccc3c(c12)CN(C(C)C)CO3,2.242431493099774
C=CC1(C)CC(OC(=O)CSCCN(CC)CC)C2(C)C(C)CCC3(CCC(=O)C32)C(C)C1O,2.7839545977141333
O=c1oc2ccccc2c(O)c1C1CC(c2ccc(-c3ccc(Br)cc3)cc2)Cc2ccccc21,5.598281360227705
CC(C)(C)c1ccc(OCC(O)COc2ccc(C(=O)O)cc2)cc1,1.8381019654795088
c1ccc(C23OCC(Cn4c2nc2ccccc24)O3)cc1,2.1773586433815915
CC12OCC(Cn3c1nc1ccccc13)O2,2.1174520884767625
Fc1ccc(C23OCC(Cn4c2nc2ccccc24)O3)cc1,2.267613134547208
O=[N+]([O-])c1cnc2n1CC(Cl)Cn1ccnc1-2,2.501143167478006
O=[N+]([O-])c1cnc2n1CC(O)Cn1ccnc1-2,2.468352869847261
CS(=O)(=O)Nc1cc(CCNC2CC2)ccc1O,3.7329627951908506
CCC(Cc1ccc(O)c(NS(C)(=O)=O)c1)NC1CC1,2.1737804662642737
CS(=O)(=O)Nc1cc(C(O)CNC2CC2)ccc1O,3.931325476170203
CCOC(CNC1CC1)c1ccc(O)c(NS(C)(=O)=O)c1,2.4974922066661325
CC(NC1CC1)C(O)c1ccc(O)c(NS(C)(=O)=O)c1,2.9591570730787606
Cc1cc(C(O)CNC2CC2)cc(NS(C)(=O)=O)c1O,3.982126675410199
CC1(NCC(O)c2ccc(O)c(NS(C)(=O)=O)c2)CC1,3.681790995612572
CS(=O)(=O)Nc1cc(C(O)CNC2(Cc3ccccc3)CC2)ccc1O,4.67811251140362
Oc1ccc(C(O)CNC2CC2)cc1Cl,2.3573458644860903
CN(C)S(=O)(=O)Nc1cc(C(O)CNC2CC2)ccc1O,3.5446122946784104
O=[N+]([O-])c1cnc2n1CCn1c([N+](=O)[O-])cnc1-2,2.9211209177709643
Cc1ccc(S(=O)(=O)NNC(=O)C(=O)NC(CO)C(O)c2ccc([N+](=O)[O-])cc2)cc1,2.215573686814193
O=C(O)c1cc2ccccc2c(=O)s1,2.571609863148824
O=C1CC(c2ccc(Cl)cc2)C(=O)N1Cc1ccccc1,2.650694530941209
Oc1ccccc1,2.2746796131221894
CN1CCc2c3n(c4ccccc24)C(C)(O)CCC31,3.1078016319625283
CCCN1CCc2c3n(c4ccccc24)C(=O)CCC31,3.428717783203832
CCC1(O)CCC2c3c(c4ccccc4n31)CCN2C,3.1309381430473504
CC(Cc1ccccc1)NC(Cc1cnc[nH]1)C(=O)NC(=O)C1CCC(=O)N1,2.2034997655829835
C=CCN1CCc2c3n(c4ccccc24)C(=O)CCC31,3.1244129221032284
CN1CCc2c3n(c4ccccc24)CCCC31,3.354728691230529
CC=CCN1CCc2c3n(c4ccccc24)C(=O)CCC31,3.1467030949740527
C#CCN1CCc2c3n(c4ccccc24)C(=O)CCC31,3.1211131742835034
C=CCC1(O)CCC2c3c(c4ccccc4n31)CCN2C,3.149814703945888
CCN(CC)CCOC1CCC2(C)C(=CCC3C2CCC2(C)C(C(C)O)CCC32)C1,2.6914226749273547
Cc1ccc2c(C=Cc3ccc([N+](=O)[O-])o3)cc(=O)oc2c1,2.1509259445860907
O=c1cc(C=Cc2ccc([N+](=O)[O-])o2)c2ccc(Cl)cc2o1,2.50199534234779
O=c1cc(C=Cc2ccc([N+](=O)[O-])o2)c2ccc(O)cc2o1,2.476016743411689
COc1ccc2c(C=Cc3ccc([N+](=O)[O-])o3)cc(=O)oc2c1,2.4959118753924825
CCOc1ccc2c(C=Cc3ccc([N+](=O)[O-])o3)cc(=O)oc2c1,2.514935389975536
CCCOc1ccc2c(C=Cc3ccc([N+](=O)[O-])o3)cc(=O)oc2c1,2.5331604645619192
CC(C)Oc1ccc2c(C=Cc3ccc([N+](=O)[O-])o3)cc(=O)oc2c1,2.5331604645619192
CCCCOc1ccc2c(C=Cc3ccc([N+](=O)[O-])o3)cc(=O)oc2c1,2.2284321363778465
Cc1cc2oc(=O)cc(C=Cc3ccc([N+](=O)[O-])o3)c2cc1C,2.4931693548760463
Cc1cc2oc(=O)cc(C=Cc3ccc([N+](=O)[O-])o3)c2cc1Cl,2.5207598735697987
Cc1c(O)ccc2c(C=Cc3ccc([N+](=O)[O-])o3)cc(=O)oc12,2.4959118753924825
CCn1cc(C(=O)O)c(=O)c2cc(F)c(N3CCNCC3)cc21,1.902187889692035
O=C1CC(c2ccc(Cl)cc2)C(=O)N1CCN1CCNCC1,2.337335120864851
CCn1cc(C(=O)O)c(=O)c2cnc(N3CCNCC3)nc21,1.7829339065750385
CN(C)CCC1CC2CC1C1CCCC21,3.316727078583992
CCN(CC)CCC1CC2CC1C1CCCC21,3.371834131445749
OC(Cn1cncn1)(c1ccc(F)cc1)c1ccccc1F,1.725410307133391
CC(CN1CCCCC1)C(O)(c1ccccc1)c1ccccc1,3.092654688656133
O=c1c2cnc3ccccc3c2[nH]n1-c1ccccc1,1.7181428117270818
CN(C(=O)CN1CCOCC1)c1ccc([N+](=O)[O-])cc1C(=O)c1ccccc1,2.8846866351628995
O=C(c1ccccc1)c1cc([N+](=O)[O-])ccc1N(Cc1ccccc1)C(=O)CN1CCOCC1,2.96331740167354
CN(C(=O)CNC1CCCCC1)c1ccc([N+](=O)[O-])cc1C(=O)c1ccccc1,2.8981314594856253
CC(CN1CCN(C)CC1)C(O)(c1ccccc1)c1ccccc1,3.2324182708809364
Cc1n[nH]c2c1N(c1ccccc1)C(=O)CC(=O)N2C,2.4318331918057505
O=C(c1ccccc1)c1cc([N+](=O)[O-])ccc1N(C(=O)CN1CCOCC1)C1CC1,2.9132223856091097
O=C(c1ccccc1)c1cc([N+](=O)[O-])ccc1N(C(=O)CN1CCOCC1)C1CCCC1,2.9420040823117555
O=C(c1ccccc1)c1cc([N+](=O)[O-])ccc1N(C(=O)CN1CCOCC1)C1CCCCC1,2.955709873278449
CN(C(=O)CNC1CC1)c1ccc([N+](=O)[O-])cc1C(=O)c1ccccc1,2.849269504117101
C#CC(C)(C)NCC(=O)N(C)c1ccc([N+](=O)[O-])cc1C(=O)c1ccccc1,2.8801456368323195
C=CCNCC(=O)N(C)c1ccc([N+](=O)[O-])cc1C(=O)c1ccccc1,2.849269504117101
CN(CCO)CC(=O)N(C)c1ccc([N+](=O)[O-])cc1C(=O)c1ccccc1,2.870863709580336
CN(C(=O)CN(CCO)CCO)c1ccc([N+](=O)[O-])cc1C(=O)c1ccccc1,2.9046279203671928
CN1CCN(CC(=O)N(C)c2ccc([N+](=O)[O-])cc2C(=O)c2ccccc2)CC1,2.899215131463744
CC1CN(CCc2ccccc2)CCC1=O,2.7930156644363757
NNC(=O)CC(C(=O)NN)S(=O)(=O)O,1.8773982244489007
CN(C)CCNC(=O)C(Nc1ccc(Cl)cc1)c1ccccc1,2.431032784399339
CCN(CC)CCNC(=O)C(Nc1ccc(Cl)cc1)c1ccccc1,2.646092507765924
CCN(CC)CCNC(=O)C(Nc1ccccc1C(=O)O)c1ccccc1,2.2665433076167463
O=C(CCn1cnc2ccccc2c1=O)c1ccccc1,2.444530371784605
CCn1cc(C(=O)O)c(=O)c2cc(F)c(N3CCN(Cc4oc(=O)oc4C)CC3)cc21,2.032840283162028
O=C1OCC(c2ccccc2)C1CN1CCCCC1,2.3619606617305022
O=C1OCC(c2ccccc2)C1CN1CCCC1,2.292826483629538
COC(=O)c1cc(Oc2ccc(C(=O)OC)cc2[N+](=O)[O-])cc(C(=O)OC)c1,1.5903022525979984
Cc1ccccc1C(O)(c1ccccc1C)C(C)CN1CCCC1,2.81087743010256
CN(C)CCNC(=O)C(c1ccccc1)c1cccc(Cl)c1,2.230849362186204
O=C(NCCCl)Sc1ncnc2nc[nH]c12,1.9340032753429108
CC(CC(=O)c1ccc(-c2ccc(Cl)cc2Cl)cc1)C(=O)O,2.8289201374956536
Cc1nc2ccccc2c(=O)n1Cc1nnc(-c2ccccc2)o1,2.3267944958621225
Cc1ccc(-c2nnc(Cn3c(C)nc4ccccc4c3=O)o2)cc1,2.345521411320457
Cc1nc2ccccc2c(=O)n1Cc1nnc(-c2ccc(O)cc2)o1,2.348090584217155
Cc1nc2ccccc2c(=O)n1Cc1nnc(Cc2ccccc2)o1,2.345521411320457
Cc1nc2ccccc2c(=O)n1Cc1nnc(COc2ccc(Cl)cc2)o1,2.4068886116206447
Cc1nc2c(Br)cc(Br)cc2c(=O)n1Cc1nnc(-c2ccccc2)o1,2.501632463036196
Cc1nc2c(Br)cc(Br)cc2c(=O)n1Cc1nnc(-c2ccccc2Cl)o1,2.531966585762236
Cc1ccc(-c2nnc(Cn3c(C)nc4c(Br)cc(Br)cc4c3=O)o2)cc1,2.514242178115848
COc1ccc(-c2nnc(Cn3c(C)nc4c(Br)cc(Br)cc4c3=O)o2)cc1,2.528191414255819
Cc1nc2c(Br)cc(Br)cc2c(=O)n1Cc1nnc(-c2ccc(O)cc2)o1,2.5159859337153225
Cc1nc2c(Br)cc(Br)cc2c(=O)n1Cc1nnc(COc2ccc(Cl)cc2)o1,2.55678397894986
Cc1nc2c(Br)cc(Br)cc2c(=O)n1Cc1nnc(Cc2ccccc2)o1,2.514242178115848
COc1cc(C(=O)n2nc(C)cc2C)cc(OC)c1OC,2.4628754592734112
Cc1cc(C)n(C(=O)c2ccc3c(c2)OCO3)n1,2.38783457239081
CCOc1c(OC)cc(C(=O)n2nc(C)cc2C)cc1OC,2.483367598221955
COc1cc(C(=O)n2nc(C)c(Cl)c2C)cc(OC)c1OC,2.5115678818134044
Cc1nn(C(=O)c2ccc3c(c2)OCO3)c(C)c1Cl,2.445129177210296
CCOc1c(OC)cc(C(=O)n2nc(C)c(Cl)c2C)cc1OC,2.5299318647570948
COc1cc(-c2n[nH]c(=O)[nH]2)cc(OC)c1OC,2.400092241926377
O=c1[nH]nc(-c2ccc3c(c2)OCO3)[nH]1,2.6131502043331785
CCOc1c(OC)cc(-c2n[nH]c(=O)[nH]2)cc1OC,2.4236865002063177
COc1cc(-c2n[nH]c(=O)n2C)cc(OC)c1OC,2.4236865002063177
Cn1c(-c2ccc3c(c2)OCO3)n[nH]c1=O,2.4957425097980743
CCOc1c(OC)cc(-c2n[nH]c(=O)n2C)cc1OC,2.446064715900191
CCn1c(-c2cc(OC)c(OC)c(OC)c2)n[nH]c1=O,2.446064715900191
CCn1c(-c2ccc3c(c2)OCO3)n[nH]c1=O,2.668808821649096
CCOc1c(OC)cc(-c2n[nH]c(=O)n2CC)cc1OC,2.4673461181508705
CN(C)C(=O)C1Oc2ccccc2N=C1N(C)C,3.0921906083945414
CCN(CC)C(=O)C1Oc2ccccc2N=C1N(CC)CC,2.8799641735905346
CCN(CC)C(=O)C1Oc2cc(C)c(Cl)cc2N=C1N(CC)CC,2.9443321235399758
O=C(C1Oc2ccccc2N=C1N1CCOCC1)N1CCOCC1,2.617225821982044
CCN(CC)C(=O)C1Oc2cccnc2N=C1N(CC)CC,3.182406092012173
CN(c1nc(=O)cc[nH]1)C1CCN(c2nc3ccccc3n2Cc2ccc(F)cc2)CC1,2.6359891242376587
CN(c1nc(=O)cc[nH]1)C1CCN(c2nc3ccccc3n2Cc2ccc(C#N)cc2)CC1,2.6429816063989278
CN(c1nc(=O)cc[nH]1)C1CCN(c2nc3ccccc3[nH]2)CC1,2.511064780094679
CN(c1nc(=O)cc[nH]1)C1CCN(c2nc3ccccc3n2Cc2ccccc2)CC1,2.61753815548878
O=c1cc[nH]c(NC2CCN(c3nc4ccccc4n3Cc3ccc(F)cc3)CC2)n1,2.6216705558383677
Cc1cc(=O)nc(N(C)C2CCN(c3nc4ccccc4n3Cc3ccc(F)cc3)CC2)[nH]1,2.649850642164717
CCCc1cc(=O)nc(N(C)C2CCN(c3nc4ccccc4n3Cc3ccc(F)cc3)CC2)[nH]1,2.6763130924383307
CCN(c1nc(=O)cc[nH]1)C1CCN(c2nc3ccccc3n2Cc2ccc(F)cc2)CC1,2.649850642164717
CCCN(c1nc(=O)cc[nH]1)C1CCN(c2nc3ccccc3n2Cc2ccc(F)cc2)CC1,2.66328338752644
COc1ccc(Cn2c(N3CCC(N(C)c4nc(=O)cc[nH]4)CC3)nc3ccccc32)cc1,2.647909868212416
Cc1ccc(Cn2c(N3CCC(N(C)c4nc(=O)cc[nH]4)CC3)nc3ccccc32)cc1,2.6319913652755726
CN(c1nc(=O)cc[nH]1)C1CCN(c2nc3ccccc3n2Cc2ccc(C(F)(F)F)cc2)CC1,2.683506318508444
CN(c1nc(=O)cc[nH]1)C1CCN(c2nc3ccccc3n2Cc2ccc(Cl)cc2)CC1,2.652205714675025
CSc1ccc(Cn2c(N3CCC(N(C)c4nc(=O)cc[nH]4)CC3)nc3ccccc32)cc1,2.663330533798149
CN(c1nc(=O)cc[nH]1)C1CCN(c2nc3ccccc3n2Cc2ccc(S(C)=O)cc2)CC1,2.6781595053845235
CN(c1nc(=O)cc[nH]1)C1CCN(c2nc3ccccc3n2Cc2ccc(F)c(C(F)(F)F)c2)CC1,2.699404081815337
CN(c1nc(=O)cc[nH]1)C1CCN(c2nc3ccccc3n2Cc2ccc(F)cc2F)CC1,2.653688047068706
CN(c1nc(=O)cc[nH]1)C1CCN(c2nc3ccccc3n2Cc2ccccn2)CC1,2.6185720733522824
CN(c1nc(=O)cc[nH]1)C1CCN(c2nc3ccccc3n2Cc2ccco2)CC1,2.6068906099546165
CN(c1nc(=O)cc[nH]1)C1CCN(c2nc3cccnc3n2Cc2ccc(F)cc2)CC1,2.636980085224197
Fc1ccc(Cn2c(N3CCC(Nc4ncccn4)CC3)nc3ccccc32)cc1,2.6047410671672706
O=C(Cn1cnc2ccccc2c1=O)c1ccc(-c2ccccc2)cc1,2.531966585762236
O=CC(Cn1cnc2ccccc2c1=O)c1ccc(Cl)cc1,2.495205650074159
CN(C)c1ccc(C=NNC(=S)N2C(=O)/C(=C\c3c[nH]c4ccccc34)N=C2CCNc2ccccc2)cc1,3.029932995429558
O=C1C(=Cc2ccccc2)N=C(CCNc2ccccc2)N1C(=S)N/N=C/c1ccccc1,2.957675274920534
Cc1ccccc1/C=N/NC(=S)N1C(=O)C(=Cc2ccccc2)N=C1CCNc1ccccc1C,2.9837390176850382
CN(C)c1ccc(NCCC2=NC(=Cc3ccccc3)C(=O)N2C(=S)N/N=C/c2ccccc2)cc1,2.997071690906057
Cc1ccccc1/C=N/NC(=S)N1C(=O)C(=Cc2ccccc2)N=C1CCNc1ccc(N(C)C)cc1,3.009167789722849
C=c1[nH]/c(=C/c2c[nH]c3ccccc23)c(=O)n1C(=S)NN=C(N=Nc1ccccc1)c1ccccc1,2.99262420090702
C=c1[nH]/c(=C/c2c[nH]c3ccccc23)c(=O)n1C(=S)NN=C(N=Nc1ccccc1C)c1ccccc1,3.0048430736763017
C=c1[nH]/c(=C/c2c[nH]c3ccccc23)c(=O)n1C(=S)NN=C(N=Nc1ccccc1)c1ccc(N(C)C)cc1,3.0290987545259878
C=c1[nH]/c(=C/c2c[nH]c3ccccc23)c(=O)n1C(=S)NN=C(N=Nc1ccccc1C)c1ccc(N(C)C)cc1,3.0403459595131976
C=c1[nH]c(=Cc2ccccc2)c(=O)n1C(=S)NN=C(N=Nc1ccccc1)c1ccccc1,2.9566898472173
C=c1[nH]c(=Cc2ccccc2)c(=O)n1C(=S)NN=C(N=Nc1ccccc1C)c1ccccc1,2.969946806304058
C=c1[nH]c(=Cc2ccccc2)c(=O)n1C(=S)N/N=C(\N=Nc1ccc(N(C)C)cc1)c1ccccc1C,3.008292650542117
O=C1/C(=C\c2c[nH]c3ccccc23)N=C(CCNc2ccccc2)N1C(=S)N/N=C/c1ccccc1,2.993531456207348
Cc1ccccc1NCCC1=N/C(=C/c2c[nH]c3ccccc23)C(=O)N1C(=S)N/N=C/c1ccccc1,3.0057251846357054
Cc1ccccc1NCCC1=N/C(=C/c2c[nH]c3ccccc23)C(=O)N1C(=S)NN=Cc1ccc(N(C)C)cc1,3.0411588928472977
C=c1[nH]c(=Cc2ccccc2)c(=O)n1C(=S)NN=C(N=Nc1ccccc1)c1ccc(N(C)C)cc1,2.9961718088455904
COc1cc(-c2nnc(SCC(=O)O)n2N)cc(OC)c1OC,2.656878527576839
Nn1c(SCC(=O)O)nnc1-c1ccc2c(c1)OCO2,2.593717193056949
CC(CC(=O)c1ccc(-c2ccc(F)cc2F)cc1)C(=O)O,2.830078020897887
O=c1c2ccccc2nc(S(=O)Cc2ccccn2)n1-c1ccccc1,2.080898136588743
CCn1c(SCc2ccccn2)nc2ccccc2c1=O,1.9961948835845835
C=C1OC(=O)OC1(C)ON1CCN(c2cc3c(cc2F)c(=O)c(C(=O)O)cn3CC)CC1,2.048654431481259
C[Si](C)(C)OCCN1CCN(c2ccccc2Cl)CC1,2.4954291579229224
COc1ccc(N2CCN(CCO[Si](C)(C)C)CC2)cc1,2.48925235283675
COc1ccccc1N1CCN(CCO[Si](C)(C)C)CC1,2.48925235283675
COc1cccc(N2CCN(CCO[Si](C)(C)C)CC2)c1,2.48925235283675
Cc1ccc(N2CCN(CCO[Si](C)(C)C)CC2)cc1,2.4661243856482016
Cc1cccc(N2CCN(CCO[Si](C)(C)C)CC2)c1,2.4661243856482016
c1ccc(CSc2ncnc3ccccc23)nc1,2.403686623122456
Cc1c(-c2ccccc2)c2cccc3c2n1C(C)CC(=O)N3CCCN(C)C,2.8210453872773016
CCN(CC)CCN1C(=O)CC(C)n2c(C)c(-c3ccccc3)c3cccc1c32,2.970419349607292
CCN(CC)CCCN1C(=O)CC(C)n2c(C)c(-c3ccccc3)c3cccc1c32,2.8500440191403884
CC1=C2C(CCS2(=O)=O)C2=C(C1)C(=O)C=CC2=O,2.0241604408224325
CC1=C2C(CCS2(=O)=O)c2c(O)c(SCCO)cc(O)c2C1,2.493189266742356
CC1=C2C(CCS2(=O)=O)C2(S(=O)Cc3ccccc3)C(=O)c3ccccc3C(=O)C2C1,1.8125017750350616
CC1=C2C(CCS2(=O)=O)C2(S(=O)C(C)C)C(=O)c3ccccc3C(=O)C2C1,1.7639892184722727
CC1(C(O)CN2CCC(n3c(=O)[nH]c4ccccc43)CC2)COc2ccccc2O1,2.3112090625040485
O=C1C=C2C(=O)C=CC(=O)C2C(c2ccco2)C1,1.9071066744573884
O=C1CC2C(=O)c3ccccc3C(=O)C2C(c2ccco2)C1,1.991677861407572
CC1=C2C(CCS2(=O)=O)C2=C(C1)C(=O)C1CC(=O)CC(c3ccco3)C1C2=O,2.1254292123062424
CC(=O)Nc1cc(O)c2c(c1O)C1CCS(=O)(=O)C1=C(C)C2,2.254427221540668
O=c1c2ccccc2ncn1CCOc1ccc(-c2ccc(F)cc2F)cc1,2.577925877316544
O=[N+]([O-])c1ccc(C=Nc2ncccn2)o1,2.3387990128619585
Cc1ccnc(N=Cc2ccc([N+](=O)[O-])o2)n1,2.260350160281947
COc1ccc2oc(C)c(C(=O)c3cc(-c4ccccc4)c(-c4ccccc4)s3)c2c1,2.928929174245224
COc1ccc2oc(C)c(C(=O)Cn3ccnc3)c2c1,2.732856760380577
Cc1oc2ccc(O)c(CN(C)C)c2c1C(=O)c1cc2ccccc2o1,2.844335494351645
COc1ccc2oc(C(=O)c3c(C)oc4ccc(O)c(CN(C)C)c34)cc2c1,3.2780810669228404
Cc1oc2ccc(O)c(CN(C)C)c2c1C(=O)c1cc2cc(Br)ccc2o1,2.932759817749212
COc1ccccc1C=CC(=O)c1ccccc1/N=C/c1c(C)[nH]c2ccccc12,3.5960183838986937
COc1ccccc1C1CC(c2ccccc2/N=C/c2c(C)[nH]c3ccccc23)=NN1C(C)=O,3.6537352825914864
COc1ccccc1C=CC(=O)c1ccccc1N=Cc1c(-c2ccc(C)cc2)[nH]c2ccccc12,3.6726260821955785
Cc1[nH]c2ccccc2c1C=Nc1ccccc1C(=O)C=Cc1ccccc1F,3.582561038338335
COc1ccccc1C=CC(=O)c1ccccc1N=Cc1c(-c2ccccc2)[nH]c2ccccc12,3.659483590826506
Cc1[nH]c2ccccc2c1C=Nc1ccccc1C(=O)C=Cc1ccccc1,3.561635571271021
O=C(C=Cc1ccccc1O)c1ccccc1N=Cc1c(-c2ccccc2)[nH]c2ccccc12,3.645930940890754
O=C(C=Cc1ccccc1F)c1ccccc1N=Cc1c(-c2ccccc2)[nH]c2ccccc12,3.6478805585813
Cc1ccc(-c2[nH]c3ccccc3c2C=Nc2ccccc2C(=O)C=Cc2ccccc2F)cc1,3.661373438125103
COc1ccccc1C1CC(c2ccccc2/N=C/c2c(-c3ccc(C)cc3)[nH]c3ccccc23)=NN1C(C)=O,3.7215138420840224
CC(=O)N1N=C(c2ccccc2/N=C/c2c(C)[nH]c3ccccc23)CC1c1ccccc1F,3.6419755401172567
COc1ccccc1C1CC(c2ccccc2/N=C/c2c(-c3ccccc3)[nH]c3ccccc23)=NN1C(C)=O,3.709789615809744
CC(=O)N1N=C(c2ccccc2/N=C/c2c(-c3ccccc3)[nH]c3ccccc23)CC1c1ccc(N(C)C)cc1,3.720701625949492
CC(=O)N1N=C(c2ccccc2/N=C/c2c(C)[nH]c3ccccc23)CC1c1ccccc1,3.6237825246987696
CC(=O)N1N=C(c2ccccc2/N=C/c2c(-c3ccccc3)[nH]c3ccccc23)CC1c1ccccc1O,3.6977400796067657
CC(=O)N1N=C(c2ccccc2/N=C/c2c(-c3ccccc3)[nH]c3ccccc23)CC1c1ccccc1F,3.699470891211962
CC(=O)N1N=C(c2ccccc2/N=C/c2c(-c3ccc(C)cc3)[nH]c3ccccc23)CC1c1ccccc1F,3.7114731576442
COc1ccccc1C1CC(c2ccccc2N2C(=O)C(C)SC2c2c(C)[nH]c3ccccc23)=NN1C(C)=O,3.7313252078740087
CN(C)c1ccc(C=CC(=O)c2ccccc2N=Cc2c(-c3ccccc3)[nH]c3ccccc23)cc1,3.671716990283061
COc1ccccc1C1CC(c2ccccc2N2C(=O)C(C)SC2c2c(-c3ccc(C)cc3)[nH]c3ccccc23)=NN1C(C)=O,3.788713372755772
CC(=O)N1N=C(c2ccccc2N2C(=O)C(C)SC2c2c(C)[nH]c3ccccc23)CC1c1ccccc1F,3.7215113681223846
COc1ccccc1C1CC(c2ccccc2N2C(=O)C(C)SC2c2c(-c3ccccc3)[nH]c3ccccc23)=NN1C(C)=O,3.778689441931361
CC(=O)N1N=C(c2ccccc2N2C(=O)C(C)SC2c2c(-c3ccccc3)[nH]c3ccccc23)CC1c1ccc(N(C)C)cc1,3.7880176858422137
CC(=O)N1N=C(c2ccccc2N2C(=O)C(C)SC2c2c(C)[nH]c3ccccc23)CC1c1ccccc1,3.706416487372472
CC(=O)N1N=C(c2ccccc2N2C(=O)C(C)SC2c2c(-c3ccccc3)[nH]c3ccccc23)CC1c1ccccc1O,3.7684286719886697
CC(=O)N1N=C(c2ccccc2N2C(=O)C(C)SC2c2c(-c3ccccc3)[nH]c3ccccc23)CC1c1ccccc1F,3.769899937514646
CC(=O)N1N=C(c2ccccc2N2C(=O)C(C)SC2c2c(-c3ccc(C)cc3)[nH]c3ccccc23)CC1c1ccccc1F,3.7801264110888297
CCOC(=O)CN1CC(O)=c2ccccc2=N1,2.0686588736897944
C=C1N(CCC)C(=O)OC12CCN(CCCC(c1ccc(F)cc1)c1ccc(F)cc1)CC2,2.6575921717950965
C=C1N(Cc2ccccc2)C(=O)OC12CCN(CCc1ccc(F)cc1)CC2,2.580312428052309
CCCCCCCCCCN1C(=O)OC2(CCN(CCCC(c3ccc(F)cc3)c3ccc(F)cc3)CC2)C1(C)O,2.75645733379631
C=C1N(C2CCCCC2)C(=O)OC12CCN(CCc1ccc(Cl)cc1)CC2,2.5898814932518093
C=C1N(C)C(=O)OC12CCN(CCCc1ccccc1)CC2,2.4777028197637967
C=C1N(c2ccccc2)C(=O)OC12CCN(CCc1ccccc1)CC2,2.542135483383399
CC1(O)N(C2CCCCC2)C(=O)OC12CCN(CCc1ccc(Cl)cc1)CC2,2.609545321571154
C=C1N(C)C(=O)OC12CCN(CCc1ccccc1)CC2,2.4569351021974537
C=C1N(c2ccccc2)C(=O)OC12CCN(CCc1ccc(Cl)cc1)CC2,2.5830751582090774
C=C1N(CC)C(=O)OC12CCN(CCc1ccc(C)cc1)CC2,2.4975225944893675
C=C1N(C2CCCCC2)C(=O)OC12CCN(CCc1ccc(F)cc1)CC2,2.5711076224240466
C=C1N(c2ccccc2)C(=O)OC12CCN(CCc1ccc(F)cc1)CC2,2.5639981337548834
C=C1N(CC)C(=O)OC12CCN(CCc1ccccc1)CC2,2.4777028197637967
C=C1N(C(C)(C)C)C(=O)OC12CCN(CCCC(c1ccc(F)cc1)c1ccc(F)cc1)CC2,2.6707911626209246
C=C1N(C)C(=O)OC12CCN(CCCC(c1ccc(F)cc1)c1ccc(F)cc1)CC2,2.6299261633732387
C=C1N(C(C)(C)C)C(=O)OC12CCN(CCc1ccccc1)CC2,2.516477199658157
C=C1N(C(C)C)C(=O)OC12CCN(CCc1ccc(Cl)cc1)CC2,2.5426686046522464
C=C1N(C)C(=O)OC12CCN(CCc1ccc(F)cc1)CC2,2.4833947099224463
C=C1N(CC)C(=O)OC12CCN(CCCC(c1ccc(F)cc1)c1ccc(F)cc1)CC2,2.6439794324814527
C=C1N(C(C)C)C(=O)OC12CCN(CCc1ccc(F)cc1)CC2,2.521685838696112
C=C1N(c2ccccc2)C(=O)OC12CCN(CCCC(c1ccc(F)cc1)c1ccc(F)cc1)CC2,2.688933907390363
C=C1N(CCC)C(=O)OC12CCN(CCc1ccc(F)cc1)CC2,2.521685838696112
C=C1N(CCc2ccc(OC)c(OC)c2)C(=O)OC12CCN(CCc1ccccc1)CC2,2.640035982217985
C=C1N(Cc2ccccc2)C(=O)OC12CCN(CCCC(c1ccc(F)cc1)c1ccc(F)cc1)CC2,2.7012268047133983
C=C1N(C(CC)CCCCCCC)C(=O)OC12CCN(CCCC(c1ccc(F)cc1)c1ccc(F)cc1)CC2,2.742528751250751
C=C1N(C2CCCCC2)C(=O)OC12CCN(CCCC(c1ccc(F)cc1)c1ccc(F)cc1)CC2,2.694276941300959
C=C1N(C(C)CC)C(=O)OC12CCN(CCc1ccccc1)CC2,2.516477199658157
C=C1N(C)C(=O)OC12CCN(CCc1ccc(Cl)cc1)CC2,2.506261434483984
C=C1N(C(C)(C)C)C(=O)OC12CCN(CCc1ccc(Cl)cc1)CC2,2.559788164932117
C=C1N(CC)C(=O)OC12CCN(CCc1ccc(F)cc1)CC2,2.502962147006889
C=C1N(C)C(=O)OC12CCN(CCc1ccc(OC)c(OC)c1)CC2,2.5396117329239694
C=C1N(C(C)(C)C)C(=O)OC12CCN(CCc1ccc(F)cc1)CC2,2.5396355514164157
C=C1N(c2cccc3ccccc23)C(=O)OC12CCN(CCc1ccc(F)cc1)CC2,2.619610834827393
C=C1N(C(C)CC)C(=O)OC12CCN(CCCC(c1ccc(F)cc1)c1ccc(F)cc1)CC2,2.6707911626209246
C=C1N(C(C)CC)C(=O)OC12CCN(CCc1ccc(F)cc1)CC2,2.5396355514164157
C=C1N(CCC)C(=O)OC12CCN(CCc1ccc(Cl)cc1)CC2,2.5426686046522464
C=C1N(CC)C(=O)OC12CCN(CCc1ccc(Cl)cc1)CC2,2.524846412308237
C=C1N(c2cccc3ccccc23)C(=O)OC12CCN(CCCC(c1ccc(F)cc1)c1ccc(F)cc1)CC2,2.7312969888975536
C=C1N(c2ccc(Cl)c(Cl)c2)C(=O)OC12CCN(CCc1ccc(Cl)cc1)CC2,2.6549279623774664
C=C1N(C2CCCCC2)C(=O)OC12CCN(CCc1ccccc1)CC2,2.5496088889155777
C=C1N(CCC)C(=O)OC12CCN(CCc1ccccc1)CC2,2.4975225944893675
CCCCN1C(=O)OC2(CCN(CCCC(c3ccc(F)cc3)c3ccc(F)cc3)CC2)C1(C)O,2.687174782111095
C=C1N(C)C(=O)OC12CC[N+](CCCc1ccccc1)(CCCc1ccccc1)CC2,2.6228240941499266
CN1C(=O)OC2(CCN(CCc3ccccc3)CC2)C1(C)O,2.483430380634157
CC1(O)N(Cc2ccccc2)C(=O)OC12CCN(CCc1ccc(F)cc1)CC2,2.600404348963376
CN1C(=O)OC2(CCN(CCc3ccc(F)cc3)CC2)C1(C)O,2.508368090952337
CC1(O)N(C2CCCCC2)C(=O)OC12CCN(CCc1ccc(F)cc1)CC2,2.5916199260621338
CC(C)(C)N1C(=O)OC2(CCN(CCc3ccc(F)cc3)CC2)C1(C)O,2.5616510624455446
CN1C(=O)OC2(CCN(CCCC(c3ccc(F)cc3)c3ccc(F)cc3)CC2)C1(C)O,2.6478932596643108
CC1(O)N(Cc2ccccc2)C(=O)OC12CCN(CCCC(c1ccc(F)cc1)c1ccc(F)cc1)CC2,2.71652084783545
CC(C)N1C(=O)OC2(CCN(CCc3ccc(F)cc3)CC2)C1(C)O,2.544606235897993
CC1(O)N(c2ccccc2)C(=O)OC12CCN(CCCC(c1ccc(F)cc1)c1ccc(F)cc1)CC2,2.7046591845023444
CCCCN1C(=O)OC2(CCN(CCc3ccc(F)cc3)CC2)C1(C)O,2.5616510624455446
CCCN1C(=O)OC2(CCN(CCc3ccc(F)cc3)CC2)C1(C)O,2.544606235897993
CCN1C(=O)OC2(CCN(CCCC(c3ccc(F)cc3)c3ccc(F)cc3)CC2)C1(C)O,2.661385750676862
CC1(O)N(c2cccc3ccccc23)C(=O)OC12CCN(CCCC(c1ccc(F)cc1)c1ccc(F)cc1)CC2,2.745584553977418
CCCCCCCN1C(=O)OC2(CCN(CCCC(c3ccc(F)cc3)c3ccc(F)cc3)CC2)C1(C)O,2.72319616719184
CC1(O)N(c2cccc3ccccc23)C(=O)OC12CCN(CCc1ccc(F)cc1)CC2,2.638000775442523
CCN1C(=O)OC2(CCN(CCc3ccc(F)cc3)CC2)C1(C)O,2.5268650240751733
CC1(O)N(C2CCCCC2)C(=O)OC12CCN(CCCC(c1ccc(F)cc1)c1ccc(F)cc1)CC2,2.709813337239743
CC(C)N1C(=O)OC2(CCN(CCCC(c3ccc(F)cc3)c3ccc(F)cc3)CC2)C1(C)O,2.674471662001743
CCCN1C(=O)OC2(CCN(CCCC(c3ccc(F)cc3)c3ccc(F)cc3)CC2)C1(C)O,2.674471662001743
CC1(O)N(c2ccccc2)C(=O)OC12CCN(CCc1ccc(F)cc1)CC2,2.5848409948898587
CC1(O)N(Cc2ccc(Cl)c(Cl)c2)C(=O)OC12CCN(CCc1ccc(Cl)cc1)CC2,2.684686510027632
CC1(O)NC(=O)OC12CCN(CCCC(c1ccc(F)cc1)c1ccc(F)cc1)CC2,2.6339681116897435
CC(C)c1ccc(C(C=O)Cn2cnc3ccccc3c2=O)cc1,2.505681663469531
CC(C)Cc1ccc(C(=O)CCn2cnc3ccccc3c2=O)cc1,2.524290943888823
COc1ccc(C(=O)CCn2cnc3ccccc3c2=O)cc1,2.48902564257169
O=C(Cc1ccc(-c2ccccc2)cc1)Cn1cnc2ccccc2c1=O,2.549504741998048
COc1ccc(C(=O)CCn2cnc3ccccc3c2=O)cc1OC,2.529382866854086
O=C(CCn1cnc2ccccc2c1=O)c1ccc(Cl)cc1Cl,2.540580967350815
O=C(Cn1cnc2ccccc2c1=O)c1ccc(-c2ccc(F)cc2F)cc1,2.575605767721691
O=C(CCn1cnc2ccccc2c1=O)c1ccc(-c2ccc(F)cc2F)cc1,2.5914975720412614
CC(NC(=O)C1CSCN1C(=O)c1ccccc1)c1ccccc1,1.833080782874142
O=c1cc2n(C3CC3)c3cc(N4CCNCC4)c(F)cc3n2c(=O)n1O,1.953470951773764
O=c1c2ccccc2ncn1CCOc1ccc(-c2ccccc2)cc1,2.5345312192308733
O=c1c2ccccc2ncn1CCOc1ccccc1-c1ccccc1,2.5345312192308733
O=c1c2ccccc2ncn1CCOc1ccc2ccccc2c1,2.50018156686907
O=c1c2ccccc2ncn1CCOc1ccc2cc(Br)ccc2c1,2.596878471259815
O=c1c2ccccc2ncn1CCCOc1ccc(-c2ccccc2)cc1,2.5519681582752343
Cc1nc2ccccc2c(=O)n1CCOc1ccc(-c2ccc(F)cc2F)cc1,2.593734532496328
O=C1NP(=O)(c2ccccc2)Oc2ccccc21,2.112606677050177
CN1C(=O)c2ccccc2OP1(=O)c1ccccc1,2.135495207480177
O=C1c2ccccc2OP(=O)(c2ccccc2)N1c1ccccc1,2.2244022625213864
O=C1c2ccccc2OP(=O)(c2ccccc2)N1Cc1ccccc1,2.242200915299476
CNN1C(=O)c2ccccc2OP1(=O)c1ccccc1,2.1587287735610827
CCN1C(=O)c2ccccc2OP1(=O)c1ccccc1,2.3790863507679143
Nc1c(C(=O)O)nnc2ccccc12,3.100770187849129
Cc1ccc2c(N)c(C(=O)O)nnc2c1,3.529774590498972
CCCNC(=O)CN1CC(O)=c2ccccc2=N1,2.3932206040585227
O=C(CN1CC(O)=c2ccccc2=N1)N1CCCCC1,2.26060557560704
O=C(O)C[n+]1cc(=O)c2cc(Br)ccc2[nH]1,2.152424422389163
O=C(O)C[n+]1cc(=O)c2cc(Cl)ccc2[nH]1,2.0785256906817025
COc1cc2[nH][n+](CC(=O)O)cc(=O)c2cc1OC,2.122617210319855
O=C(O)C[n+]1cc(=O)c2cccc(Cl)c2[nH]1,2.0785256906817025
O=C(O)CN1CC(O)=c2cccc(Cl)c2=N1,2.0803486515986576
CN1CCN(C(=O)C[n+]2cc(=O)c3cccc(Cl)c3[nH]2)CC1,2.206539848850568
Nc1c(C(=O)O)nnc2cc(Cl)c(F)cc12,2.0820831121722696
Cc1cc2nnc(C(=O)O)c(N)c2cc1C,2.035885808041737
Nc1c(C(=O)O)nnc2ccc(F)cc12,2.219404274939057
Nc1c(C(=O)O)nnc2cc(F)ccc12,3.015284292283132
Nc1c(C(=O)O)nnc2c(F)cccc12,2.53816303756347
Nc1c(C(=O)O)nnc2ccc(Cl)cc12,2.2703274549762145
Nc1c(C(=O)O)nnc2cc(Cl)ccc12,3.571357450640196
Nc1c(C(=O)O)nnc2cc(Cl)c(Cl)cc12,2.1106974289038574
O=CC1CC=CCC1,2.042008157373526
CC1=CCCCC1,2.704299562593788
CC(C)OP(C)(=O)OC(C)C,2.554148238766819
Cc1cc([N+](=O)[O-])cc([N+](=O)[O-])c1O,2.9959290116533674
CCCCNS(=O)(=O)c1ccccc1,1.8665969296784224
CN(CCc1ccccc1)CCC(O)(c1ccccc1)c1ccccc1,2.2374004576498936
Clc1ccc(C[P+](c2ccccc2)(c2ccccc2)c2ccccc2)cc1Cl,2.3246065115282386
O=C1C(=C(O)C(c2ccccc2)c2ccc(Cl)cc2)C(=O)c2ccccc21,4.698764968948401
O=C(C[n+]1ccc(-c2cc[n+](CC(=O)N3CCCCC3)cc2)cc1)N1CCCCC1,2.708150975764973
C[n+]1ccc(-c2cc[n+](C)cc2)cc1,3.425016895265082
Clc1ccccc1C(c1ccccc1)(c1ccccc1)n1ccnc1,2.6625626700269183
C=CCC1(CCO)C(=O)NC(=O)NC1=O,1.548604362201598
c1ccc(C2(CCN3CCOCC3)CCCCC2)cc1,2.6586790285824486
c1ccc(C2(CCN3CCCCC3)CCCCC2)cc1,3.2575953871122425
NC(=O)c1cc([N+](=O)[O-])ccc1NCCN1CCN(c2ccccc2)CC1,3.090405027274288
CCC(=O)OC1(c2ccccc2)CCN(CCN(Cc2ccccc2)c2ccccc2C(=O)NC)CC1,3.3007302290400853
CCC(=O)OC1(c2ccccc2)CCN(CCNc2ccccc2C(=O)NC)CC1,4.408165738720693
CCCCCCCCOc1ccc(C(=O)NCC(C)C)cc1C(=O)Nc1ccc(C(=O)NCC[N+](CC)(CC)CC)cc1,2.2980149600952213
CCCCCCCCNC(=O)c1ccc(OCCCCCCCC)c(C(=O)Nc2ccc(C(=O)NCC[N+](C)(CC)CC)cc2)c1,2.2027130349142023
CC(C)(C)c1ccc(C(=O)CCCN2CCC(OC(c3ccccc3)c3ccccc3)CC2)cc1,2.0697319046584823
CC(COc1ccc(N)cc1)NCC(O)COc1c[nH]c(=O)c2ccccc12,2.2826764812409155
CC(COc1ccc(O)cc1)NCC(O)COc1c[nH]c(=O)c2ccccc12,2.28378953537466
Cc1cc(C)nc(NC(=O)c2ccccc2)c1,2.092193161054569
O=C1NP(=S)(c2ccccc2)Oc2ccccc21,2.2636660461008167
CN1C(=O)c2ccccc2OP1(=S)c1ccccc1,2.5862811654517985
CCN1C(=O)c2ccccc2OP1(=S)c1ccccc1,2.1808753470382616
O=C1c2ccccc2OP(=S)(c2ccccc2)N1c1ccccc1,2.369669711561502
O=C1c2ccccc2OP(=S)(c2ccccc2)N1Cc1ccccc1,2.261731416021707
CNN1C(=O)c2ccccc2OP1(=S)c1ccccc1,2.182287655520863
