curated_smiles,mouse_intramuscular_LD50
CCCCC1C(=O)N(c2ccccc2)N(c2ccccc2)C1=O,2.8556191568299747
O=C(Cc1cccs1)NC1C(=O)N2C(C(=O)O)=C(C[n+]3ccccc3)CSC12,1.7745211366039058
CCN(CC)CCCC(C)Nc1ccnc2cc(Cl)ccc12,3.6537287386261497
NCCc1c[nH]c2ccc(O)cc12,2.3709914690060945
CCN(CC)CCOC(=O)c1ccc(N)cc1,2.6745212848396176
CCN(CC)CCNC(=O)c1ccc(N)cc1,2.4371806890312864
C1CN1c1nc(N2CC2)nc(N2CC2)n1,5.134043163515019
CN(CCCl)CCCl,4.753947777131985
CC(C)=CCCC(C)=CCCC(C)=CCCC(=O)OCC=C(C)CCC=C(C)C,1.4724281266456356
S=P(N1CC1)(N1CC1)N1CC1,4.216278378427484
CC12C=CC(=O)C=C1CCC1C2C(=O)CC2(C)C1CCC2(O)C(=O)CO,2.7762579484636767
Cc1ncc(COP(=O)(O)O)c(C=O)c1O,2.332250473798127
C[N+]1(C)CCN(c2ccccc2)CC1,3.834552398206748
NNC(=O)c1ccncc1,3.00044991151991
CCN(CC)N=O,2.45773309950024
CCOP(=S)(OCC)Oc1ccc([N+](=O)[O-])cc1,4.60695580412463
C=CC1CN2CCC1CC2C(O)c1ccnc2ccc(OC)cc12,3.210082978981244
ON=Cc1cc[n+](CCC[n+]2ccc(C=NO)cc2)cc1,3.456874437011568
CCC1(c2ccccc2)C(=O)NC(=O)NC1=O,3.122897104108831
CNC(=O)Oc1ccc2c(c1)C1(C)CCN(C)C1N2C,5.921374295418474
COc1cc2c3cc1Oc1cc(ccc1O)CC1c4c(cc(OC)c(O)c4Oc4ccc(cc4)CC3N(C)CC2)CC[N+]1(C)C,6.052753063383671
Cc1c(N(C)C)c(=O)n(-c2ccccc2)n1C,2.878452328660761
CN(C)CCCN1c2ccccc2Sc2ccccc21,4.006814316154775
CC(=O)OCC1=C(C(=O)O)N2C(=O)C(NC(=O)Cc3cccs3)C2SC1,1.9151113661083
COc1ccc(Cc2nccc3cc(OC)c(OC)cc23)cc1OC,3.3456288979500317
OCC(S)CS,3.0411480417386203
CC(CN1c2ccccc2Sc2ccccc21)N(C)C,3.210934298810699
CCCCN1CC2Cc3cc(OC)c(OC)cc3C2C1,3.326007967759605
Cc1cccc(Nc2ccccc2C(=O)O)c1C,2.780479332094242
CCC1(C)CC(=O)NC(=O)C1,3.6723693820955834
CCC(=O)c1ccc2c(c1)Sc1ccccc1N2C(C)CN(C)C,3.2098876177067472
O=C1CC2OCC=C3CN4CCC56c7ccccc7N1C5C2C3CC46,5.726331300151626
CN(C)C=O,1.2728230634104765
O=C(O)c1ccccc1O,2.259449266005626
NC(CCC(=O)NC(CS)C(=O)NCC(=O)O)C(=O)O,1.8855421383769333
CCN(CC)CC(=O)Nc1c(C)cccc1C,3.1218787189884383
O=S(=O)(O)CC(S)CS,2.031800739194205
C#N,4.000418008270136
CCCC(C)C1(CC)C(=O)NC(=O)NC1=O,3.261216807721754
CCOP(=O)(C#N)N(C)C,5.566408027526521
C=CC(C)(O)CCC=C(C)C,1.2851436322013488
COc1c2occc2c(OC)c2c(=O)cc(C)oc12,3.4963043019322657
COc1c2ccoc2cc2oc(C)cc(=O)c12,3.2722360517060003
CC1(C)SC2C(NC(=O)COc3ccccc3)C(=O)N2C1C(=O)O,2.295360782377067
O=[N+]([O-])OC1COC2C(O[N+](=O)[O-])COC12,2.3397384467951023
OCC(O)C(O)C(O)CO,1.1736603672473318
COc1ccccc1OCC(O)CO,1.9527508161499296
O=C(C=CC=Cc1ccc2c(c1)OCO2)N1CCCCC1,5.853307231627936
C[n+]1ccccc1C=NO,2.9448894775473127
CC1OC1C1CCC2(C)OC2C1,2.447767683577912
CC(OP(C)(=O)F)C(C)(C)C,6.311098771551918
CC1=CCC(C(C)(C)O)CC1,1.8872036235293108
Nc1ccc([N+](=O)[O-])cc1,2.237185448239304
CCN(CC)CCO,2.449804635368986
CC(C)=CCCC(C)CCO,1.5918128416865491
CC(C)=CCCC(C)=CCO,1.6486429961694795
NCCS(=O)(=O)O,1.2523293437244956
CC(C)OP(C)(=O)F,5.931575687504378
OC1CCCCC1,2.0006986518519163
CC1(C)SC2C(NC(=O)Cc3ccccc3)C(=O)N2C1C(=O)O,2.1501683590638483
ON=Cc1cc[n+](COC[n+]2ccc(C=NO)cc2)cc1,3.130978892767449
CNC=O,1.339988502048911
CN1CCCN=C1COC(=O)C(O)(c1ccccc1)C1CCCCC1,3.214913198481549
CNC1C(OC2C(OC3C(O)C(O)C(NC(=N)N)C(O)C3NC(=N)N)OC(C)C2(O)CO)OC(CO)C(O)C1O,3.222044262202391
CC1(C)C2CC=C(CCO)C1C2,2.5218282202662263
CCC(=O)Nc1c(I)c(NC(=O)CC)c(I)c(C(=O)O)c1I,1.4802164390608588
CC(=O)Nc1c(I)cc(I)c(C(=O)O)c1I,1.6609576713379204
C=CCN1Cc2ccccc2-c2ccccc2C1,2.5935260444250177
CN1CCC(OC(c2ccccc2)c2ccccc2)CC1,3.6411115768367166
Clc1ccc(CC(=CCN2CCCC2)c2ccccc2)cc1,2.571228646147696
C=C(C)CCCC(C)CCO,1.5918128416865491
Cc1nnc(NS(=O)(=O)c2ccc(N)cc2)s1,1.867479375981565
Nc1ccc(S(=O)(=O)Nc2ccccn2)cc1,2.356903013989657
COc1ccc(CCN(C)CCCC(C#N)(c2ccc(OC)c(OC)c2)C(C)C)cc1OC,4.004427426151893
O=NN(CCCl)C(=O)NCCCl,3.394508494314992
CN(C)C(=O)Oc1ccc[n+](C)c1,4.987049825433696
C1CCC2OC2C1,1.991868179354044
CC(C)NNC(=O)c1ccncc1,2.464518626895098
Nc1cc([As]=O)ccc1O,3.8538523273526377
CCOP(=O)(OCC)Oc1ccc([N+](=O)[O-])cc1,5.588385346503746
ClCCNCCCl,2.7052189979287813
CC(C)=CCN1CCC2(C)c3cc(O)ccc3CC1C2C,3.4642750633657857
COc1cc(CNC(=O)CCCCC=CC(C)C)ccc1O,4.592800026199899
CNC1=Nc2ccc(Cl)cc2C(c2ccccc2)=[N+](O)C1,2.9147519864762184
CN1C(=O)CN=C(c2ccccc2)c2cc(Cl)ccc21,3.64154427535278
CC(C)=CCC1C(=O)C(=C(O)CC(C)C)C(=O)C(CC=C(C)C)(CC=C(C)C)C1=O,2.8394633820934354
CC12CCC(CC1)C(C)(C)O2,2.188233619193292
CC(CCC(=O)O)C1CCC2C3C(O)CC4CC(O)CCC4(C)C3CCC12C,2.5939281706820063
CNC1CCc2cc(OC)c(OC)c(OC)c2-c2ccc(OC)c(=O)cc21,3.630361233433588
CCC(C)C(=O)OC1C(OC(C)=O)c2c(ccc3ccc(=O)oc23)OC1(C)C,2.6691737851836304
CC(=O)OC1c2c(ccc3ccc(=O)oc23)OC(C)(C)C1OC(=O)C=C(C)C,2.9167912646693317
CCN(CC)CCNc1ccc(C)c2sc3ccccc3c(=O)c12,2.9300469211127043
CCC1(C2=CCCCCC2)C(=O)NC(=O)NC1=O,2.0974273837387525
COc1cc2c(c(OC)c1OC)-c1cccc(=O)cc1C(NC(C)=O)CC2,3.775125187627389
O=C1CCCC2C3CCCN4CCCC(CN12)C34,3.5249879819481693
CCc1ccc(C)c2ccc(C)c-2c1,1.7883616622550018
O=C(O)c1ccccc1Nc1cccc(C(F)(F)F)c1,2.75009627530133
O=C(O)c1ccccc1,1.723938161415427
N=C(N)NCCCCCCCCC(=O)NC(CCCN)C(O)CCCCCCCCNC(=N)N,4.606322236836919
CCCCCC(O)C=CC1C(O)CC(O)C1CC=CCCCC(=O)O,3.3677567251094684
CC1=CCC(O)(C(C)C)CC1,2.2961390165028117
Cc1cccc(CN2CCN(C(c3ccccc3)c3ccc(Cl)cc3)CC2)c1,2.796250086987925
CC1CCCCC1O,2.057620466365057
CC(C[N+](C)(C)C)OC(N)=O,2.9241311569058297
CC1CCCC(O)C1,2.057620466365057
COP(=O)(OC)N1CCOCC1,1.6091384452957
COc1ccc2cc3[n+](cc2c1OC)CCc1cc2c(cc1-3)OCO2,4.364547767533852
CCC1(CC)COC(=O)NC1=O,3.580281099379914
CC(=O)Nc1c(I)c(NC(C)=O)c(I)c(C(=O)O)c1I,1.4795651729942825
O=C(CCCN1CCC2(CC1)C(=O)NCN2c1ccccc1)c1ccc(F)cc1,3.500212316180002
O=C1Nc2ccc(Cl)cc2C(c2ccccc2Cl)=NC1O,3.661627466015132
CCCC1CC(C(=O)NC(C(C)O)C2OC(SC)C(O)C(O)C2O)N(C)C1,1.910138619813098
CNCCC=C1c2ccccc2CCc2ccccc21,3.190140467612086
C[N+](C)(C)CCOP(=O)(O)OP(=O)(O)OCC1OC(n2ccc(N)nc2=O)C(O)C1O,2.039104485184142
O=C(O)c1ccc(I)cc1,2.662091192289872
CC[N+]1(CC)CCC(OC(=O)C(O)(c2ccccc2)c2ccccc2)C1,3.409700398856131
CCCC(CCC)C(=O)O,2.238884096558804
CN1C(=O)CN=C(c2ccccc2F)c2cc([N+](=O)[O-])ccc21,2.1949137645749173
Nc1c2c(nc3ccccc13)CCCC2,3.834856818266074
CC1(C)C2CC3OC3(C)C1C2,3.182520217105796
CNC1C(O)C(NC)C2OC3(O)C(=O)CC(C)OC3OC2C1O,1.822629598971419
C1NNCN2CNNCN12,3.0620010324750866
O=C1NCN(c2ccccc2)C12CCN(CCCC(c1ccc(F)cc1)c1ccc(F)cc1)CC2,3.651920456842217
CNC1(c2ccccc2Cl)CCCCC1=O,2.824633992389486
CN1CCN(C2=Nc3ccccc3Sc3ccc(Cl)cc32)CC1,3.3322907241673088
ON=Cc1cc[n+](C[n+]2ccc(C=NO)cc2)cc1,2.7608144452194785
O=C(CCCN1CCC(O)(c2cccc(C(F)(F)F)c2)CC1)c1ccc(F)cc1,3.805992262223671
O=C(O)c1ccccc1I,2.457971209633947
O=C(O)c1cccc(I)c1,2.515963156611634
CCCCCCC(=O)OCCN1CCN(CCCN2c3ccccc3Sc3ccc(C(F)(F)F)cc32)CC1,4.504599660223526
C[N+](C)(C)CCBr,3.444747222225778
CN(C)CCC1(c2ccccc2)C=Cc2ccccc21,3.4428657837015115
CCN(CC)CCNc1ccc(CO)c2sc3ccccc3c(=O)c12,3.148928048917604
COc1cc2c(c(OC)c1OC)-c1ccc(OC)c(=O)cc1C(N)CC2,3.8629657589777615
OC(CS)C(O)CS,2.9265509480611422
Cn1c(=O)c2[nH]cnc2n(C)c1=O,2.822705956199572
CC(CN(C)C)CN1c2ccccc2CCc2ccccc21,3.120694895970733
CCCCCCCCCCCC(=O)NS(=O)(=O)c1ccc(NC(C)=O)c2ccccc12,3.710412107733671
C=CCC(N)Cc1ccccc1,2.971965889768126
COC1C(OC(=O)c2ccc(C)[nH]2)C(O)C(Oc2ccc3c(O)c(NC(=O)c4c[nH]c(C(=O)Nc5c(O)c6ccc(OC7OC(C)(C)C(OC)C(OC(=O)c8ccc(C)[nH]8)C7O)c(C)c6oc5=O)c4C)c(=O)oc3c2C)OC1(C)C,3.346388968537692
CN(C)CCON=C1c2ccccc2CCc2ccccc21,3.310572363190068
CCCCCCCCCC(=O)OCCN1CCN(CCCN2c3ccccc3Sc3ccc(C(F)(F)F)cc32)CC1,3.994011968626767
c1ccc(C2CN3CCSC3=N2)cc1,3.227478744758409
C[N+](C)(C)CCI,3.2166124567561583
CN1CCCC(=C(c2cccs2)c2cccs2)C1,2.951479446644512
Oc1c(CN2CCCC2)cc(Nc2ccnc3cc(Cl)ccc23)cc1CN1CCCC1,3.533258547614903
O=C(Nc1cccc(C2=NCCN2)c1)Nc1cccc(C2=NCCN2)c1,3.617811325493299
Cc1cccc(C)c1OCC(C)N,3.1462806904997485
O=C1C=C2C=CC3CC2(O1)C1CCCCN31,4.050988644522681
COc1ccc2nc3c(c(N)c2c1)CCCC3,3.2615863868913397
COP(=O)(OC)C(OC(C)=O)C(Cl)(Cl)Cl,2.6312610833832606
CC12CCC(=O)C=C1CCC1C2C(O)CC2(C)C1CCC2(O)C(=O)COP(=O)(O)O,2.6773763430198403
CN(C)N=NN(C)C,2.0316627569274397
CC(=O)OC(C)(C)C=CC(=O)C(C)(O)C1C(O)CC2(C)C3CC=C4C(CC(O)C(=O)C4(C)C)C3(C)C(=O)CC12C,5.311025352183765
O=C1C=CCC2C3CCCN4CCCC(CN12)C34,3.406539446206282
c1ccc2c(c1)CCc1cc3c([o+]c1-2)-c1ccccc1CC3,2.978280973021825
CC(=O)CCC=C(C)CCC=C(C)CCC=C(C)CCC=C(C)C,1.820275040214186
COc1c2c(cc3c1-c1ccc(OC)c(=O)cc1C(NC(C)=O)CC3)OCO2,5.012992438520509
Cc1onc(-c2ccccc2Cl)c1C(=O)NC1C(=O)N2C1SC(C)(C)C2C(=O)O,2.572169407499704
CN(C)CCCN1c2ccccc2N(C)S(=O)(=O)c2ccccc21,2.9586242291395832
COc1cc2c(c(OC)c1O)-c1ccc(OC)c(=O)cc1C(NC(C)=O)CC2,4.366423802341843
COc1cc2c(c(OC)c1OC)-c1ccc(OC)c(=O)cc1C(N(C)C(C)=O)CC2,5.456576156984366
COc1cc2c(c(OC)c1OC)-c1ccc(OC)c(=O)cc1C(N(C)C)CC2,3.2849493214036736
CCC(C)CCCCC(=O)NC(CCNCS(=O)(=O)O)C(=O)NC(C(=O)NC(CCNCS(=O)(=O)O)C(=O)NC1CCNC(=O)C(C(C)O)NC(=O)C(CCNCS(=O)(=O)O)NC(=O)C(CCNCS(=O)(=O)O)NC(=O)C(CC(C)C)NC(=O)C(CC(C)C)NC(=O)C(CCNCS(=O)(=O)O)NC1=O)C(C)O,3.3409255665991533
C[N+]1(C)CCC(c2ccccc2)CC1,3.8323035779154537
Cc1c(N)nc(C(CC(N)=O)NCC(N)C(N)=O)nc1C(=O)NC(C(=O)NC(C)C(O)C(C)C(=O)NC(C(=O)NCCc1nc(-c2nc(C(=O)NCCC[S+](C)C)cs2)cs1)C(C)O)C(OC1OC(CO)C(O)C(O)C1OC1OC(CO)C(O)C(OC(N)=O)C1O)c1cnc[nH]1,3.7195694267407062
NCC1OC(OC2C(CO)OC(OC3C(O)C(N)CC(N)C3OC3OC(CO)C(O)CC3N)C2O)C(N)C(O)C1OC1OC(CO)C(O)C(O)C1O,2.752137393752622
O=C(O)CC(S[Au])C(=O)O,2.6361291794786568
CN(C(=O)CN(CCO)CC(=O)N(C)C(C)(C)Cc1ccccc1)C(C)(C)Cc1ccccc1,3.2450430167312234
CCC1OC(=O)C(C)C(OC2CC(C)(OC)C(O)C(C)O2)C(C)C(OC2OC(C)CC(N(C)C)C2O)C(C)(O)CC(C)C(=O)C(C)C(O)C1(C)O,3.2701625605337936
COc1cc2c(c(OC)c1OC)-c1ccc(OC)c(=O)cc1CC=C2,3.523357482586103
CCOC(=O)NNc1nncc2ccccc12,2.745806577887022
COc1cc2c(c(OC)c1OC)-c1ccc(OC)c(=O)cc1C(N(C)C=O)CC2,3.744122318378635
C[N+]1(CC(=O)c2ccc(-c3ccc(C(=O)C[N+]4(C)CCCCC4)cc3)cc2)CCCCC1,5.659933187513219
NCCOCC(N)C(=O)O,1.803380910778777
C[N+]1(CCC(C(N)=O)(c2ccccc2)c2ccccc2)CCCCCC1,3.242746569237392
CS(=O)(=O)C=Cc1ccccc1,2.306410729554607
CN(C)CCCN1C(=O)c2cc([N+](=O)[O-])ccc2Oc2ccccc21,3.2544679345411605
CC(C)(CO)C(O)C(=O)NCCC(=O)NCCSSCCNC(=O)CCNC(=O)C(O)C(C)(C)CO,2.036513043003493
O=C1CCCC2CCCC=[N+](O)CCCCCN12,2.993815211750106
COc1cc2c(c(OC)c1OC)-c1ccc(OC)c(=O)cc1C(N(C)Cc1ccccc1O)CC2,3.529806102653024
C=C(O)/C(CN(C)C)=N/O,2.1031264831116
COc1c2ccoc2cc2oc(COC3OC(CO)C(O)C(O)C3O)cc(=O)c12,3.3606221293243683
O=C(O)c1cc(I)cc(I)c1I,3.5029061575779377
Cc1ccc2c(c1)C1CN(C)CCC1N2,3.366478776931269
CCCCN1CCCCC1C(=O)Nc1c(C)cccc1C,4.103009291671045
CC1NC(=O)C(C(C)O)NC(=O)C(NC(=O)C(CO)NC(=O)CC(N)C(=O)O)C(C)OC(=O)C2C(O)CCN2C(=O)C(C(O)C(C)C)NC(=O)C(C(C)c2c[nH]c3ccccc23)NC(=O)C(=Cc2c[nH]c3ccccc23)NC(=O)C2C(O)CCN2C(=O)CNC1=O,3.104602156796745
CN1CCN(c2ccc(CO)c(Cl)c2)CC1,3.080507436404147
CCOc1ccccc1C(=O)N/N=C(\C)C(=O)O,3.131209299462805
CCC(CCl)N(CCCl)P(=O)(O)OCC1OC(n2ncc(=O)[nH]c2=O)C(O)C1O,3.678735017004304
CC(=O)OC1C(COP(=O)(O)N(CCCl)CCCl)OC(n2ncc(=O)[nH]c2=O)C1OC(C)=O,3.2498161247881963
COc1cccc2c1C(=O)c1c(O)c3c(c(O)c1C2=O)CC(O)(C(C)=O)CC3OC1CC(N)C(O)C(C)O1,4.35488794840013
CN(C)C=Cc1ccncn1,2.474790086250064
CN=C1NC(=O)C(C(C)c2c[nH]c3ccccc23)O1,2.507337983817208
CCCC1CC(C(=O)NC(C(C)Cl)C2OC(SC)C(O)C(O)C2O)N(C)C1,2.5869870479703843
O=C(O)CN1CCN(CC(=O)O)CC(=O)O[Fe]OC(=O)C1,2.463620756340145
O=C1c2ccccc2CN2C(=O)c3ccccc3CN12,1.94494961661467
Cc1nccc2c1[nH]c1ccccc12,3.4752805071703645
CCSC(=N)N,2.364563501854438
CC(C)NCC1CCc2cc(CO)c([N+](=O)[O-])cc2N1,2.145103133146381
Cn1c(C=NO)[n+](C)c2ccccc21,2.779582793204995
Cc1cc(C)[nH]c(=S)n1,2.4478120824180247
NC(=O)c1ccc[n+](COC[n+]2ccccc2C=NO)c1,2.922036091971427
N=C(N)C(O)c1ccc2c(c1)OCO2,2.6754430050178573
Cc1cccc(C)c1NC1=NCCCS1,3.305668818170746
CC(=O)OCC1=C(C(=O)O)N2C(=O)C(NC(=O)CC#N)C2SC1,1.586138305095237
CC(NCCc1ccc(O)cc1)C(O)c1ccc(O)cc1,2.821936907305763
CN1CCOC(c2ccccc2)c2ccccc2C1,3.6794364679035896
Cc1ncc(C[n+]2csc(CCOP(=O)(O)OP(=O)(O)O)c2C)c(N)n1,2.628715805205005
CCCOP(=S)(OCCC)SCC(=O)N1CCCCC1C,2.4480065872833947
CCN(CC)CCn1nc2c3ccc(Cl)cc3sc3c(CO)ccc1c32,2.49185007047416
Cc1ccccc1C(c1ccccc1)N1CCN(C)CC1,3.493558731820312
CCCC1CC(C(=O)NC(C(C)Cl)C2OC(SC)C(OP(=O)(O)O)C(O)C2O)N(C)C1,2.661872892521887
NC(=O)c1ccc[n+](COC[n+]2ccc(C=NO)cc2)c1,2.7773218921704763
O=C(CCN(CCCl)CCCl)c1ccccc1,3.906574278434999
O=c1n(CCCN2CCN(c3cccc(Cl)c3)CC2)nc2ccccn12,2.893699869881503
COc1cc2c(c(OC)c1OC)-c1ccc(OC)c(=O)cc1C(NC(=O)C(F)(F)F)CC2,5.997529125149281
COc1ccc(C=CC(=O)c2c(OCCN(C)C)c(OC)c3occc3c2OC)cc1,3.829539621830968
ON=Cc1cccc[n+]1COC[n+]1cccc(I)c1,3.712249730916884
CN(C)c1ccc[n+](COC[n+]2ccccc2C=NO)c1,3.704046606208389
COc1cc(OC)cc(OCCO)c1,2.236445249481429
CS(=O)(=O)c1ccc[n+](CCC[n+]2ccc(C=NO)cc2)c1,3.328071627642748
CC(C)(C)c1ccc[n+](COC[n+]2ccc(C=NO)cc2)c1,4.200375237547128
O=C(CCN(CCCl)CCCl)c1ccc(Cl)cc1,3.6633717790700016
ON=Cc1cc[n+](COC[n+]2cccc(I)c2)cc1,3.596454373748454
CN(C)c1ccc[n+](COC[n+]2ccc(C=NO)cc2)c1,3.847137605161145
CSc1ccc[n+](COC[n+]2ccc(C=NO)cc2)c1,3.540174490964346
CC1(C)SC2C(NC(=O)C(c3ccccc3)S(=O)(=O)O)C(=O)N2C1C(=O)O,1.596294371445638
CCCCNc1cc(C(=O)O)cc(S(N)(=O)=O)c1Oc1ccccc1,4.163665770325586
CCCCOc1ccc(C[N+]2(C)C3CCC2CC(OC(=O)C(CO)c2ccccc2)C3)cc1,3.2008840826930123
CC(O)=C1C(=O)C(N)C2Cc3c(c(O)c4c(O)c(C)ccc4c3C)C(=O)C2(O)C1=O,3.6648848370872416
NCC1OC(OC2C(N)CC(N)C(OC3OC(CO)C(O)C(N)C3O)C2O)C(N)C(O)C1O,2.8864539007273877
Clc1ccc2c(c1)C(c1ccccc1)=NCc1nncn1-2,2.696391753173593
CC(C)Cc1ccc(C(C)C(=O)O)cc1,2.676977919914492
O=C(CCCN1CCc2[nH]c3ccc(F)cc3c2C1)c1ccc(F)cc1,3.500275690544832
ON=Cc1cc[n+](COC[n+]2cccc(Cl)c2)cc1,3.165701020414765
S=c1nc(-c2ccccc2)cc(-c2ccccc2)[nH]1,2.723214239007543
NCC1OC(OC2C(N)CC(N)C(OC3OC(CO)C(O)C(N)C3O)C2O)C(N)CC1O,3.026347517768015
NCCC(O)C(N)CC(=O)NC1CNC(=O)C(C2CCN=C(N)N2)NC(=O)C(C=NC(N)=O)NC(=O)C(CO)NC(=O)C(CO)NC1=O,2.359012894745712
CCC1CC2C3CCC4=CC(=O)CCC4C3CCC2(C)C1O,1.4806650760640885
ON=Cc1cccc[n+]1COC[n+]1ccccc1,3.193766026300604
NC(=O)c1ccc[n+](CCC[n+]2ccc(C=NO)cc2)c1,3.0589344283395303
NC(=O)c1ccc[n+](COC[n+]2cccc(C(N)=O)c2)c1,2.537129729051441
Nc1cc(Nc2ccc([As]=O)cc2)nc(N)n1,4.121688146972821
CC(=O)OCC1=C(C(=O)O)N2C(=O)C(NC(=O)CSc3cc[n+](C)cc3)C2SC1,2.0399165391839227
NC(=O)c1cc[n+](COC[n+]2ccccc2C=NO)cc1,2.805678645166741
NCC1CCC(N)C(OC2C(N)CC(N)C(OC3OC(CO)C(O)C(N)C3O)C2O)O1,3.0656448860365515
COC1CC(=C(c2cccs2)c2cccs2)C[N+](C)(C)C1,3.206979022585061
Cc1ccnc(=S)[nH]1,2.4020342859743424
COc1cc(OC)c(C(=O)CCCN2CCCC2)c(OC)c1,3.089749726269631
Cc1cc(C)[n+]2ncsc2n1,2.521736787923754
CCCN(CC)C(CC)C(=O)Nc1c(C)cccc1C,3.676816959835248
ON=Cc1cc[n+](COC[n+]2cccc(C=NO)c2)cc1,3.491372238490766
CC1(C)SC2C(NC(=O)C(NC(=O)N3CCNC3=O)c3ccccc3)C(=O)N2C1C(=O)O,1.476087331646993
O=C(O)c1ccc(NC(=O)C(Cc2ccc(O)cc2)NC(=O)c2ccccc2)cc1,2.606834772583458
CN(C)C1C(=O)C(C(=O)NCN2CCCC2C(=O)O)C(=O)C2(O)C(O)=C3C(=O)c4c(O)cccc4C(C)(O)C3CC12,3.3052928680166445
Cc1c(N)nc(C(CC(N)=O)NCC(N)C(N)=O)nc1C(=O)NC(C(=O)NC(C)C(O)C(C)C(=O)NC(C(=O)NCCc1nc(-c2nc(C(=O)NCCCNCCCCNCCCN)cs2)cs1)C(C)O)C(OC1OC(CO)C(O)C(O)C1OC1OC(CO)C(O)C(OC(N)=O)C1O)c1cnc[nH]1,4.327045436399418
NCC1OC(OC2C(CO)OC(OC3C(O)C(N)CC(N)C3OC3OC(CO)C(O)CC3N)C2O)C(N)C(O)C1O,5.64981096151294
NCCCC(N)CC(=O)NC1CNC(=O)C(C2CC(O)N=C(N)N2)NC(=O)C(C=NC(N)=O)NC(=O)C(CO)NC(=O)C(CO)NC1=O,2.911854863403493
CC(C)(C)c1cc[n+](COCc2cc[n+](C(C)(C)C)cc2)cc1,3.472277498493052
O=C(NCN(CCCl)CCCl)c1ccccc1,3.837555296767089
O=C(NCN(CCCl)CCCl)c1ccc(Cl)cc1,3.168615322211017
O=C(NCN(CCCl)CCCl)c1cccc(Cl)c1,3.3768912646380995
O=C(NCN(CCCl)CCCl)c1ccccc1Cl,3.783264440847
O=C(NCN(CCCl)CCCl)c1ccc(Br)cc1,2.2480652681589737
O=C(NCN(CCCl)CCCl)c1ccc(F)cc1,3.553304193255508
O=C(NCN(CCCl)CCCl)c1ccc([N+](=O)[O-])cc1,3.484199475552049
O=C(NCN(CCCl)CCCl)c1cccc([N+](=O)[O-])c1,3.523117541582419
Cc1ccc(C(=O)NCN(CCCl)CCCl)cc1,3.45260712702607
O=C1CCC(=O)N1CN(CCCl)CCCl,3.679066033828875
O=C1c2ccccc2C(=O)N1CN(CCCl)CCCl,3.1266335168920403
CC[Ge]1(CC)CCC2(CCN(CCCN(C)C)C2)CC1,3.4573334847955213
CCC(=O)N(c1ccccc1)C1CC(C)N(CCc2ccccc2)CC1C,3.520344164557993
Cc1ccccc1OC(CC[N+]1(C)CCCCC1C)c1ccccc1,3.789215228055414
CC1CCCC[N+]1(C)CCC(Oc1ccccc1Cl)c1ccccc1,3.847443212742574
N=C(N)NCC1CCCCCCN1,2.1720730150736887
NC(=O)C1N=CN(C2OC(CO)C(O)C2O)C1=O,1.9665071241482068
COP(=O)(OC)OP(=S)(OC)OC,6.0002587624076735
CCSc1cc[n+](COC[n+]2ccc(C=NO)cc2)cc1,3.744510609359251
Ic1ccc[n+](COC[n+]2cccc(I)c2)c1,3.748617704642116
CSc1cc[n+](COC[n+]2ccc(SC)cc2)cc1,3.4777781082277657
CN(C)c1cc[n+](COC[n+]2ccc(N(C)C)cc2)cc1,3.47321599233859
CN(C)c1ccc[n+](COC[n+]2cccc(N(C)C)c2)c1,4.137768431870915
CC(C)(C)c1ccc[n+](COC[n+]2cccc(C(C)(C)C)c2)c1,3.407678252318424
CCOC(=O)c1c(-c2ccccc2)oc2ccc(O)c(CN(C)C)c12,3.4003665529805764
CNCC1CCC(N)C(OC2C(N)CC(N)C(OC3OCC(C)(O)C(NC)C3O)C2O)O1,3.276954859455564
NC(=O)c1cc[n+](CC2=C(C(=O)O)N3C(=O)C(NC(=O)C(c4ccccc4)S(=O)(=O)O)C3SC2)cc1,2.147402923075835
CC(=O)OC1CC2CCC3C(CCC4(C)C3CC(N3CC[N+](C)(C)CC3)C4OC(C)=O)C2(C)CC1N1CC[N+](C)(C)CC1,7.037523754258125
CCCC(=O)N1CCCN(c2nc(N)c3cc(OC)c(OC)cc3n2)CC1,2.795539420187679
Cn1cc[n+](COC[n+]2ccn(C)c2C=NO)c1C=NO,3.499694814889418
COC12CCC3(CC1C(C)(O)C(C)(C)C)C1Cc4ccc(O)c5c4C3(CCN1CC1CC1)C2O5,2.8917696882977992
COc1ccc2c(c1)c(CC(=O)OCC(=O)O)c(C)n2C(=O)c1ccc(Cl)cc1,4.178005691772926
c1ccc(-c2cc(-c3ccccc3)c3c([o+]2)-c2ccccc2CC3)cc1,3.048475468484486
CS(=O)(=O)OC(CCN1CCCCC1)(c1ccccc1)c1ccccc1,2.882115455473136
CCN(CC)CCn1c2ccc(CO)c3sc4cc(Cl)ccc4c(c32)[n+]1O,2.063325851635663
CN1CCC2(C)CC(Cc3ccc(O)cc32)C1,3.2339150854473444
Cc1cc(C)nc(SC#N)n1,3.3729672063871545
O=C(C1CCCCC1)N1CC(=O)N2CCc3ccccc3C2C1,2.193699101598891
Cc1cc(C)nc(SCC(=O)O)n1,2.598236619682355
Clc1ccc(C(c2ccccc2)N2CC[N+]3(CCOCC3)CC2)cc1,3.1050614457026984
CON=C(C(=O)NC1C(=O)N2C(C(=O)O)=C(COC(N)=O)CSC12)c1ccco1,2.326736169641236
COc1cccc2c1C(=O)c1c(O)c3c(c(O)c1C2=O)CC(O)(C(=O)CO)CC3OC1CC(N)C(O)C(C)O1,4.598498957553571
CCc1ccc(C(=O)C(C)CN2CCCCC2)cc1,2.966800220658761
NC(=O)C1N=CNC1=O,2.939802945501826
CC12CCCCCC(Cc3ccc(O)cc31)C2N,3.1542859361151003
CC(C(=O)O)c1cccc(C(=O)c2ccccc2)c1,2.803260751036641
CN1CC=CC=C1C=NO,3.0435037445830173
Cc1cc(C(C#N)c2ccc(Cl)cc2)c(Cl)cc1NC(=O)c1cc(I)cc(I)c1O,4.067217593089801
CN1CCCC(n2nc(Cc3ccc(Cl)cc3)c3ccccc3c2=O)CC1,3.815272438698878
CCCCCCCCCCCCCCCC(=O)NC1CC(O)C(O)NC(=O)C2C(O)C(C)CN2C(=O)C(C(O)CC(N)=O)NC(=O)C(C(O)C(O)c2ccc(O)cc2)NC(=O)C2CC(O)CN2C(=O)C(C(C)O)NC1=O,3.254973221361755
CC(=O)OCC(CSC(C)=O)SC(C)=O,2.7964719913828144
CCCCC(C)(O)CC=CC1C(O)CC(=O)C1CCCCCCC(=O)OC,4.378558006165774
NCCCNCCSP(=O)(O)O,2.619911087052582
Cc1ncc2n1-c1ccc(Cl)cc1C(c1ccccc1F)=NC2,3.813946416007525
CC=CCC(C)C(O)C1C(=O)NC(CC)C(=O)N(C)CC(=O)N(C)C(CC(C)C)C(=O)NC(C(C)C)C(=O)N(C)C(CC(C)C)C(=O)NC(C)C(=O)NC(C)C(=O)N(C)C(CC(C)C)C(=O)N(C)C(CC(C)C)C(=O)N(C)C(C(C)C)C(=O)N1C,3.9187658366273066
CC(C)OC(=O)C(C(=O)OC(C)C)=C1SC=CS1,1.761010192695719
S=c1nc(-c2ccccc2)cc[nH]1,2.5757765154295345
O=C(O)C1C(=CCO)OC2CC(=O)N21,1.9981764831796625
Nc1c(CC(=O)O)cccc1C(=O)c1ccccc1,2.674611122466157
CC1SCC(C(=O)NC(Cc2cnc[nH]2)C(=O)N2CCCC2C(N)=O)NC1=O,4.310145054561132
Cc1nnc(SCC2=C(C(=O)O)N3C(=O)C(NC(=O)Cn4cc(Cl)c(=O)c(Cl)c4)C3SC2)s1,1.73914100009047
CC1CCC2C(C)C(=O)OC3OC4(C)CCC1C32OO4,2.003608226204418
COc1cc2c(c(OC)c1OC)-c1ccc(OC)c(=O)cc1C(NC(=O)c1ccccc1)CC2,1.218207250524923
CCC1(c2ccc(N)cc2)C(=O)NC(=O)N(C)C1=O,3.094888534835843
CCOP(=S)(OCC)OP(=S)(OC)OC,5.468747465087915
C1=C(c2ccccc2)SC2=C(CCc3ccccc32)C1c1ccccc1,3.070040330682932
c1ccc(C2CC(c3ccccc3)C3CCc4ccccc4C3S2)cc1,3.074979696882808
c1ccc(-c2cc(-c3ccccc3)c3c([s+]2)-c2ccccc2CC3)cc1,3.0687966612958344
c1ccc2c(c1)CCc1cc3c([s+]c1-2)-c1ccccc1CC3,3.002070981910554
O=C(c1ccccc1)c1ccc[n+](COC[n+]2ccccc2C=NO)c1,2.9930821176920785
CN=C(C[N+](=O)[O-])NCCSCc1ccc(CN(C)C)o1,2.972888720547965
Nc1c(I)cc(I)c(C(=O)O)c1I,2.5193718591750995
COc1ccccc1C(=O)N(CC(C[Hg]O)OCCO)C(=O)O,3.638993229984635
CNC1C(O)C(OC2C(NC(=O)C(O)CN)CC(N)C(OC3OC(CN)C(O)C(O)C3O)C2O)OCC1(C)O,2.356249310512709
OC(CS)C(O)C(O)C(O)CS,2.4683108550010657
CCn1cc(C(=O)O)c(=O)c2cc(F)c(N3CCNCC3)cc21,2.83215002308428
COc1cc2c(c(OC)c1OC)-c1ccc(OC)c(=O)cc1C(N(C)C(=O)C(F)(F)F)CC2,5.0554615859435055
COC1OC2OC3(C)CCC4C(C)CCC(C1C)C24OO3,3.0548125056156548
COC1C(O)C(N)C(OC2OC(C(C)N)CCC2N)C(O)C1N(C)C(=O)CN,2.9775586994617425
CC(C)(ON=C(C(=O)NC1C(=O)N2C(C(=O)O)=C(C[n+]3ccccc3)CSC12)c1csc(N)n1)C(=O)O,2.1363994826805146
COP(=O)(OC)c1ncnc(N)c1[N+](=O)[O-],2.8149044301898503
COP(=O)(OC)c1ncnc(P(=O)(OC)OC)c1[N+](=O)[O-],3.328829212035823
COP(=O)(OC)c1nc(Cl)ncc1[N+](=O)[O-],3.047218061326652
COC1C(O)C(N)C(OC2OC(C(C)N)CCC2N)C(O)C1N(C)C(=O)CNC=N,2.509876795257013
CC(N)C(=O)NC1C2C(C(=O)CC(O)C2O)C(=O)OC1(C)C(Cl)Cl,4.970673375944723
NS(=O)(=O)c1cc(C(=O)NN2CC3C4CCC(C4)C3C2)ccc1Cl,2.170113795329517
COc1cccc(C2(O)CCCCC2CN(C)C)c1,3.008964736292074
O=C(OC1CC2CCC(C1)[N+]21CCCC1)C(O)(c1ccccc1)c1ccccc1,3.6444706770999056
O=C1CCc2cc(OCCCCc3nnnn3C3CCCCC3)ccc2N1,2.567578005129411
CCCCCCCCCC(=O)OC1(c2ccc(Cl)cc2)CCN(CCCC(=O)c2ccc(F)cc2)CC1,2.1803094218863817
CC1C2Cc3ccc(O)cc3C1(C)CCN2CC1CC1(C)C,3.382914234560368
COc1cc2c(c(OC)c1OC)-c1ccc(OC)c(=O)cc1C(NC(=O)CO)CC2,5.408995385808072
Cc1cc(=O)c(C(=O)NC(C(=O)NC2C(=O)N3C(C(=O)O)=C(CSc4nnnn4C)CSC23)c2ccc(O)cc2)c[nH]1,2.690302424839534
CCC1(O)CC(OC2CC(N(C)C)C(OC3CC(O)C(OC4CCC(=O)C(C)O4)C(C)O3)C(C)O2)c2c(cc3c(c2O)C(=O)c2c(O)cccc2C3=O)C1C(=O)OC,4.467011004132994
COC1(NC(=O)CSCC(N)C(=O)O)C(=O)N2C(C(=O)O)=C(CSc3nnnn3C)CSC21,1.8018444241610512
CC1CCC2C(C)C(CCCOC(=O)O)OC3OC4(C)CCC1C32OO4,3.261224182359567
CCCCCCCCCC(=O)OCC[N+]1([O-])CCN(CCCN2c3ccccc3Sc3ccc(C(F)(F)F)cc32)CC1,3.829506039036674
CCCCCCCCCC(=O)OCCN1CC[N+]([O-])(CCCN2c3ccccc3Sc3ccc(C(F)(F)F)cc32)CC1,3.829506039036674
C[N+]1([O-])CCN(c2ccc(CO)c(Cl)c2)CC1,2.233390436638655
CC[N+]1([O-])CCN(c2ccc(CO)c(Cl)c2)CC1,3.034644496753183
CC(C)N1CCN(c2ccc(CO)c(Cl)c2)CC1,3.42940987580249
CC(C)[N+]1([O-])CCN(c2ccc(CO)c(Cl)c2)CC1,2.2784289016214845
COc1ccc2nc3cc(Cl)ccc3c(Nc3cc(CN4CCCC4)c(O)c(CN4CCCC4)c3)c2n1,3.314707178039607
Cc1cc(-c2ccccc2)nc(SCC(=O)O)n1,2.7165341946237724
Cc1cc(-c2ccccc2)nc(SC(C(=O)O)c2ccccc2)n1,2.8279066383976645
Cc1cc(C(F)(F)F)nc(=S)[nH]1,2.58923672896594
C=C1OC(OC2C(CO)OC(Oc3ccc(C(=O)NCCCNCCCCNCCCCN)cc3)C2O)C(O)C(OC2OC(CO)C(OC3OC(C)C(N)C(O)C3NC(=O)C(C)N)C(O)C2O)C1O,3.540840780008093
Cc1cc(C)[n+](CCCCCC[n+]2c(C)cc(C)cc2C)c(C)c1,3.0825566640986706
CN1CCC=C2c3ccccc3C(O)C21,3.3037768888196046
CN1CCC=C2c3ccccc3C(OC(=O)c3ccccc3)C21,3.0077150695880506
COP(=O)(OC)c1ncc([N+](=O)[O-])c(P(=O)(OC)OC)n1,3.629859207699804
CC1COc2c(N3CCN(C)CC3)c(F)cc3c(=O)c(C(=O)O)cn1c23,2.7798044507215875
CC1CCC2C(C)C(OC(=O)CCC(=O)O)OC3OC4(C)CCC1C32OO4,2.908118013411706
Cc1cc(C=CN(C)C)ncn1,2.513814012221767
COc1nc(C=CN(C)C)c([N+](=O)[O-])c(OC)n1,2.706284124646795
CN(C)C=Cc1nc(C(Cl)(Cl)Cl)nc(C(Cl)(Cl)Cl)n1,2.8863880616160422
CN(C)C=Cc1nc(-c2ccccc2)nc(-c2ccccc2)n1,2.781584494614864
O=C(O)C1=C(C[n+]2ccc(CCS(=O)(=O)O)cc2)CSC2C(NC(=O)C(NC(=O)c3[nH]cnc3C(=O)O)c3ccccc3)C(=O)N12,2.7479876366010045
COc1ccc2c(c1)c(CC(=O)OCC=C(C)CCC=C(C)CCC=C(C)C)c(C)n2C(=O)c1ccc(Cl)cc1,2.147792223672086
COc1cc2c(c(OC)c1OC)-c1ccc(OC)c(=O)cc1C(N(C)C(=O)CO)CC2,4.838583217088813
COc1cc2c(c(OC)c1OC)-c1ccc(OC)c(=O)cc1C(NC(=O)COC(C)=O)CC2,5.085992598703172
CCOCC(=O)NC1CCc2cc(OC)c(OC)c(OC)c2-c2ccc(OC)c(=O)cc21,5.045699174560841
CCCC(=O)NC1CCc2cc(OC)c(OC)c(OC)c2-c2ccc(OC)c(=O)cc21,5.2364813905467065
COc1cc2c(c(OC)c1OC)-c1ccc(OC)c(=O)cc1C(NC(=O)C(C)(C)C)CC2,5.03142961272534
CCOC(=O)NC1CCc2cc(OC)c(OC)c(OC)c2-c2ccc(OC)c(=O)cc21,3.9427357409563815
COc1cc2c(c(OC)c1OC)-c1ccc(OC)c(=O)cc1C(NC(=O)COc1ccccc1)CC2,4.214437610423927
COc1cc2c(c(OC)c1O)-c1ccc(OC)c(=O)cc1C(NC(=O)C(F)(F)F)CC2,4.496718179355935
CCC(=O)NC1CCc2cc(OC)c(OC)c(OC)c2-c2ccc(OC)c(=O)cc21,5.086116214298847
Cc1cc[n+]2c(O)c(-c3ccccc3)sc2n1,2.687191739330972
Cc1cc(C(=CN(C)C)C(=S)Nc2ccccc2)ncn1,2.775850645072857
COc1nc(CC=NCc2ccccc2)c([N+](=O)[O-])c(OC)n1,2.801152528736183
C=CC(=O)NC1CCc2cc(OC)c(OC)c(OC)c2-c2ccc(OC)c(=O)cc21,4.759954510686381
CC=CC(=O)NC1CCc2cc(OC)c(OC)c(OC)c2-c2ccc(OC)c(=O)cc21,2.469012324191983
C=c1ccc2c(CCC=C(C)C)coc3c(C)c(=O)c(O)c1c2-3,3.790111974817297
O=C(OCCN1CCCCC1)c1ccco1,2.445744275676651
NCCN1CCCCC1,2.047254545076838
CCN(CC)CC(O)Cn1c2nc(=O)[nH]c(=O)c-2nc2cc(Cl)ccc21,3.844904977338526
CCN(CCO)CCCn1c2nc(=O)[nH]c(=O)c-2nc2cc(Cl)ccc21,3.62305622772217
CN(CCO)CCCn1c2nc(=O)[nH]c(=O)c-2nc2c(Cl)c(Cl)ccc21,3.998095793145206
CN1CCC=C2c3ccccc3CC21,3.392743838122272
C=C(Cl)COP(=O)(OC(C)C)N1CCCC1,2.707477711407719
C[n+]1cccc(S(=O)(=O)O)c1C=NO,2.977076322834507
CN(C)Cc1ccc(CSCCN=C(C[N+](=O)[O-])N2CCN(C)CC2)o1,3.1066644971826074
CCN(CC)CCOC(=O)c1ccco1,2.358677598444484
NCCC(O)C(=O)NC1CC(N)C(OC2OC(CN)CCC2N)C(O)C1OC1OC(CO)C(O)C(N)C1O,3.171888373906883
CCCCC1Cc2cc3c(cc2C1N(C)C)OCO3,3.542186166354066
COc1ccc(-c2cc(C)[nH]c(=S)n2)cc1,2.667094161538393
O=C(O)C(Sc1nc(-c2ccccc2)cc(C(F)(F)F)n1)c1ccccc1,2.892524230294476
Cc1cc(C)[n+]2cc(S(=O)(=O)O)sc2n1,2.690736396093273
O=C(NCCN1CCCCC1)c1ccco1,2.948976009697443
CCN(CC)CCNC(=O)c1ccco1,1.9610639363389728
O=c1[nH]c(=O)n(C2OC(CO)C(O)C2O)nc1SC(F)(F)F,2.538139976770396
O=c1[nH]c(=O)n(C2OC(CO)C(O)C2O)nc1SC(F)(F)C(F)(F)C(F)(F)F,2.648622460238824
NCCC(N)C(=O)NCCC(N)C(O)O,3.988852827546547
CNC1C(C)OC(OC2c3cc(C)c(C(=O)NC(C)C(=O)O)c(O)c3-c3c(cc4c(c3O)C(=O)c3cc(OC)cc(O)c3C4=O)C2O)C(O)C1OC1OCC(O)C(O)C1O,3.322626513344254
CN1C=CN(COC=COCN2C=CN(C)C2C=NO)C1C=NO,3.4801712617188167
CN1C=CN(C=CCN2C=CN(C)C2C=NO)C1C=NO,3.81224610808926
CN1C=CN(C=CCCN2C=CN(C)C2C=NO)C1C=NO,3.340118200894817
Cn1cc[n+](COC(=O)C(C)(C)C)c1C=NO,3.3678858208912383
CCC(OC[n+]1ccn(C)c1C=NO)C(C)(C)C,3.5969642652640608
CC(CC(C)(C)C)OC[n+]1ccn(C)c1C=NO,3.631564399406499
CC(C)CCOC[n+]1ccn(C)c1C=NO,3.341847329249556
CCCC(C)OC[n+]1ccn(C)c1C=NO,3.1242356325764544
CCCC(CC)OC[n+]1ccn(C)c1C=NO,3.433721912325414
CCC(C)C(C)OC[n+]1ccn(C)c1C=NO,3.717506919146036
Cn1cc[n+](COC2CCC2)c1C=NO,3.2363906328238192
Cn1cc[n+](COC2CCCC2)c1C=NO,3.083626564531008
Cn1cc[n+](COC2CCCCC2)c1C=NO,3.5231175434048043
Cn1cc[n+](COC2CCCCCCC2)c1C=NO,3.1467235575879537
Cn1cc[n+](COC2CCCCCCCCCCC2)c1C=NO,3.747859810410936
Cn1cc[n+](COCC2CC2)c1C=NO,3.138059032680969
Cn1cc[n+](COCC2CCCCC2)c1C=NO,3.348904213088964
CC(OC[n+]1ccn(C)c1C=NO)C1CCCCC1,3.229577506131549
CCCC(OC[n+]1ccn(C)c1C=NO)C1CCCC1,3.683462430485122
Cn1cc[n+](COCC2CCCc3ccccc32)c1C=NO,3.652682948406961
COC[n+]1c(C=NO)n(C)c2ccccc21,3.282222020362801
Cn1cc[n+](COC(=O)c2ccc3ccccc3c2)c1C=NO,3.70503396183078
CCC(C)C(=O)OC[n+]1ccn(C)c1C=NO,3.417771567859483
CCCC(=O)OC[n+]1ccn(C)c1C=NO,3.227495306561451
C=CCOC[n+]1ccn(C)c1C=NO,3.2135841578040027
C#CCOC[n+]1ccn(C)c1C=NO,3.19485884784331
C#CCCCC[n+]1ccn(C)c1C=NO,3.3276622288471405
C#CCCCC[n+]1ccn(COC)c1C=NO,3.1612669276584424
C#CCCOC[n+]1ccn(C(C)(C)C)c1C=NO,4.437315310226204
C=C=CCOC[n+]1ccn(C)c1C=NO,3.2578684002903984
C#CCCOC[n+]1ccn(C)c1C,3.0412545997086298
C#CCCCC[n+]1cn(C)c(C=NO)n1,2.7333104335771354
C#CCCOC[n+]1ccc(C=NO)cc1,3.1054297818080165
C=C(C)COC[n+]1ccn(C)c1C=NO,3.208807111191731
CC=CCOC[n+]1ccn(C)c1C=NO,3.452794990351922
CCC=CCOC[n+]1ccn(C)c1C=NO,3.341697781685876
CCCC=CCOC[n+]1ccn(C)c1C=NO,3.763661686231859
CC(C)=CCOC[n+]1ccn(C)c1C=NO,3.30158027026384
Cn1cc[n+](COCC=CC(C)(C)C)c1C=NO,3.4515301731375247
C=CC(CCC)OC[n+]1ccn(C)c1C=NO,3.3477603113630714
C=C(C)CCOC[n+]1ccn(C)c1C=NO,3.30158027026384
C=CCCC(CC=C)OC[n+]1ccn(C)c1C=NO,3.644301561786416
C#CC(C)OC[n+]1ccn(C)c1C=NO,3.5003403470300545
C#CC(C)(C)OC[n+]1ccn(C)c1C=NO,3.293798498190913
CC#CC(C)OC[n+]1ccn(C)c1C=NO,3.2296056460185687
C#CC(CC)OC[n+]1ccn(C)c1C=NO,3.301553962887676
C#CC(CCC)OC[n+]1ccn(C)c1C=NO,3.420758932475484
C#CCCOC[n+]1ccn(C)c1C=NO,3.139589293350841
CC#CCCOC[n+]1ccn(C)c1C=NO,2.975809079402597
C#CCC(C)OC[n+]1ccn(C)c1C=NO,3.379408530999869
C#CC(C)C(C)OC[n+]1ccn(C)c1C=NO,3.507912336681569
C#CCCCOC[n+]1ccn(C)c1C=NO,3.3134531861873837
Cn1cc[n+](COCc2ccc(C(F)(F)F)cc2)c1C=NO,2.839315020806447
Cn1cc[n+](COCCc2ccccc2C(F)(F)F)c1C=NO,4.321969357051596
CCCC(OC[n+]1ccn(C)c1C=NO)c1ccccc1,3.9082332841536447
Cn1cc[n+](COCCCCc2ccccc2)c1C=NO,3.3807703374157225
Cn1cc[n+](COC(c2ccccc2)C2CCCC2)c1C=NO,3.4931735955007386
Cn1cc[n+](COCC=Cc2ccccc2)c1C=NO,3.0118464226375696
CCC(C#Cc1ccccc1)OC[n+]1ccn(C)c1C=NO,3.6965980816419344
CC(C)C(C#Cc1ccccc1)OC[n+]1ccn(C)c1C=NO,3.5215734401861227
O=C1CCC(C(=O)N2CSCC2C(=O)O)N1,1.7858136969209193
CC1CCC[N+]1(C)CC(=O)c1ccc(-c2ccc(C(=O)C[N+]3(C)CCCC3C)cc2)cc1,6.038230632376944
CC1CC[N+](C)(CC(=O)c2ccc(-c3ccc(C(=O)C[N+]4(C)CCC(C)C4)cc3)cc2)C1,5.9400131588272425
C[N+]1(CC(=O)c2ccc(-c3ccc(C(=O)C[N+]4(C)CCCC4)cc3)cc2)CCCC1,5.986921306783016
O=C(CN1CCCC1)c1ccc(-c2ccc(C(=O)CN3CCCC3)cc2)cc1,2.9737049892087573
C[N+]1(CC(=O)c2ccc(-c3ccc(C(=O)C[N+]4(C)CCOCC4)cc3)cc2)CCOCC1,5.285246479961928
CC1C[N+](C)(CC(=O)c2ccc(-c3ccc(C(=O)C[N+]4(C)CCOC(C)C4)cc3)cc2)CCO1,4.758127445790305
C[N+](C)(CC(=O)c1ccc(-c2ccc(C(=O)C[N+](C)(C)CC3OCCCO3)cc2)cc1)CC1OCCCO1,5.021530817008904
O=C(CN1CCCCC1)c1ccc(-c2ccc(C(=O)CN3CCCCC3)cc2)cc1,3.2567284812526185
CNCCn1c(=O)n(CCNC)c(=O)n(CCNC)c1=O,3.859598336661624
CCc1cccnc1CN(CC)CCN1C(=O)[N+](CC)(CC[N+](CC)(CC)Cc2ncccc2CC)C(=O)[N+](CCN)(Cc2ccccn2)C1=O,4.3218913665949446
C[N+](C)(CCOc1nc(OCC[N+](C)(C)Cc2ccccc2)nc(OCC[N+](C)(C)Cc2ccccc2)n1)Cc1ccccc1,4.391530000693366
CC[N+](CC)(CCOc1nc(OCC[N+](CC)(CC)Cc2ccccc2)nc(OCC[N+](CC)(CC)Cc2ccccc2)n1)Cc1ccccc1,4.68673865001137
C[N+](C)(CCn1c(=O)n(CC[N+](C)(C)Cc2ccccc2)c(=O)n(CC[N+](C)(C)Cc2ccccc2)c1=O)Cc1ccccc1,4.42774217334781
CC[N+](CC)(CCn1c(=O)n(CC[N+](CC)(CC)Cc2ccccc2)c(=O)n(CC[N+](CC)(CC)Cc2ccccc2)c1=O)Cc1ccccc1,4.800219214860776
Cc1cccc(C[N+](C)(C)CCn2c(=O)n(CC[N+](C)(C)Cc3ccccc3C)c(=O)n(CC[N+](C)(C)Cc3ccccc3C)c2=O)c1,4.205391872324441
Cc1ccc(C)c(C[N+](C)(C)CCn2c(=O)n(CC[N+](C)(C)Cc3ccc(C)c(C)c3)c(=O)n(CC[N+](C)(C)Cc3cccc(C)c3C)c2=O)c1,4.339951163786714
C[N+](C)(CCn1c(=O)n(CC[N+](C)(C)Cc2ccc([N+](=O)[O-])cc2)c(=O)n(CC[N+](C)(C)Cc2cccc([N+](=O)[O-])c2)c1=O)Cc1ccc([N+](=O)[O-])cc1,4.135181241048105
CC[N+](CC)(CCn1c(=O)n(CC[N+](CC)(CC)Cc2ccc([N+](=O)[O-])cc2)c(=O)n(CC[N+](CC)(CC)Cc2cccc([N+](=O)[O-])c2)c1=O)Cc1ccc([N+](=O)[O-])cc1,4.864779543689538
C[N+](C)(CCn1c(=O)n(CC[N+](C)(C)Cc2ccc(Br)cc2)c(=O)n(CC[N+](C)(C)Cc2cccc(Br)c2)c1=O)Cc1ccc(Br)cc1,4.399231262861765
C=C(C)C1CCC2(C)OC2C1,3.182520217105796
CC(CN(C)C)C(C)(O)Cc1ccc(Cl)cc1,3.3109718510516224
CCCCP(=O)(CCCC)Oc1ccc([N+](=O)[O-])cc1,4.526726867314635
NCC1OC(OC2C(CO)OC(OC3C(O)C(N)CC(N)C3OC3OC(CO)C(O)C(O)C3N)C2O)C(N)C(O)C1O,3.147848486367868
C=C(NC(=O)C(=C)NC(=O)c1csc(C2=NC3c4csc(n4)C4NC(=O)c5csc(n5)C(C(C)(O)C(C)O)NC(=O)C5CSC(=N5)C(=CC)NC(=O)C(C(C)O)NC(=O)c5csc(n5)C3(CC2)NC(=O)C(C)NC(=O)C(=C)NC(=O)C(C)NC(=O)C(C(C)CC)NC2C=Cc3c(C(C)O)cc(nc3C2O)C(=O)OC4C)n1)C(N)=O,3.221393892038686
CC1C=CC=CC=CC=CC=CC=CC=CC(OC2OC(C)C(O)C(N)C2O)CC2OC(O)(CC(O)CC(O)C(O)CCC(O)CC(O)CC(=O)OC(C)C(C)C1O)CC(O)C2C(=O)O,2.2667447362043056
CCCCCCC1C(=O)OC(C)C(NC(=O)c2cccc(NC=O)c2O)C(=O)OC(C)C1OC(=O)CC(C)C,2.7392819266496105
NCC1OC(OC2C(CO)OC(OC3C(O)C(N)CC(N)C3OC3OC(CN)C(O)C(O)C3N)C2O)C(N)C(O)C1O,3.636339541574492
CNC(C)C1CCC(N)C(OC2C(N)CC(N)C(OC3OCC(C)(O)C(NC)C3O)C2O)O1,3.456350574945576
COc1ccc2c3c1OC1C(O)C=CC4C(C2)N(C)CCC341,3.13472003321408
N=C(N=C(N)N)N1CCOCC1,2.0873858716116915
CCCOP(=S)(OCCC)OP(=S)(OCCC)OCCC,4.933550411129279
COc1cc2c(c(OC(C)=O)c1OC)-c1ccc(OC)c(=O)cc1C(NC(C)=O)CC2,3.6864056972934702
CCOP(=S)(OCC)OP(=S)(OCC)OCC,5.80932398700002
CCN(CC)CCOC(=O)C1N2C(=O)C(NC(=O)Cc3ccccc3)C2SC1(C)C,2.3360332354422617
Cc1c(NC(=O)C(C)N(C)C)c(=O)n(-c2ccccc2)n1C,2.1542143292530325
NCCSP(=O)(O)O,2.194960941394459
COC1C(OC(C)=O)CC(=O)OC(C)CC2OC2C=CC(=O)C(C)CC(CC=O)C1OC1OC(C)C(OC2CC(C)(O)C(OC(=O)CC(C)C)C(C)O2)C(N(C)C)C1O,2.925306417781708
ON=Cc1cc[n+](COC[n+]2ccccc2C=NO)cc1,3.459855187044701
CNC(=O)c1cccc[n+]1COC[n+]1ccccc1C=NO,3.055605353358766
NCC1OC(OC2C(N)CC(N)C(O)C2OC2OC(CO)C(O)C2O)C(N)C(O)C1O,2.4587504666441755
CN(C)c1ccc[n+](CCC[n+]2ccc(C=NO)cc2)c1,3.8771575716331808
CC(C)(C)c1cc[n+](COC[n+]2ccc(C=NO)cc2)cc1,3.329909725844577
CCOC(=O)Nc1c[n+](N2CCOCC2)no1,2.426998958756537
Cc1nnc(SCC2=C(C(=O)O)N3C(=O)C(NC(=O)Cn4cnnn4)C3SC2)s1,2.055492051175426
COC(=O)CC1C2(C)C3=C(C)C(c4ccoc4)CC3OC2C2OC(=O)C3(C)C=CC(=O)C1(C)C23,2.890728325706467
CC1OC1P(=O)(O)O,1.7209354156051482
COC(CN1CCN(CCC(O)c2ccccc2)CC1)c1ccccc1,3.4632490582408297
CCN(CC)CCS/C(=N/O)c1ccc(Br)cc1,2.61170888765474
Cc1c(C)c2c(c(C)c1OC(=O)c1cccnc1)CCC(C)(CCCC(C)CCCC(C)CCCC(C)C)O2,2.729013246337838
CN1CCN(C(=O)OC2c3nccnc3C(=O)N2c2ccc(Cl)cn2)CC1,2.856545746012811
CS(=O)(=O)c1ccc[n+](COC[n+]2cccc(S(C)(=O)=O)c2)c1,2.721270568361209
CC(C)Sc1cc[n+](COC[n+]2ccc(C=NO)cc2)cc1,3.5358927529248643
C=C(Cl)COP(=O)(OCC)N(CC)CC,2.8762212377504603
C=C(Cl)COP(=O)(OCCC)N(CC)CC,2.7874427623105
C=C(Cl)COP(=O)(OCC(C)C)N(CC)CC,3.029668567990377
C=C(Cl)COP(=O)(OCC)N1CCCC1,2.79680723745634
C=C(Cl)COP(=O)(OCCCC)N1CCCC1,2.653937662376218
C=C(Cl)COP(=O)(OCC(C)C)N1CCCC1,2.8214287496699817
C=C(Cl)COP(=O)(OCCCCC)N1CCCC1,2.754917004288824
C=C(Cl)COP(=O)(OCCCCCC)N1CCCC1,2.727616970117245
ON=Cc1cc[n+](CC(O)C(O)C[n+]2ccc(C=NO)cc2)cc1,3.3331529515790184
Cc1ccnc(SC(C(=O)O)c2ccccc2)n1,2.7165341946237724
Cc1cc(C)nc(SC(C(=O)O)c2ccccc2)n1,2.739327045152532
Cc1cc(N2CCOCC2)nc(SC(C(=O)O)c2ccccc2)n1,2.839382504649506
COc1ccc(-c2cc(C)nc(SC(C(=O)O)c3ccccc3)n2)cc1,2.865035240471158
O=C(O)C(Sc1nc(-c2ccccc2)cc(-c2ccccc2)n1)c1ccccc1,2.90144415346548
COc1c(-c2ccccc2)sc2nc(-c3ccccc3)cc(C)[n+]12,2.8240424830495177
Cc1cc(C)[n+]2[n-]c(=S)sc2n1,2.5961306658514243
CC(C)=CCCC(C)=CCC(CCCN(C)C)C(=O)O,3.2452658394574607
Cc1nc(Cn2cnc3c2c(=O)n(C)c(=O)n3C)no1,2.5833764545116344
Cc1cc(C(F)(F)F)nc(SCC(=O)O)n1,2.7028043513244024
COc1cc(C)nc(SCC(=O)O)n1,2.6319427180018344
O=C(O)CSc1nc(-c2ccccc2)cc(-c2ccccc2)n1,2.809410210804477
COc1ccc(-c2cc(-c3ccccc3)[n+](CCN)c(-c3ccccc3)c2)cc1,3.1501296397438354
O=c1nc(CCl)[nH]c2sc3c(c12)CCCC3,1.9911272061976968
O=C(NC(Cc1cc(=O)[nH]c2ccccc12)C(=O)O)c1ccc(Cl)cc1,2.4378325588820227
OCC(O)COCC(S)CS,2.885722718588221
COC[n+]1ccn(C)c1C=NO,3.123729172249283
CC(C)OC[n+]1ccn(C)c1C=NO,3.3083958511818388
Cn1cc[n+](COCC(C)(C)C)c1C=NO,3.596332914613913
CC(OC[n+]1ccn(C)c1C=NO)C(C)(C)C,3.247263656825273
CCCCOC[n+]1ccn(C)c1C=NO,3.083856709037315
CCCCCCCCOC[n+]1ccn(C)c1C=NO,3.972978357533264
Cn1cc[n+](COCc2ccccc2)c1C=NO,3.1289956890068256
Cn1cc[n+](COCCCc2ccccc2)c1C=NO,3.180616891593346
Cn1cc[n+](COCc2cccc3ccccc23)c1C=NO,4.31744183090872
COc1c(-c2ccccc2)sc2nc(C)cc[n+]12,2.711533917015309
COC1(c2ccccc2)C(c2ccccc2)Sc2nccc[n+]21,2.808109648240035
COc1c(-c2ccccc2)sc2nc(C)cc(C)[n+]12,2.7345838283499915
Cc1cc(N2CCOCC2)nc(SCC(=O)O)n1,2.731308276708165
CCC(O)(c1ccc(Cl)cc1)c1ccc(OCc2cccc(C)n2)cc1,3.389610196599432
O=C(O)c1cn(C2CC2)c2cc(N3CCNCC3)c(F)cc2c1=O,3.1086633369000745
CC(C)Cc1ccc(C(C)C(=O)NC2C(=O)N3C2SC(C)(C)C3C(=O)O)cc1,2.467388615455352
COc1ccc2c(c1)c(CC(=O)NC1C(=O)N3C1SC(C)(C)C3C(=O)O)c(C)n2C(=O)c1ccc(Cl)cc1,2.6080685798760377
CC(C(=O)NC1C(=O)N2C1SC(C)(C)C2C(=O)O)c1cccc(C(=O)c2ccccc2)c1,2.4969853141792626
