curated_smiles,rabbit_intravenous_LD50
COC12C(COC(N)=O)C3=C(C(=O)C(C)=C(N)C3=O)N1CC1NC12,4.992699029273065
CN1C(=O)NC(=O)C(C)(C2=CCCCC2)C1=O,3.516077922988349
CCOC(=O)C1(c2ccccc2)CCN(C)CC1,3.941745851221597
CCCCC1C(=O)N(c2ccccc2)N(c2ccccc2)C1=O,3.324734756625124
CCN(CC)C(=O)C1C=C2c3cccc4[nH]cc(c34)CC2N(C)C1,6.032672473605955
CCN(CC)CCOC(=O)C(c1ccccc1)c1ccccc1,4.0162322184008215
CN(C)CCCN1c2ccccc2CCc2ccccc21,4.247100970868864
CN(C)CCCN1c2ccccc2Sc2ccc(Cl)cc21,4.5520727541965496
COC(=O)C1C2CC3c4[nH]c5cc(OC)ccc5c4CCN3CC2CC(OC(=O)c2cc(OC)c(OC)c(OC)c2)C1OC,4.608303480868587
Cc1ccc(N(CC2=NCCN2)c2cccc(O)c2)cc1,4.002102780409468
CCN(CC)CCCC(C)Nc1ccnc2cc(Cl)ccc12,4.6018971003532805
CCN(CC)CCOC(=O)c1ccc(N)cc1,3.750365133025975
CCN(CC)CCNC(=O)c1ccc(N)cc1,3.274769127266798
CC(C)NCC(O)c1ccc(O)c(O)c1,3.893455567024529
NCCc1cnc[nH]1,4.604520767482613
CN1C2CCC1CC(OC(=O)C(CO)c1ccccc1)C2,3.762491004026009
NCCc1ccc(O)c(O)c1,3.2309623909298217
CN(CCCl)CCCl,4.9891604883063225
S=P(N1CC1)(N1CC1)N1CC1,4.536613529286853
C=CCC1(CC=C)C(=O)NC(=O)NC1=O,3.151198850103522
C1CN1P1(N2CC2)=NP(N2CC2)(N2CC2)=NP(N2CC2)(N2CC2)=N1,5.125659591018249
O=C(CCCN1CCC(O)(c2ccc(Cl)cc2)CC1)c1ccc(F)cc1,4.671948832401509
CC12CCC(=O)CC1CCC1C2CCC2(C)C(C(=O)COC(=O)CCC(=O)O)CCC12,3.658319739238856
COC(=O)C1C(OC(=O)c2ccccc2)CC2CCC1N2C,4.301929089485421
CN1CCC(n2[nH]c(-c3ccccc3)c(Cc3ccccc3)c2=O)CC1,3.621829222758085
NS(=O)(=O)c1cc(C(=O)O)c(NCc2ccco2)cc1Cl,2.917438548469933
C[N+]1(C)CCN(c2ccccc2)CC1,5.281710429548967
NNC(=O)c1ccncc1,3.1640426250766183
C1CCc2nnnn2CC1,3.6633050754470977
O=[N+]([O-])OCC(CO[N+](=O)[O-])O[N+](=O)[O-],3.702975934260431
CC(C)OP(=O)(F)OC(C)C,5.788043393293107
ClC(Cl)(Cl)Cl,1.4206084300062851
C=CC1CN2CCC1CC2C(O)c1ccnc2ccc(OC)cc12,3.9670449302949495
O=C(NC(CO)C(O)c1ccc([N+](=O)[O-])cc1)C(Cl)Cl,3.441194106903677
OCC(O)CO,0.2399554668743062
ON=Cc1cc[n+](CCC[n+]2ccc(C=NO)cc2)cc1,3.81342176052538
CCC1(c2ccccc2)C(=O)NC(=O)NC1=O,3.428984353862895
CCN(CC)CCOC(=O)C(O)(c1ccccc1)c1ccccc1,4.339019250734822
O=C1NC(=O)C(c2ccccc2)(c2ccccc2)N1,3.650591667824422
CNC(=O)Oc1ccc2c(c1)C1(C)CCN(C)C1N2C,5.740918230960342
CCCC(C)(COC(N)=O)COC(N)=O,2.923986874049361
C[N+]1(CCCl)CC1,5.081358111015086
CC(O)CO,1.06844276473023
Cc1cc(C)nc(NS(=O)(=O)c2ccc(N)cc2)n1,2.055404857606394
COc1cc2c3cc1Oc1cc(ccc1O)CC1c4c(cc(OC)c(O)c4Oc4ccc(cc4)CC3N(C)CC2)CC[N+]1(C)C,6.554697901828366
O=C1C(CCS(=O)c2ccccc2)C(=O)N(c2ccccc2)N1c1ccccc1,3.316874251560258
Cn1c(=O)c2c(ncn2C)n(C)c1=O,3.5248078138466066
CCN(CC)CCSC(=O)N(c1ccccc1)c1ccccc1,4.215480258494235
Cc1c(N(C)C)c(=O)n(-c2ccccc2)n1C,3.4610837681503974
CNCCCN1c2ccccc2CCc2ccccc21,4.346333411195521
CN1CCN(CCCN2c3ccccc3Sc3ccc(Cl)cc32)CC1,4.873847017320827
CN(C)CCCN1c2ccccc2Sc2ccccc21,4.131753052763074
C=C(CC)C(=O)c1ccc(OCC(=O)O)c(Cl)c1Cl,3.5878829168684474
Cc1ncc(CO)c(CO)c1O,2.561831040068756
COc1ccc(Cc2nccc3cc(OC)c(OC)cc23)cc1OC,4.132760312803544
NS(=O)(=O)c1cc2c(cc1Cl)NCNS2(=O)=O,2.8101435517655293
NCC1OC(OC2C(N)CC(N)C(OC3OC(CO)C(O)C(N)C3O)C2O)C(O)C(O)C1O,3.227069496233415
Nc1nc(=O)c2nc(CNc3ccc(C(=O)NC(CCC(=O)O)C(=O)O)cc3)cnc2[nH]1,3.021205700976831
Cc1ccccc1OCC(O)CO,3.1636836459348707
OCC(S)CS,3.395256480886021
NCCc1ccc(O)cc1,2.660175875502996
NCCS,2.7112559296416783
C[N+](C)(C)CCCCCC[N+](C)(C)C,3.604612481940701
CC(=O)OCC[N+](C)(C)C,5.687855822391223
NCCCCCC(=O)O,1.8168210772063955
CNN,3.584265245801902
CC(N)=O,0.8962910028161982
CC(CN1c2ccccc2Sc2ccccc21)N(C)C,4.175218746544164
CN1CCCC(CN2c3ccccc3Sc3ccccc32)C1,4.1909840506492975
CCCCOc1cc(C(=O)NCCN(CC)CC)c2ccccc2n1,5.186405072352297
O=C(O)CF,5.454797758932242
CCO,1.2879280706925966
CCC1(CCC(C)C)C(=O)NC(=O)NC1=O,3.586991432862604
CCC1(C)CC(=O)NC(=O)C1,3.829155485955877
Cc1ncc(CO)c(C=O)c1O,2.555689801763635
CC[N+](CC)(CC)CCOc1cccc(OCC[N+](CC)(CC)CC)c1OCC[N+](CC)(CC)CC,6.064822017728169
O=C1CC2OCC=C3CN4CCC56c7ccccc7N1C5C2C3CC46,5.990270946779502
CC[N+](CC)(CC)CC,3.257461906793512
O=c1oc2ccccc2c(O)c1Cc1c(O)c2ccccc2oc1=O,4.184302895100435
CC1CC(C)C(=O)C(C(O)CC2CC(=O)NC(=O)C2)C1,4.218801085319402
Cc1ncc(C[n+]2csc(CCO)c2C)c(N)n1,3.2243768784302027
CO,0.5559881637686345
CC(C)O,1.7054938638630968
CCN(CC)CCOC(=O)C1(C2CCCCC2)CCCCC1,3.9465841896451193
CN(C)C=O,1.6086151653336695
CCN(CC)CCCC(C)Nc1c2ccc(Cl)cc2nc2ccc(OC)cc12,4.673356826512388
O=C(O)c1ccccc1O,2.5222147615743244
OCC1OC(OC2C(CO)OC(O)C(O)C2O)C(O)C(O)C1O,1.1330025520777611
NC(CCC(=O)NC(CS)C(=O)NCC(=O)O)C(=O)O,2.1865721340409143
Oc1c(Cl)cc(Cl)c(Cl)c1Cc1c(O)c(Cl)cc(Cl)c1Cl,4.680076235348686
O=C(O)CC(S)C(=O)O,2.1765397983149217
CCCO,2.094898435498486
OC(c1ccccc1)(c1ccccc1)C1CCCCN1,4.251024665627203
CCN(CC)CC(=O)Nc1c(C)cccc1C,3.961612020038395
C#N,4.612237836887255
CCCC(C)C1(CC)C(=O)NC(=O)NC1=O,3.7804271853727176
CCCC(C)C1(CC)C(=O)NC(=S)NC1=O,3.893070578010153
CCOP(=O)(C#N)N(C)C,6.410520154559126
CCCC(C)(COC(N)=O)COC(=O)NC(C)C,3.32210920614374
CC(=O)CC(c1ccccc1)c1c(O)c2ccccc2oc1=O,3.4890200085115675
CN1CCN(CCCN2c3ccccc3Sc3ccccc32)CC1,4.132910003567225
CN1CCC(N(Cc2cccs2)c2ccccc2)CC1,4.156009734066415
CCCCc1cc2ccccc2c(OCCN(C)C)n1,4.7362243441070975
O=[N+]([O-])OC1COC2C(O[N+](=O)[O-])COC12,3.7711022109540897
O=C(O)C(O)C(O)C(=O)O,3.123261739723779
O=C(CO)C(O)C(O)C(O)CO,1.0795574715910774
OCC(O)C(O)C(O)CO,1.5802005476812868
O=Cc1ccccc1Cl,4.218470629582905
CCC(C)C(C(=O)OCC[N+](C)(CC)CC)c1ccccc1,4.508664363052942
Cc1cc2nc3ccc(=[N+](C)C)cc-3sc2cc1N,4.303576901225334
C[n+]1ccccc1C=NO,3.1595102037775
OCC(O)CS,2.636134700444507
O=S(=O)(Oc1ccc(Cl)cc1Cl)c1ccccc1,3.4209826533070755
OCC1CCCO1,2.148828082257408
OCc1ccco1,2.178760077773468
O=[As](O)(O)c1ccccc1,4.101319526726097
CCOC(=O)CCCCCCCCC(C)c1ccc(I)cc1,2.619451267236349
O=NN1CN2CN(C1)CN(N=O)C2,3.1559780102085697
CC(=O)OCC(COC(C)=O)OC(C)=O,2.463803434499168
CCCCC(CC)COC(=O)CCCCC(=O)OCC(CC)CCCC,2.836481185508967
CCCCC(CC)COC(=O)CCCCCCCC(=O)OCC(CC)CCCC,2.809407137691585
CCCCNc1ccc(C(=O)OCCOCCOCCOCCOCCOCCOCCOCCOCCOC)cc1,5.08188713942355
C=CC#N,2.885950893553064
O=CC=O,2.985546221648909
NCCS(=O)(=O)O,2.0974273837387525
CC(C)OP(C)(=O)F,6.970328276496396
COCC(C)O,1.8756495750348583
N#CCC#N,3.372800260293868
CCOCCO,2.0005883116431584
O=C(O)CCCCCCCCC(=O)O,2.14752603818906
OCCSCCO,1.609910855815934
CCCCOCCO,2.6711287451893404
OCCOCCOCCO,1.897841147734299
CN1CC(C(=O)NC2(C)OC3(O)C4CCCN4C(=O)C(Cc4ccccc4)N3C2=O)C=C2c3cccc4[nH]cc(c34)CC21,5.2875576505379565
CCC(CO)NC(=O)C1C=C2c3cccc4[nH]cc(c34)CC2N(C)C1,5.115788391341825
COC(=O)C(c1ccccc1)C1CCCCN1,3.890813960399345
CNC(=O)Oc1ccccc1OC(C)C,4.621685084798318
CN(C)C(=O)Oc1cccc([N+](C)(C)C)c1,5.950940934759959
ON=Cc1cc[n+](COC[n+]2ccc(C=NO)cc2)cc1,3.459855187044701
CN(C)P(=O)(F)N(C)C,4.7107518348841255
O=c1c(O)c(-c2ccc(O)c(O)c2)oc2cc(O)cc(O)c12,3.480349066729698
CCCCCCc1cc(O)c2c(c1)OC(C)(C)C1=C2CC(C)CC1,3.361194048185672
CN1CCN(CCCN2c3ccccc3Sc3ccc(C(F)(F)F)cc32)CC1,3.797219585167097
CN1C2CCC1CC(O)C2,3.450907750604582
COc1cc(NS(=O)(=O)c2ccc(N)cc2)nc(OC)n1,2.4918307586640203
CCCCCCCCCCCCCCCC[n+]1ccccc1,3.9273446947579256
CCCCCC(C)N,3.719105190068301
CCC(C)C(=O)OC1C(O)C2C(CN3CC(C)CCC3C2(C)O)C2CC34OC5(O)C(OC(=O)C(C)(O)C(C)O)CCC3(C)C5C(OC(C)=O)C(OC(C)=O)C4C21O,7.306396609821528
CC12C=CC(=O)C=C1CCC1C2C(O)CC2(C)C1CCC2(O)C(=O)COP(=O)(O)O,3.0875734065472384
CCC(C)C1(CC)C(=O)NC(=O)NC1=O,3.367804260444107
C[N+]1(CCC(C(N)=O)(c2ccccc2)c2ccccc2)CCCCC1,4.176074530353453
CCC1(CC)C(=O)NCC(C)C1=O,2.764735799473343
COc1ccc2c(c1)C13CCCCC1C(C2)N(C)CC3,4.274717036676385
CCN(CC)CCOC(=O)C1(c2ccccc2)CCCC1,4.063587029943381
CCCC1OC1(CC)C(N)=O,2.6401859543892217
CN1C(=O)OC(C)(C)C1=O,1.9796758218877424
Nc1ccc([As](=O)(O)O)cc1,2.842417201366485
CCCCC1C(=O)N(c2ccccc2)N(c2ccc(O)cc2)C1=O,3.494020730169433
CC(=O)Nc1c(I)cc(I)c(C(=O)O)c1I,2.0297450191110262
CSc1ccc2c(c1)N(CCC1CCCCN1C)c1ccccc1S2,4.153916832453804
C=CCN1Cc2ccccc2-c2ccccc2C1,3.948508738743758
CN(C)CCC(c1ccc(Cl)cc1)c1ccccn1,4.096586145483193
CCCC(C(=O)OCCN(CC)CC)c1ccccc1,4.142088985607377
CC1NCCOC1c1ccccc1,3.635795036531861
CCN(CC)CC(C)(C)COC(=O)C(CO)c1ccccc1,4.089811887009082
CN(C)CCN(Cc1ccc(Cl)s1)c1ccccn1,3.5340393183431984
c1ccc2c(c1)OCC(CN1CCCCC1)O2,3.823867170768732
CCCCNc1ccc(C(=O)OCCN(C)C)cc1,5.089772068362998
CCN(CCO)CCO,2.8234448839571478
O=C(O)CC(=O)O,2.197744059498787
CCC(C)C(=O)OC1C(O)C2C(CN3CC(C)CCC3C2(C)O)C2CC34OC5(O)C(OC(=O)C(C)(O)CC)CCC3(C)C5C(OC(C)=O)C(OC(C)=O)C4C21O,7.528724196764182
O=C1CN=C(c2ccccc2)c2cc([N+](=O)[O-])ccc2N1,2.733121613595375
CN(C)CCOC(c1ccccc1)c1ccccc1,4.407154570381912
Nc1ccc(C(=O)O)cc1,1.8361278158260463
CN(C)P(=O)(OP(=O)(N(C)C)N(C)C)N(C)C,4.678598796498338
CC(N)C(O)c1ccccc1,3.4806076369218464
CN(C)CCN(Cc1ccccc1)c1ccccn1,4.452918863721092
CNCC(O)c1cccc(O)c1,5.524287047910156
C1=Nc2ccccc2Oc2ccccc21,3.875553185101512
c1ccc2nc3ccccc3cc2c1,3.2533913194564543
CNC(C)Cc1ccccc1,4.6967552554391245
CC(N)Cc1ccccc1,4.042963183262799
CC[N+](C)(C)c1cccc(O)c1,3.7621245509527537
CN(C)CCCN1c2ccccc2CCc2cc(O)ccc21,4.374988699049431
C=CCc1ccc(OCC(=O)N(CC)CC)c(OC)c1,3.702687402369416
CC(C)NNC(=O)c1ccncc1,3.185207880924353
O=C(O)CC(S[Sb](SC(CC(=O)O)C(=O)O)SC(CC(=O)O)C(=O)O)C(=O)O,4.825846728688291
Nc1cc([As]=O)ccc1O,4.184999192644155
CC[N+](C)(C)CCN(C)CC[N+](C)(C)CC,3.489354638803295
C=CCC1(C(C)C#CCC)C(=O)NC(=O)N(C)C1=O,4.482299449305826
C=CCC1(C(C)CCC)C(=O)NC(=O)NC1=O,3.797316752979881
CC[N+](CC)(CCCNC1=CC(=O)C(NCCC[N+](CC)(CC)Cc2ccccc2)=CC1=O)Cc1ccccc1,7.260707251176122
CCOP(=O)(OCC)Oc1ccc([N+](=O)[O-])cc1,5.962522440503159
CN1CCC(=C2c3ccccc3Sc3ccccc32)CC1,4.212239408767653
OCCN1CCN(CCCN2c3ccccc3C=Cc3ccccc32)CC1,4.519117703785044
C[N+](C)(CCCCCC[N+](C)(C)C1c2ccccc2-c2ccccc21)C1c2ccccc2-c2ccccc21,6.798258636911667
CC(C)NCC(O)COc1cccc2ccccc12,4.231843707071073
CNCC(O)c1ccc(O)c(O)c1,6.563972058900261
O=[As](Cl)(Cl)C=CCl,5.348923729724453
C=CCC1(C(C)CCC)C(=O)NC(=S)NC1=O,4.025229037511779
Cc1ccccc1-n1c(C)nc2ccccc2c1=O,3.358871961676757
O=c1nc2cccccc-2n1Cc1ccccc1,3.896294679025345
F[As](F)c1ccccc1,5.579838451402716
COC(=O)CCCF,6.079626169907032
CCC(c1ccccc1)c1c(O)c2ccccc2oc1=O,3.655267042808205
CNC1=Nc2ccc(Cl)cc2C(c2ccccc2)=[N+](O)C1,3.921930571103342
CN1C(=O)CN=C(c2ccccc2)c2cc(Cl)ccc21,4.500215122556311
COC(=O)CF,5.663083430458716
CC12CCC3C(CCC4CC5NCC(O5)C43C)C1CC(O)C2,5.4849571909557175
CN(C)CCOC(C)(c1ccccc1)c1ccccn1,3.741772058682818
Cc1cc2nc3cc(C)c(N)cc3[n+](-c3ccccc3)c2cc1N,4.068464097605917
CCN(CC)C(=O)C1C=C2c3cccc4[nH]c(Br)c(c34)CC2N(C)C1,4.826437643489768
CCNC(=O)C1C=C2c3cccc4[nH]cc(c34)CC2N(C)C1,5.516147398371982
c1cncc(C2CCCN2)c1,4.6937533222816645
ClCCSCCCl,5.160225627185368
CN1CCC23c4c5ccc(OCCN6CCOCC6)c4OC2C(O)C=CC3C1C5,3.1233103404692857
CCC1(C2=CCCCCC2)C(=O)NC(=O)NC1=O,3.321093275682656
CC(C)CC1C(=O)N2CCCC2C2(O)OC(NC(=O)C3C=C4c5cccc6[nH]cc(c56)CC4N(C)C3)(C(C)C)C(=O)N12,5.782480167864567
CN1CC(C(=O)NC2(C)OC3(O)C4CCCN4C(=O)C(Cc4ccccc4)N3C2=O)CC2c3cccc4[nH]cc(c34)CC21,4.3682415001524
CCC(C(=O)O)C1(O)CCCCC1,1.986797384492974
CCOP(=O)(OCC)SCC[N+](C)(C)C,6.8902821090738415
CC(C)=CCC(O)C1=CC(=O)c2c(O)ccc(O)c2C1=O,4.255723153331883
COc1cc(C2c3cc4c(cc3C(O)C3COC(=O)C23)OCO4)cc(OC)c1OC,4.918460222353907
CC1=C2C(=COC(C)C2C)C(=O)C(C(=O)O)C1=O,4.119620485198527
Cn1c(C(=O)O)c(I)c(=O)c(I)c1C(=O)O,1.944616191370642
CN(C)CCc1c[nH]c2cccc(OP(=O)(O)O)c12,4.339760176764134
CN(C)CCc1c[nH]c2cccc(O)c12,4.465112927078679
c1ccc2c(c1)Sc1ccccc1N2CCN1CCCC1,3.9156328387916353
Cc1ncc(CO)c(CN)c1O,2.3807176232753173
Nc1ccc(S(=O)(=O)Nc2ccnn2-c2ccccc2)cc1,2.853988418590784
CCN(C)C(C)C(O)c1ccccc1,3.4411113460517515
C[N+](C)=c1ccc2nc3ccc(N)cc3sc-2c1,4.1223836285629805
COc1ccccc1OCC(O)COC(N)=O,2.549945807836107
O=C(CCl)c1ccccc1,3.7120769981200734
CC(CNC1CCCCC1)OC(=O)c1ccccc1,4.271119394067528
CC1CCCCN1CCCOC(=O)c1ccccc1,4.13362834700993
CCCCc1ccc(C(=O)O)nc1,3.0772927906774674
CCN(CCCl)CCCl,4.929630911863048
OC1CC2CCC(C1)N2,3.4054727192657643
CCCCCCCCCCCC[N+](C)(C)CCOc1ccccc1,4.483091715042525
C[N+](C)(C)CC(O)CC(=O)O,2.130893700879925
C[N+](C)(C)CCCCCCCCCC[N+](C)(C)C,6.213480462640816
ClC=C[As](Cl)Cl,5.617669101023789
CC1C(=O)CC2(C(C)C)CC12,6.691158523271523
CCN(CC)CCOC(=O)C1c2ccccc2-c2ccccc21,4.2864129595241325
CCN(CC)CCSC(=O)C(c1ccccc1)c1ccccc1,4.23644842064562
CN(C)CCC=C1c2ccccc2CCc2ccccc21,4.478056854957966
CCCCCC(O)C=CC1C(O)CC(O)C1CC=CCCCC(=O)O,5.151660304382203
Cc1cc2nc3ccc(N(C)C)cc3nc2cc1N,3.416976270771068
CC(C)CCC(=O)c1ccoc1,4.074555242296107
NC(=O)CNc1ccc([As](=O)(O)O)cc1,2.5928236708450303
CN(C)CC(O)c1ccc(O)c(O)c1,4.897041773837814
CC(N)(Cc1ccc(O)c(O)c1)C(=O)O,2.471639340018764
ClCCN(CCCl)CCCl,4.912812762904002
CS(=O)(=O)F,4.464030252300474
CCC(=O)OC1(c2ccccc2)CCN(C)CC1C,4.138493828792937
CC(C)CC1C(=O)N2CCCC2C2(O)OC(C)(NC(=O)C3C=C4c5cccc6[nH]cc(c56)CC4N(C)C3)C(=O)N12,3.7385078500673408
OC(CNCCCl)C(O)C(O)C(O)CNCCCl,3.78561737090396
CC(C)(C)c1ccc(O)c(-c2ccccc2)c1,4.104301013195884
Cl[As]1c2ccccc2Nc2ccccc21,4.665246308387397
CC(C)NCC(O)c1cc(O)cc(O)c1,3.414728785589448
CCOC(=O)CCCCCF,5.909031564177295
O=C(CCCCCF)OCCF,6.2557403259866975
C[N+]1(C)CCC(OC(=O)C(O)(c2ccccc2)C2CCCC2)C1,4.039130534785287
COP(=O)(OC)N1CCOCC1,2.750050207880413
CN1CC(CO)C=C2c3cccc4[nH]cc(c34)CC21,5.900252735721646
CCN1C(=CC=Cc2ccc3ccccc3[n+]2CC)C=Cc2ccccc21,4.594133394369321
CCCO[N+](=O)[O-],2.720543793983511
CC(N)CCCC(=O)O,2.3396998224867325
CC1OC(OC2CC(O)C3(CO)C4C(O)CC5(C)C(C6=CC(=O)OC6)CCC5(O)C4CCC3(O)C2)C(O)C(O)C1O,6.365502098637951
O=[As]c1ccccc1,5.327751982154757
CC(C)NC(=N)N=C(N)Nc1ccc(Cl)cc1,3.7526213534016826
CCCCOc1ccc(OCCCN2CCOCC2)cc1,3.876405863847869
NC(=O)CF,5.488877724265578
COc1cnc(NS(=O)(=O)c2ccc(N)cc2)nc1,3.4476370420613494
CC(C)(C)CCOP(C)(=O)F,6.26048877819683
CCSP(SCC)SCC,3.632175770036063
Br[As](Br)c1ccccc1,5.794956246667038
Cl[As](Cl)c1ccccc1,5.649206304100853
CC(=O)Nc1c(I)c(NC(C)=O)c(I)c(C(=O)O)c1I,1.701748414104219
CN(C)C1C(=O)C(C(=O)NCN2CCCC2)C(=O)C2(O)C(O)=C3C(=O)c4c(O)cccc4C(C)(O)C3CC12,4.050185526484547
CCOP(=O)(OCC)OP(=O)(OCC)OP(=O)(OCC)OP(=O)(OCC)OCC,5.865520234792505
CCCC(=O)N(C)C,2.1637349003535857
CN1CCCN(C(c2ccccc2)c2ccc(Cl)cc2)CC1,4.197087495449889
COC1=CC=C2C3Cc4ccc(OC)c5c4C2(CCN3C)C1O5,4.968117681209607
CCN(CC)CCCl,3.530321386096521
CCN(CC)CC1COc2ccccc2O1,3.94704140525522
CN(C)CCN(Cc1ccsc1)c1ccccn1,4.3381143685787
CC(=O)Oc1cc(C(C)C)c(OCCN(C)C)cc1C,3.678297696996545
C[N+](C)(C)CCOP(=O)(O)OP(=O)(O)OCC1OC(n2ccc(N)nc2=O)C(O)C1O,2.399571668699991
COc1cc(C(=O)OC(C)CN2CCN(C(=O)c3cc(OC)c(OC)c(OC)c3)CC2)cc(OC)c1OC,3.425363012128782
Nc1ccncc1,4.233305385998579
CC1CC(C)S(=O)(=O)C1,3.614624818145844
CCN(CC)C(C)CN1c2ccccc2Sc2ccccc21,4.318733746541785
CCC(CN)=C(c1ccccc1)c1ccccc1,4.074351921272783
CC(C)(C)c1nnc(NS(=O)(=O)c2ccccc2)s1,3.401466258339648
CCC12CCCN3CCc4c(n(c5ccccc45)C(O)(C(=O)OC)C1)C32,4.0310410408101625
C[N+](C)(C)c1cccc(O)c1,4.705341903588085
Cc1cccc(C)c1NC(=O)C1CCCCN1C,4.049136937397507
CCCNC(C)C(=O)Nc1ccccc1C,4.08777353294345
Cc1onc(-c2c(F)cccc2Cl)c1C(=O)NC1C(=O)N2C1SC(C)(C)C2C(=O)O,2.805681740621918
CC(C)OP(C)(=O)SCC[N+](C)(C)C,7.380806179376793
CN1CC(CNC(=O)c2cccnc2)CC2c3cccc4[nH]cc(c34)CC21,4.380767024143913
CCC(=O)NCC1CC2c3cccc4[nH]cc(c34)CC2N(C)C1,4.317267792187212
CCOC(=O)NCC1CC2c3cccc4c3c(cn4C)CC2N(C)C1,4.931273485241795
CC(S)C(=O)NCC(=O)O,1.9574423270456265
CN(C)CCN(Cc1ccccc1)c1ccccc1,4.229386582100539
O=c1[nH]c2ccccc2n1C1CCN(CCCC(c2ccc(F)cc2)c2ccc(F)cc2)CC1,4.32180172013136
CC(CN(C)C)N1c2ccccc2CCc2ccccc21,4.19252873615633
CC(CN1c2ccccc2CCc2ccccc21)N(C)C,4.333857888952799
CCN(CC)CCN1c2ccccc2CCc2ccccc21,4.213727253915587
COc1cc2c(cc1OC)C(CCc1ccc(Cl)cc1)N(C)CC2,4.061791639184011
CCC(=O)NCC1CC2c3cccc4c3c(cn4C)CC2N(C)C1,4.512492282462237
CC(=O)OCC12CCC(C)=CC1OC1C(O)C(OC(C)=O)C2(C)C12CO2,5.563967317849402
NC(=O)Nc1ccc([As]=O)cc1,4.286051309339206
CCOP(C)(=O)SCC,4.83136914658022
C=CCC1(CC(C)O)C(=O)NC(=O)NC1=O,2.354554034897549
C=C(C)C1C2OC(=O)C1C1(O)C3OC3C3(CO3)C1(C)C2O,5.373974308781186
C=C(C)C1C2CC3(C)C4(CO4)C4OC4C3(O)C1C(=O)O2,5.87514553877952
CC(C)C(=O)NCC1CC2c3cccc4[nH]cc(c34)CC2N(C)C1,4.637431019070537
O=[N+]([O-])N1CN([N+](=O)[O-])CN([N+](=O)[O-])CN([N+](=O)[O-])C1,4.471520535695501
N#CC(C#N)=Cc1ccccc1Cl,4.372490846019483
O=C(O)COc1ccc(Cl)cc1Cl,2.7424089157982614
CN1CCCC1c1cccnc1,4.414267212719528
O=C1CN=C(c2ccccc2Cl)c2cc(Cl)ccc2N1,4.085725568661773
CCS(=O)(=O)c1ccc(F)cc1,3.233280005998727
CCOP(=O)(C#N)OCC,4.610428584079416
CCCCCCCCCCCC(=O)N(C)C,3.657805177137196
CCCCCCCCCCCCCC(=O)N(C)C,3.48301982044151
CCOP(=O)(Cc1ccccc1)Oc1ccc([N+](=O)[O-])cc1,5.375571024881493
CCOP(=O)(CCCc1ccccc1)Oc1ccc([N+](=O)[O-])cc1,6.066105926521299
CCOP(=O)(CCCCc1ccccc1)Oc1ccc([N+](=O)[O-])cc1,6.62080591191066
CCCCP(=O)(OCC)Oc1ccc([N+](=O)[O-])cc1,6.60093056472693
CCCCCP(=O)(OCC)Oc1ccc([N+](=O)[O-])cc1,6.40708685386619
CCCCCCCP(=O)(OCC)Oc1ccc([N+](=O)[O-])cc1,5.777272560804185
CCCCCCCCP(=O)(OCC)Oc1ccc([N+](=O)[O-])cc1,5.455845232619136
CCOP(=O)(CCCCCl)Oc1ccc([N+](=O)[O-])cc1,6.005019890903483
CCOP(=O)(CCCCCCCl)Oc1ccc([N+](=O)[O-])cc1,5.954927239296207
O=[As]c1ccccc1Cl,5.144996970568654
CCOP(=O)(CCc1ccccc1)Oc1ccc([N+](=O)[O-])cc1,5.982602945472653
Cn1c(=O)c2[nH]cnc2n(C)c1=O,3.0795839880182965
CN(C)c1ccc(Nc2cc3nc4ccc(N(C)C)cc4nc3cc2N)cc1,4.023569718333639
CC[N+](C)(CC)CCCOc1ccc(OCCC[N+](C)(CC)CC)nn1,5.964455277988511
OC1C2(c3ccccc3)CN3CN(C2)CC1(c1ccccc1)C3,5.407120271417292
CN(C)CCCN1c2cc(Cl)ccc2CCc2ccc(Cl)cc21,4.367113543177637
CN(C)CCCN1c2cc(Cl)ccc2C=Cc2ccc(Cl)cc21,4.637601040732993
O=C1C(CCSc2ccccc2)C(=O)N(c2ccccc2)N1c1ccccc1,3.58938208004394
CCC(C)c1ccccc1OC(=O)NC,3.854144735383004
CCCCCCCCCCCCCCCCCC(=O)N(C)C,3.642274982756076
COC1CC(OC2C(C)C(=O)OC(C)C(C)C(O)C(C)C(=O)C3(CO3)CC(C)C(OC3OC(C)CC(N(C)C)C3O)C2C)OC(C)C1O,3.3603838515802456
COc1ccc2[nH]cc(CCN3CCCC3)c2c1,5.910869759969447
CNCCc1ccc(OC)cc1,5.042013414062265
O=C(NP(=O)(N1CC1)N1CC1)c1ccccc1,4.157026534914726
Clc1cccc(Cl)c1NC1=NCCN1,3.7087003300443695
CN(C)C(=O)C1C=C2c3cccc4[nH]cc(c34)CC2N(C)C1,5.868329916483344
CCCCNC(=O)OCC(C)(CCC)COC(N)=O,3.4171330780502127
CN1CC(C(=O)N2CCOCC2)C=C2c3cccc4[nH]cc(c34)CC21,5.683076642366413
COC(=O)C1=COC(C)C2CN3CCc4c([nH]c5ccccc45)C3CC12,4.246047803338539
CCSNC(=O)CC(N)C(=O)O,2.9828137621318622
Cn1c(=O)[nH]c2nncnc2c1=O,3.7217112284993896
c1ccc(C2CN3CCSC3=N2)cc1,4.134172856019178
c1ccc2c(CC3=NCCN3)cccc2c1,5.419707981354443
COc1ccc2cc1Oc1cc3c(cc1OC)CC[N+](C)(C)C3Cc1ccc(cc1)Oc1c(OC)c(OC)cc3c1C(C2)[N+](C)(C)CC3,7.296678767172527
CCCCCCCCC(=O)N1CCOCC1,4.034471843297929
O=C(O)CS,2.964349214823683
O=[As]c1ccc(C(=O)NCCO)cc1,4.114462899409838
Cc1ccc([Sb](=O)(O)O)cc1,4.574702457606586
CN1CCC2=C(C1)C(c1ccccc1)c1ccccc12,4.2411611555808255
CNC(C)Cc1ccccc1OC,3.776369405427954
NCCC=C1c2ccccc2COc2ccccc21,4.279718527913843
CNCCc1ccccn1,4.323602201008361
Cc1[nH]oc(=O)c1N=Nc1ccccc1Cl,4.074900513088624
O=C(O)CC(O)(CC(=O)O)C(=O)O,2.690935416370668
NC(Cc1ccc(O)c(O)c1)C(=O)O,3.13652239490478
CN(CCN(C)c1ccccn1)Cc1ccc(Br)s1,3.5898411337795464
CCCCCC(=O)N(C)C,3.349854017939733
CCCCN(CCCC)CCCOC(=O)c1ccc(N)cc1,4.444966940529903
c1ccc(C(OCCN2CCOCC2)c2ccccc2)cc1,4.151118748833709
COP(=O)(F)OC,4.806312277929186
C[N+]1(C)CCCC1c1cccnc1,3.1025096589181795
CN1CCC23CCCCC2C1Cc1ccc(O)cc13,4.047613918264728
CCN(CC)CCC1(c2ccccc2)C(=O)Oc2ccccc21,4.128805106162464
CCN(CC)CCNC(=O)c1ccncc1,2.525445328192113
CC(=O)Nc1cccc([As](=O)(O)O)c1,2.67309299017456
CCCCCCC=O,2.404407952589714
COC1C=CC2=CCN3CCC4=C(CC(=O)OC4)C23C1,4.502192027905651
O=P1(N(CCCl)CCCl)NCCCO1,3.302845222542017
C=C1C(N(C)C)C(=O)N(c2ccccc2)N1C,3.131177644750187
CC[N+](C)(CC)CCOC(=O)C(c1ccccc1)c1ccccc1,4.161647458178185
CC(N1CCCCC1)C(O)(c1ccccc1)c1ccccc1,4.373538701257089
CNC(C)CCC=C(C)C,3.894740547901232
CCCCCCOc1ccc(C(O)(C(=O)OCCN(CC)CC)c2ccccc2)cc1,4.63102246143035
CCCCCCCCC=CCCCCCCCC[N+](C)(C)CC,3.312714172876108
CC(=O)CCCCn1c(=O)c2c(ncn2C)n(C)c1=O,3.444531932246469
CNCC(O)c1ccccc1,3.526365127482521
CC(C)CCOC(=O)CCCCC(=O)OCCC(C)C,2.6508112359668945
CCCCC1C(=O)NC(=O)N(C2CCCCC2)C1=O,2.902993792501423
O=CC1(c2ccccc2)CCNCC1,4.7999329916158455
NC(=O)C1(N2CCCCC2)CCN(CCCN2c3ccccc3CCc3ccccc32)CC1,4.394684137378848
CN(C)CCN(Cc1cccs1)c1ccccc1,3.938529731846505
C[N+](C)(C)CCOc1cccc(OCC[N+](C)(C)C)c1OCC[N+](C)(C)C,5.107871086690161
CCN(CC)CC(=O)Nc1c(C)cccc1C(=O)OC,3.84253435479584
CN1CC(C(=O)N2CCCC2)C=C2c3cccc4c3c(cn4C)CC21,4.622539103880355
CCN(CC)CCNC(=O)c1cc(Cl)c(N)cc1OC,4.038177743911655
CCNC(=O)C1C=C2c3cccc4c3c(cn4C)CC2N(C)C1,4.536296047207987
CNC1C(OC2C(OC(=O)c3c(O)ccc4c(C)cc(OC)cc34)C=C3C#CC4(C5COC(=O)O5)OC4C#CCC32)OC(C)C(O)C1O,5.86639237115506
O=C(O)CCC(=O)OC1CCCCC1,2.4264765597949034
CNCCC=C1c2ccccc2CCc2sccc21,4.284290512249369
C[N+](C)(C)CCCCOc1ccc(OCCCC[N+](C)(C)C)cc1,6.131664849784946
CCCCCCCCCCP(=O)(OCC)Oc1ccc([N+](=O)[O-])cc1,5.630838493467087
COC(C(=O)C(O)C(C)O)C1Cc2cc3cc(OC4CC(OC5CC(O)C(OC)C(C)O5)C(O)C(C)O4)cc(O)c3c(O)c2C(=O)C1OC1CC(OC2CC(O)C(O)C(C)O2)C(O)C(C)O1,5.7064114336342575
CC=C(C)C(=O)OC1C(OC(C)=O)C2(CO)C(O)CC3(C)C(=CCC4C5(C)CCC(OC6OC(C(=O)O)C(OC7OC(CO)C(O)C(O)C7O)C(O)C6OC6OC(CO)C(O)C(O)C6O)C(C)(CO)C5CCC43C)C2CC1(C)C,5.329367334650883
COC(C(=O)C(O)C(C)O)C1Cc2cc3cc(OC4CC(OC5CC(O)C(O)C(C)O5)C(O)C(C)O4)c(C)c(O)c3c(O)c2C(=O)C1OC1CC(OC2CC(OC3CC(O)C(OC)C(C)O3)C(O)C(C)O2)C(O)C(C)O1,6.956310929988666
OCC(CO)(CCl)CCl,2.45999274624771
Cc1onc(-c2c(Cl)cccc2Cl)c1C(=O)NC1C(=O)N2C1SC(C)(C)C2C(=O)O,2.894255124234563
CC(C)NCC(O)COc1cccc2[nH]ccc12,4.395022193035774
COC(=O)N(CCCl)N=O,4.920551146119845
C=CCc1ccccc1OCC(O)CNC(C)C,4.282872987017122
C[N+](C)(C)CCC[N+]1(C)CC2C3C=CC(CC3)C2C1,3.507483249451703
CCCC(C)(O)C1CC23C=CC1(OC)C1Oc4c(O)ccc5c4C12CCN(C)C3C5,7.711324176827173
CN(C(=O)CN(CCO)CC(=O)N(C)C(C)(C)Cc1ccccc1)C(C)(C)Cc1ccccc1,5.905001668712401
CCC1OC(=O)C(C)C(OC2CC(C)(OC)C(O)C(C)O2)C(C)C(OC2OC(C)CC(N(C)C)C2O)C(C)(O)CC(C)C(=O)C(C)C(O)C1(C)O,3.6032076926289385
COc1cc(C(=O)N2CCCCCCC2)cc(OC)c1OC,4.107478493230063
CCCCCCCCCC(=O)N(C)C,3.837192098680119
CCCCC(C(=O)O)C(=O)N(Nc1ccccc1)c1ccccc1,3.133533586101308
CN1C2CCC1CC(OC(=O)C(C)(CO)c1ccccc1)C2,3.636920399277921
CCOC(=O)NNc1nncc2ccccc12,2.745806577887022
CN1CCCCC1CCN1c2ccccc2Sc2ccc(S(C)(=O)=O)cc21,4.349585084280457
CN(C)CCC=C1c2ccccc2CCc2sccc21,4.549371152333177
CCOc1ccccc1NCC(=O)N(CC)CC,3.8544656731686806
Cc1ccc(Cl)c(OCC(O)CNC(C)(C)C)c1,4.249538847006282
O=C(O)Cc1ccccc1Nc1c(Cl)cccc1Cl,3.471516136358514
CNC(C)Cc1ccccn1,3.2082592641313408
O=S(=O)(O)c1cc(O[Sb]2Oc3cc(S(=O)(=O)O)cc(S(=O)(=O)O)c3O2)c(O)c(S(=O)(=O)O)c1,3.8647852302500114
CC(=O)OC1CC2CCC3C(CCC4(C)C3CC([N+]3(C)CCCCC3)C4OC(C)=O)C2(C)CC1[N+]1(C)CCCCC1,7.553939887596917
CCN1CCCC1CNC(=O)c1cc(S(N)(=O)=O)ccc1OC,3.8220105740799495
O=C(O)c1cc(=O)c2c(OCC(O)COc3cccc4oc(C(=O)O)cc(=O)c34)cccc2o1,2.3695590742297066
CCN1CCC(=C2c3ccccc3CCc3ccccc32)C1C,4.6896940211362805
CC(=O)NC(C)C1CC2c3cccc4[nH]cc(c34)CC2N(C)C1,3.949291006892617
O=C1OC2(c3ccccc31)c1cc(I)c(O)c(I)c1Oc1c2cc(I)c(O)c1I,3.621121731793535
C[N+]1(C)CCOC(O)(c2ccc(-c3ccc(C4(O)C[N+](C)(C)CCO4)cc3)cc2)C1,6.219632720273904
CC(C)(CO)C(O)C(=O)NCCCO,1.7102316380981095
CCCCNc1ccc(C(=O)OCCN(CC)CC)cc1,5.085800286561388
Cl[AsH]N(c1ccccc1)c1ccccc1,4.668389023220247
CC[N+](C)(CC)CCOC(=O)CC[N+](C)(CC)CCC(=O)OCC[N+](C)(CC)CC,4.832017351270732
CN(C)CCCN1c2ccccc2CCc2ccc(Cl)cc21,4.418936245066245
CN1CC(CNC(=O)OCc2ccccc2)CC2c3cccc4c3c(cn4C)CC21,4.30484152677143
COc1ccc2c(=O)c3ccccc3oc2c1CN1CCCCC1,4.316604673867656
CCCCN1CCCCC1C(=O)Nc1c(C)cccc1C,4.995108771808623
O=C(O)Cc1sc(-c2ccccc2)nc1-c1ccc(Cl)cc1,3.667002837197421
COC(C(=O)C(O)C(C)O)C1Cc2cc3cc(OC4CC(OC5CC(O)C(O)C(C)O5)C(O)C(C)O4)c(C)c(O)c3c(O)c2C(=O)C1OC1CC(OC2CC(OC3CC(C)(O)C(O)C(C)O3)C(O)C(C)O2)C(O)C(C)O1,6.6375521673642535
CC(=C(CCO)SSC(CCO)=C(C)N(C=O)Cc1cnc(C)nc1N)N(C=O)Cc1cnc(C)nc1N,2.833839945974656
CCCCCCCCc1ccc(C(=O)CCN2CCCCC2)cc1,4.476499637349498
O=C1N2CN3CC(c4ccccc4)(C2)CC1(c1ccccc1)C3,2.839981984436498
CCN1C(=O)CC2(CCN(C)CC2)C1=O,4.754590048289571
O=C1c2ccccc2N(C(=O)CN2CCOCC2)CN1c1ccccc1,3.278796119454616
C=[N+](O)CCC12C3=C(C)C=CC(OC)C3OC1C(=O)C=CC2O,3.6305837997721975
N#CSC(Cl)(Cl)Cl,4.741483990647796
CCC(C)C1C(=O)N2CCCC2C2(O)OC(NC(=O)C3C=C4c5cccc6[nH]cc(c56)CC4N(C)C3)(C(C)C)C(=O)N12,3.663293760145359
CC1OC(OC2C(O)CC(OC3C(O)CC(OC4CCC5(C)C(CCC6C5CC(O)C5(C)C(C7=CC(=O)OC7)CCC65O)C4)OC3C)OC2C)CC(O)C1O,5.341172675159504
COc1cccc2c1C(=O)c1c(O)c3c(c(O)c1C2=O)CC(O)(C(C)=O)CC3OC1CC(N)C(O)C(C)O1,5.02327386509013
CC(=O)OC(C)C(C)C(=O)OCC12C3CC4(C)C(=CCC5C6(C)CCC(OC7OC(C(=O)O)C(OC8OC(CO)C(O)C(O)C8O)C(O)C7OC7OCC(O)C(O)C7O)C(C)(CO)C6CCC54C)C1CC(C)(C)C(O3)C2O,5.342913156520148
O=C(O)CCc1nc(-c2ccccc2)c(-c2ccccc2)o1,3.9110421367795314
CN1CCCC1c1ccc[n+](C)c1,3.0994185819410376
CC1(C)SC2C(NC(=O)C(C(=O)Oc3ccccc3)c3ccccc3)C(=O)N2C1C(=O)O,2.8616576923707497
COC(=O)C1=C(C)NC(C)=C(C(=O)OC)C1c1ccccc1[N+](=O)[O-],5.23847140299239
CC(C)(C)NCC(O)c1cc(Cl)c(N)c(Cl)c1,4.342414847157005
CC=C1C[N+]2(C)CCC34C(=C(C=O)C1CC32)Nc1ccccc14,4.728060035396836
O=C(O)CN1CCN(CC(=O)O)CC(=O)O[PbH2]OC(=O)C1,2.281347390433476
CN1CCC23c4c5ccc(O)c4OC2C(O)C=CC3C1C5,3.3250334544608933
CC(C)(C)NCC(O)COc1ccccc1C#N,3.9652699130333664
CCCCCc1cc(OC(C)=O)c2c(c1)OC(C)(C)C1CCC(C)=CC21,3.361735145260128
CC[N+]1(CCOC(=O)C(O)(c2ccccc2)c2ccccc2)CCCCC1,4.061283978220485
OC(C1CO1)C(O)C1CO1,1.0186470108304833
Nc1c(Br)cc(Br)cc1CNC1CCC(O)CC1,3.7714358922680953
Cc1ncc(C[n+]2csc(CCOP(=O)(O)OP(=O)(O)O)c2C)c(N)n1,2.9297458008689867
CC(=O)C1CCC2C3CCC4CC(O)CCC4(C)C3C(=O)CC12C,4.5504949020171
CC(=O)OCC(=O)C1CCC2C3CCC4CC(O)CCC4(C)C3C(=O)CC12C,4.114522025919305
Clc1ccc(COC(Cn2ccnc2)c2ccc(Cl)cc2Cl)cc1,3.652291856184741
CC(=O)OCC1=C(C(=O)O)N2C(=O)C(NC(=O)CSc3ccncc3)C2SC1,2.1497034453130546
CC(C)N(CCCl)CCCl,4.964047382339612
CC(=O)NCC1CC2c3cccc4[nH]cc(c34)CC2N(C)C1,3.8712838934566394
COC1C(OC(C)=O)CC(=O)OC(C)CC=CC=CC(OC2CCC(N(C)C)C(C)O2)C(C)CC(CC=O)C1OC1OC(C)C(OC2CC(C)(O)C(O)C(C)O2)C(N(C)C)C1O,3.650328131831302
O=c1n(CCCN2CCN(c3cccc(Cl)c3)CC2)nc2ccccn12,3.854390135871571
CC=CCC1(CCCC)C(=O)NC(=S)NC1=O,3.4511977697840592
CN(C)CCOC1=Cc2ccccc2Sc2ccc(Cl)cc21,4.144388421012167
CC1Cc2ccccc2N1NC(=O)c1ccc(Cl)c(S(N)(=O)=O)c1,3.035663661726603
CC[N+](C)(CC)c1cccc(O)c1,3.8245621037006527
CC(C)NC(C)Cn1cnc2c1c(=O)n(C)c(=O)n2C,3.113700887715871
NS(=O)(=O)c1cc(-c2nn[nH]n2)c(NCc2cccs2)cc1Cl,3.4552514177911027
CCCCNc1cc(C(=O)O)cc(S(N)(=O)=O)c1Oc1ccccc1,3.7165077389833674
CN(C)CCCn1c2ccc(Cl)cc2c(=O)c2cccnc21,4.420236380469888
CCCCOc1ccc(C[N+]2(C)C3CCC2CC(OC(=O)C(CO)c2ccccc2)C3)cc1,4.823220029995286
CC(C)NCC(O)COc1ccc(CC(N)=O)cc1,3.726468021671724
CCC1(NC(=O)C2C=C3c4cccc5[nH]cc(c45)CC3N(C)C2)OC2(O)C3CCCN3C(=O)C(CC(C)C)N2C1=O,3.7494912796391495
CCCCC(CC)COC(=O)CCCCCCCCC(=O)OCC(CC)CCCC,2.897710562282741
CC[N+]1(C)C2CC(OC(=O)C(CO)c3ccccc3)CC1C1OC12,3.990208228118976
CC(=O)Nc1c(I)c(C(=O)NC(C=O)C(O)C(O)C(O)CO)c(I)c(N(C)C(C)=O)c1I,1.559412730957446
CN1CCC(=C2c3ccccc3C(O)c3ccccc32)CC1,4.257654729076389
C=CCN(C1=NCCN1)c1c(Cl)cccc1Cl,4.191076621954363
COc1cc(C2c3cc4c(cc3C(OC3OC5COC(C)OC5C(O)C3O)C3COC(=O)C23)OCO4)cc(OC)c1O,4.201590494751544
Nc1ccccc1,3.16290496563147
CCCC(=O)Nc1ccc(OCC(O)CNC(C)C)c(C(C)=O)c1,3.914113440639396
Oc1ccc(C(O)CCNCCCSc2ccccc2)cc1,4.070317039505229
NC(=O)OCC1N=C(N)N2CCC(O)(O)C23NC(N)=NC13,7.874033666009705
OC(CNCCNCC(O)COc1ccccc1)COc1ccccc1,3.816487159808502
O=C(Cn1c(=O)sc2ccc(Cl)cc21)N1CCN(CCO)CC1,3.318267198427703
O=C(O)CN(CCN(CC(=O)O)CC(=O)O)CC(=O)O,3.7936477455811697
CC(C)CC(N)C(=O)NC(C(=O)NC(CCC(=O)O)C(=O)NC(CO)C(=O)NC(CO)C(=O)NC(CCCCN)C(=O)O)C(C)C,3.616576592436732
CC(C)C(NC(=O)C1CCCN1C(=O)C(N)C(C)O)C(=O)NC(CO)C(=O)NC(CCC(=O)O)C(=O)NC(CCCCN)C(=O)O,3.588922578186524
COc1cc(NS(=O)(=O)c2ccc(N)cc2)ncn1,2.262945611243751
CC(C)(C)NCC(O)COc1ccccc1C1CCCC1,4.234092785953044
CCOc1c(N2CCOCC2)cnn(C)c1=O,3.0171694888840648
CC=C(C)c1cc(=O)c2c(C)cc3c(c2o1)C(OC)(OC(C)=O)c1c(O)c(C2CC(C)(N(C)C)C(OC(C)=O)C(C)O2)cc(C2CC(N(C)C)C(OC(C)=O)C(C)O2)c1C3=O,4.529928531817359
CCOC(=O)C1=C(C)NC(C)=C(C(=O)OC)C1c1cccc([N+](=O)[O-])c1,5.158803800524725
NCCC(O)C(=O)NC1CC(N)C(OC2OC(CN)C(O)C(O)C2O)C(O)C1OC1OC(CO)C(O)C(N)C1O,3.373155320168319
CC(C)(C)c1cc[n+](COCc2cc[n+](C(C)(C)C)cc2)cc1,4.418402117710197
N#CC(C#N)Cc1ccccc1Cl,3.689133475410999
O=C(Cn1cnnn1)NC1C(=O)N2C(C(=O)O)=C(CSc3nncs3)CSC12,2.166816770656316
CCC(=O)N(c1ccccc1)C1CCN(CCc2ccccc2)CC1C,7.314246535288421
Cn1nnnc1SCC1=C(C(=O)O)N2C(=O)C(NC(=O)C(OC=O)c3ccccc3)C2SC1,2.3896293800456654
CCN(CC)C(=O)C1C=C2c3cccc4c3c(c(Br)n4C)CC2N(C)C1,4.443380870020596
CCN(CC)C(=O)C1C=C2c3c(OC)ccc4[nH]cc(c34)CC2N(C)C1,6.54834764522617
CCNC(=O)C1C=C2c3cccc4c3c(cn4C(C)=O)CC2N(C)C1,4.829204678044651
COC(=O)C1OC(OC)C(OS(=O)(=O)O)C(O)C1O,1.8783163761905224
Cc1cccc(N(C)C(=S)Oc2ccc3c(c2)C2CCC3C2)c1,3.53301358752496
CC(C)(C)NCC(O)COc1cccc2c1CCC(=O)N2,3.416728153715371
O=P(OP(=O)(N1CC1)N1CC1)(OS(=O)(=O)OP(=O)(OP(=O)(N1CC1)N1CC1)N1CC1)N1CC1,4.131342885191474
O=P(C(=Nc1ccc(N=C(N2CC2)P(=O)(N2CC2)N2CC2)cc1)N1CC1)(N1CC1)N1CC1,4.269646609065744
CC(=O)OC1CC2CCC3C(CCC4(C)C3CC(N3CC[N+](C)(C)CC3)C4OC(C)=O)C2(C)CC1N1CC[N+](C)(C)CC1,7.771648713800905
O=C1NP(N2CC2)(N2CC2)(N2CC2)NC(=O)c2cccc(c2)C(=O)NP(N2CC2)(N2CC2)(N2CC2)NC(=O)c2cccc1c2,4.659107679199813
CC(=O)C1(O)Cc2c(O)c3c(c(O)c2C(OC2CC(N)C(O)C(C)O2)C1)C(=O)c1c(O)cccc1C3=O,5.534448343123176
CC(CN)c1ccccc1,3.390646123296396
CCN(CC)C(=O)COc1cc2c(O)c3c(O)c(C)c4c(c13)C(=O)C(C)(OC=CC(OC)C(C)C(OC(C)=O)C(C)C(O)C(C)C(O)C(C)C=CC=C(C)C(=O)N2)O4,3.168624962143335
Cc1ccc(=O)n(-c2ccccc2)c1,2.8205439167919937
CNC(C)C(O)c1ccccc1,3.405191316475091
CC(C)CCOC(=O)C(NCCN1CCCC1)c1ccccc1,4.389112902192262
CC(C)(C)NCC(O)c1cc(Cl)c(N)c(C(F)(F)F)c1,4.229955854856833
CN1CCC2(C)CC(Cc3ccc(O)cc32)C1,3.600820860379413
COc1cc2c3cc1Oc1c(OC)c(OC)cc4c1C(Cc1ccc(O)c(c1)Oc1ccc(cc1)CC3[N+](C)(C)CC2)[N+](C)(C)CC4,6.328247052032806
CCCn1cnc2c1c(=O)n(CCCCC(C)=O)c(=O)n2C,3.536850559695195
CCC(COC(=O)c1cc(OC)c(OC)c(OC)c1)N(C)CCN(C)C(CC)COC(=O)c1cc(OC)c(OC)c(OC)c1,5.394969723211752
NS(=O)(=O)c1cc(C(=O)O)cc(N2CCCC2)c1Oc1ccccc1,3.3087765753051896
CON=C(C(=O)NC1C(=O)N2C(C(=O)O)=C(COC(N)=O)CSC12)c1ccco1,2.451674906249536
C1=C2CCCNC2C2CC1C1CCCCN1C2,3.491120663571668
CC1C2Cc3ccc(O)cc3C1(C)CCN2CCCC(=O)c1ccc(F)cc1,4.686614639945535
COc1cccc2c1C(=O)c1c(O)c3c(c(O)c1C2=O)CC(O)(C(=O)CO)CC3OC1CC(N)C(O)C(C)O1,4.997383930547763
c1ccc(OCc2ccc(CCCN3CCOCC3)cc2)cc1,3.71520222273684
CC(C)(C)NCC(O)c1ccccc1Cl,4.056399785670349
CCC1(O)CC(OC2CC(N(C)C)C(OC3CC4OC5CC(=O)C(C)OC5OC4C(C)O3)C(C)O2)c2c(cc3c(c2O)C(=O)c2c(O)cccc2C3=O)C1C(=O)OC,5.209441017327253
CN(C)CCCN1c2ccccc2C=Cc2ccccc21,4.666516420586268
CC(=O)OC1CC(O)C23COC(O)C1(C)C2CC(O)C1(C)C3C(=O)C(OC(C)=O)C2(C)C(c3ccoc3)CC3OC321,5.136133714782522
CNC(=O)c1c(I)c(C(=O)NCC(=O)Nc2c(I)c(C(=O)O)c(I)c(C(=O)NCCO)c2I)c(I)c(N(C)C(C)=O)c1I,2.074037801228293
Cc1cc(=O)n(CCOc2ccc3ccccc3c2)[nH]1,4.030706562265001
CC=CCC(C)C(O)C1C(=O)NC(CC)C(=O)N(C)CC(=O)N(C)C(CC(C)C)C(=O)NC(C(C)C)C(=O)N(C)C(CC(C)C)C(=O)NC(C)C(=O)NC(C)C(=O)N(C)C(CC(C)C)C(=O)N(C)C(CC(C)C)C(=O)N(C)C(C(C)C)C(=O)N1C,5.080133838862281
CC(O)C(=O)Nc1c(I)c(C(=O)NC(CO)CO)c(I)c(C(=O)NC(CO)CO)c1I,1.589440206856836
CCC(C)C1C(=O)N2CCCC2C2(O)OC(C)(NC(=O)C3C=C4c5cccc6[nH]cc(c56)CC4N(C)C3)C(=O)N12,3.784265340628016
CN(C)CC=C(c1ccc(Br)cc1)c1cccnc1,3.795510538929044
CCN(CC)C(=O)C1C=C2c3c(O)ccc4[nH]cc(c34)CC2N(C)C1,6.0536404845929805
CN1CCN(CCN2c3ccccc3Sc3ccccc32)CC1,3.956223140874264
CN1CCCCC1Cn1c2ccccc2c2ccccc21,4.347757657961854
CN1CCCC(Cn2c3ccccc3c3ccccc32)C1,4.189395165866605
CCC(NC(C)C)C(O)c1ccc(O)c2[nH]c(=O)ccc12,3.5438631824633102
CCC(=O)OC1(c2ccccc2)CCN(C)CC1CC,4.184678814963136
Cc1nnc(SCC2=C(C(=O)O)N3C(=O)C(NC(=O)Cn4cc(Cl)c(=O)c(Cl)c4)C3SC2)s1,2.233991021770564
COC(=O)C1=C(C)NC(C)=C(C(=O)OCC(C)C)C1c1ccccc1[N+](=O)[O-],5.191361575246765
COc1ccc(CN(CCN(C)C)c2ccccn2)cc1,4.3762590271740045
CCN(CC)P(=O)(OP(=O)(N(C)C)N(CC)CC)N(C)C,3.83551428189844
CCN(C)P(=O)(OP(=O)(N(C)CC)N(C)CC)N(C)CC,4.057363031514796
CCN(C)P(=O)(OP(=O)(N(C)C)N(C)CC)N(C)C,4.293234070736838
CCN(C)P(=O)(OP(=O)(N(C)CC)N(CC)CC)N(CC)CC,3.96662857384534
CCCCCCCCC(=O)OCCCOCCCOC(=O)CCCCCCCC,2.5923517141361336
C=CC1C[N+]2(CCCCC)CCC1CC2C(O)c1ccnc2ccc(OC)cc12,4.597220053613476
C=CC1C[N+]2(CCCC)CCC1CC2C(O)c1ccnc2ccc(OC)cc12,4.81811208180432
C=CC1C[N+]2(CC)CCC1CC2C(O)c1ccnc2ccc(OC)cc12,4.6675586257300665
C=CC1C[N+]2(CCCCCC)CCC1CC2C(O)c1ccnc2ccc(OC)cc12,4.612353586185604
C=CC1C[N+]2(CCC(C)C)CCC1CC2C(O)c1ccnc2ccc(OC)cc12,4.584382828908304
C=CC1C[N+]2(C(C)C)CCC1CC2C(O)c1ccnc2ccc(OC)cc12,4.444698774740647
C=CC1C[N+]2(C)CCC1CC2C(O)c1ccnc2ccc(OC)cc12,4.685689287500563
C=CC1C[N+]2(CCC)CCC1CC2C(O)c1ccnc2ccc(OC)cc12,5.068334248475891
CCOC(=O)CCCC(C)F,5.909031564177295
CC(F)CCCC(=O)OCCF,6.2557403259866975
ClCCN(CCCl)CCN(CCCl)CCCl,5.093556155536485
CC[N+]1(CCCl)CC1,4.828111850128304
CN1CCN(CCCN2c3cc(Cl)ccc3C=Cc3ccc(Cl)cc32)CC1,4.525443267631582
CCN(CC)CCN1c2ccccc2C=Cc2ccccc21,4.56292599673347
CCN(CC)C(C)CN1c2ccccc2CCc2ccccc21,4.410030279516404
CC(CN1c2ccccc2C=Cc2ccccc21)N(C)C,4.541577683977967
CN1CC(C(=O)NOCc2ccccc2)C=C2c3cccc4[nH]cc(c34)CC21,6.873269436934934
O=C(O)CSc1ccccc1O[Sb](O)O,3.26066369348894
CNC(=O)c1c(I)c(NC(=O)C(O)C(O)C(O)C(O)CO)c(I)c(NC(=O)C(O)C(O)C(O)C(O)CO)c1I,1.5772619535858148
CC(CN1c2ccccc2CCc2ccccc21)[N+](C)(C)C,4.567394007323742
CCC1CCC(C)C12C(=O)NC(=S)NC2=O,3.673234196191965
CC1CC(C)C2(C(=O)NC(=S)NC2=O)C1C,3.49999078000911
CCC1CCC(CC)C12C(=O)NC(=S)NC2=O,3.990466931252567
CCC1CC(C)C(C)C12C(=O)NC(=S)NC2=O,3.782190988825484
OCC[S+](CCO)CCSCCCl,4.73739940037677
CCC=CCC1(C(C)C)C(=O)NC(=O)NC1=O,3.570920375612804
CN(CCC[N+](C)(C)C)CCC[N+](C)(C)C,3.4479619536450707
CN(CC[N+](C)(C)C)CC[N+](C)(C)C,3.433234167111053
O=C(O)c1ccc(NS(=O)(=O)Cc2ccccc2)cc1,2.312399831913428
ClCC[N+]1(CCCl)CC1,4.52910939176136
OCC[N+]1(CCO)CC1,3.820145608646497
OCC[N+]1(CCCl)CC1,4.47893858856126
CON=C(C(=O)NC1C(=O)N2C(C(=O)O)=C(COC(C)=O)CSC12)c1csc(N)n1,2.38430574175158
CN=C(C[N+](=O)[O-])NCCSCc1ccc(CN(C)C)o1,3.460071233942432
COc1ccc(C(=O)Nc2ccccc2CCC2CCCCN2C)cc1,4.806769326083476
CCCC1(C(C)SCC(C)C)C(=O)NC(=S)NC1=O,3.467837902427808
CC[N+](CC)(CCCCCCCCCC[N+](CC)(CC)C1c2ccccc2-c2ccccc21)C1c2ccccc2-c2ccccc21,6.446425599668351
C=CCC1(CC=CC)C(=O)NC(=S)NC1=O,3.51382305130938
C=CCC1(C(C)SCCCC)C(=O)NC(=O)NC1=O,3.909832532690568
C=CCC1(CCSCCCC)C(=O)NC(=S)NC1=O,3.699619512483155
C=CCC1(CSCCCC)C(=O)NC(=O)NC1=O,3.759834941591152
C=CCC1(CSCC)C(=O)NC(=O)NC1=O,3.185696327183084
C=CCC1(C(C)C=C)C(=O)NC(=S)NC1=O,3.6137179178668974
C=CCC1(CSCCC)C(=O)NC(=O)NC1=O,3.54547149453596
C=CCSC(C)C1(CC(C)C)C(=O)NC(=O)NC1=O,3.791142745359271
C=CCSC(C)C1(CC(C)C)C(=O)NC(=S)NC1=O,3.614447902746343
C=CCSCC1(CC)C(=O)NC(=O)NC1=O,3.1912288157830444
CCC(CC)CSCC1(CC)C(=O)NC(=O)NC1=O,3.644055107795094
CCCC(SCC)C1(CC)C(=O)NC(=S)NC1=O,3.954902497225286
CCSC(C(CC)CC)C1(CC)C(=O)NC(=O)NC1=O,3.664821267598797
CCSC(C(C)C)C1(CC)C(=O)NC(=O)NC1=O,3.7917065943318113
CCCCCCSCC1(CC)C(=O)NC(=O)NC1=O,3.8235000088583626
CCC1(CSCC(C)C)C(=O)NC(=O)NC1=O,3.395163359203146
CCC1(C(C)SCCC(C)C)C(=O)NC(=O)NC1=O,3.803755950662605
CCC1(C(C)SCCC(C)C)C(=O)NC(=S)NC1=O,3.773104951035043
CCC1(CSCCC(C)C)C(=O)NC(=O)NC1=O,3.649829435807232
CCC1(CSCCC(C)C)C(=O)NC(=S)NC1=O,3.6747226405344247
CCC(SC(C)C)C1(CC)C(=O)NC(=O)NC1=O,4.435159270817999
C=CC(C)C1(CC)C(=O)NC(=S)NC1=O,3.583834461417853
CCCC(C)SCC1(CC)C(=O)NC(=O)NC1=O,3.5718364106975438
CC=CCC1(C(C)CC)C(=O)NC(=S)NC1=O,3.6811644096225953
CC=CCC1(CC)C(=O)NC(=S)NC1=O,3.630410603459208
CC=CCC1(CC(C)C)C(=O)NC(S)NC1=O,3.3519640460614823
CC=CCC1(CCC(C)C)C(=O)NC(=S)NC1=O,3.246909797014119
CC=CCC1(C(C)C)C(=O)NC(=S)NC1=O,3.8622904324120144
CC=CCC1(C(C)CCC)C(=O)NC(=S)NC1=O,3.738557304930378
CC=CCC1(CCC)C(=O)NC(=S)NC1=O,3.298019001973452
CCCCSCC1(C(C)CC)C(=O)NC(=O)NC1=O,3.8135157879517614
CCCCSCC1(CCCC)C(=O)NC(=O)NC1=O,3.678817214054306
CCSCC1(C(C)CC)C(=O)NC(=O)NC1=O,3.407875324719284
CCSCC1(C(C)CC)C(=O)NC(=S)NC1=O,3.5245876640662663
C=CC(C)C1(CCCC)C(=O)NC(=S)NC1=O,3.649565423550893
CCCCSC(C)C1(CC)C(=O)NC(=O)NC1=O,3.694796581323756
CCCCSCCC1(CC)C(=O)NC(=O)NC1=O,3.5718364106975438
CCCCSC(C)C1(CC)C(=O)NC(=S)NC1=O,3.7041776198727
CCCCSC(C)C1(CCC)C(=O)NC(=O)NC1=O,3.693540470875012
CCCCSCC1(CC)C(=O)NC(=O)N(C)C1=O,3.543064668127519
CCC1(CSC(C)(C)C)C(=O)NC(=O)NC1=O,3.2026816839592955
CCCCSCC1(CC(C)C)C(=O)NC(=O)N(C)C1=O,3.685342934743398
CCCCSCC1(C(C)C)C(=O)NC(=O)NC1=O,3.7108834012172096
CCCCSCC1(CCC)C(=O)NC(=O)N(C)C1=O,3.618119373700694
CCCCSCCCC1(CC)C(=O)NC(=O)NC1=O,3.644055107795094
CCCCSCCCC1(CC)C(=O)NC(=S)NC1=O,3.878615135805017
CCCCCSC(C)C1(CC)C(=O)NC(=O)NC1=O,3.900665963670662
CCCCCSC(C)C1(CC)C(=O)NC(=S)NC1=O,3.827462613357637
CCCCCSCC1(CC)C(=O)NC(=O)NC1=O,3.7108834012172096
CCCCCCC1(C(C)SCC)C(=O)NC(=O)NC1=O,3.824522110466308
CCCCCCC1(C(C)SCC)C(=O)NC(=S)NC1=O,3.736934743224036
CCCCCCC1(CSCC)C(=O)NC(=O)NC1=O,3.8135157879517614
CCCC(C)C1(CSCC)C(=O)NC(=O)NC1=O,3.5900612308037423
CSCC1(CC(C)C)C(=O)NC(=S)NC1=O,3.3742216091572943
CC(C)=CCC1(C(C)C)C(=O)NC(=O)N(C)C1=O,4.702971344295156
C=CC(C)C1(CCCCC)C(=O)NC(=S)NC1=O,3.232853732549658
C=CC(C)C1(CCC)C(=O)NC(=S)NC1=O,3.5174815121694456
CCCCSC(C)C1(CCC)C(=O)NC(=S)NC1=O,3.7172471335700425
CCCC(C)C1(CSCC)C(=O)NC(=S)NC1=O,3.711864448538992
C=CC(C)C1(CCC(C)C)C(=O)NC(=S)NC1=O,3.41591616025372
CCCSCC1(CC)C(=O)NC(=O)NC1=O,3.294530224235161
COC(CNC(=O)c1ccccc1OCC(=O)O)C[Hg]SC(CC(=O)O)C(=O)O,4.041399735336095
CCC1(CC)SCCNC1=O,2.9715792171872613
COc1ccc(C23CN4CN(C2)CC(c2ccc(OC)c(OC)c2)(C4)C3=O)cc1OC,4.326844629686192
COc1ccccc1C12CN3CN(C1)CC(c1ccccc1OC)(C3)C2=O,3.742088060764252
COc1ccc(C23CN4CN(C2)CC(c2ccc(OC)cc2)(C4)C3=O)cc1,4.5616319963061205
COC1(NC(=O)C2SC(=C(C(N)=O)C(=O)O)S2)C(=O)N2C(C(=O)O)=C(CSc3nnnn3C)CSC21,1.9819936784478585
CN(C)C1C(=O)C(C(N)=O)C(=O)C2(O)C(O)=C3C(=O)c4c(O)cccc4C(C)(O)C3C(O)C12,3.613954079358504
CCOP(C)(=O)OCCN(C(C)C)C(C)C,3.185360737715724
COC1C(O)C(N)C(OC2OC(C(C)N)CCC2N)C(O)C1N(C)C(=O)CN,2.7924088261624984
CC(SC(=O)c1cccs1)C(=O)NCC(=O)O,2.7091539887645086
CC(C)(ON=C(C(=O)NC1C(=O)N2C(C(=O)O)=C(C[n+]3ccccc3)CSC12)c1csc(N)n1)C(=O)O,2.437429478344496
C=CC(C)C1(CC(C)C)C(=O)NC(=S)NC1=O,3.6811644096225953
CCCC1(C(C)SCC(C)C)C(=O)NC(=O)NC1=O,3.3925104752110307
C=CCC1(C(C)SCCCC)C(=O)NC(=S)NC1=O,3.875710771538836
CCSCC1(C(C)C)C(=O)NC(=O)NC1=O,3.3626460441326267
CCSCC1(CC)C(=O)NC(=O)NC1=O,3.0379907386222738
CCSCC1(CC(C)C)C(=O)NC(=O)NC1=O,3.351498858148315
CCN(CC)CCOC(=O)c1ccc(NCc2c(CO)cnc(C)c2O)cc1,3.4743059387579494
C[N+]1(C)CCCC(OCCCCCCCCCCCCCCOC2CCC[N+](C)(C)C2)C1,6.27759393542559
OC(Cn1ccnc1)c1ccc(CCc2ccccc2)cc1,4.115702614174304
CCCC(C)c1cccc(C(C)C)c1O,4.0135302776549695
COC(=O)C1=C(C)NC(C)=C(C(=O)OC(C)C)C1c1cccc2nonc12,5.49065246786873
CC(C)(CCn1c(=O)[nH]c2ccccc21)NCC(O)COc1cccc2ccccc12,4.40791399801938
CC1NC(CCCCCCCCCCC2=CCN3CCCC3C2CCCCCCCCCCC2CCC(O)C(C)N2)CCC1O,4.279422038820057
COc1cc2c3cc1Oc1cc(ccc1O)CC1c4c(cc(OC)c(O)c4Oc4ccc(cc4)CC3[N+](C)(C)CC2)CC[N+]1(C)C,6.193665737212826
Cc1[nH]c(=O)c(C#N)cc1-c1ccncc1,3.677360292588967
CCC(=O)N(c1ccccc1)C1CCN(CC(O)c2ccccc2)CC1C,7.700757043706888
CN(C)CCOc1cccc(OC(=O)N(C)C)c1,3.472522422916882
COC(=O)CCc1ccc(OCC(O)CNC(C)C)cc1,3.868319624535197
CC(C)NCC(O)COc1cccc2c1OCC(O[N+](=O)[O-])C2,4.212652290603046
N=C(N)NCCCC(C=O)N1CCCC1C(=O)NC(=O)C(N)Cc1ccccc1,4.002704814382082
O=C(O)c1ccccc1C(=O)N1CCSC1,1.831193089334031
CCN1CCCC1CNC(=O)c1c(OC)ccc(I)c1O,3.907677875594028
CCC(=O)OC(CC=C(C)C)C1=CC(=O)c2c(O)ccc(O)c2C1=O,4.54801186692321
CCC(=O)N(c1ccccc1)C1CCN(CCC2OCCCO2)CC1C,6.65927576835759
CN(C)CC(=O)N1CCC(C=O)(c2ccccc2)CC1,3.739357121550621
CC(C)[N+]1(C)CCC(C=O)(c2ccccc2)CC1,3.993654865874261
CCC[N+]1(C)CCC(C=O)(c2ccccc2)CC1,4.090564878882318
CCC(=O)N(c1ccccc1)C1CCN(CCc2cscn2)CC1C,6.404084873206979
O=CC1(c2ccccc2)CCN(CCNCc2ccccc2)CC1,4.031343820262087
O=c1[nH]nc2n1-c1ccccc1SC2,2.9524307556875624
O=C(CCNCC1COc2ccccc2O1)N1CCOCC1,3.6411368560188713
CNC(=O)CCNCC1COc2ccccc2O1,3.4442148699634085
CCCCN(CCCC)CCOc1ccnc(N)n1,3.76275845586649
CCN(CC)CCOc1ccnc(N)n1,3.0822507853740846
CC(C)CN(CCOc1ccnc(N)n1)CC(C)C,4.22139630489214
CN(C)CCOc1ccnc(N)n1,2.617160048962372
CCCCCOc1cccc(NC(=O)OC2CCCCC2N2CCCC2)c1,5.103658796710643
CNC(Cc1ccccc1)C(=O)N1CCCC1C(=O)NC(C=O)CCCNC(=N)N,4.017582124388682
CC[N+](CC)(CCn1c(=O)n(CC[N+](CC)(CC)Cc2ccccc2)c(=O)n(CC[N+](CC)(CC)Cc2ccccc2)c1=O)Cc1ccccc1,3.803708456948395
O=[As]c1ccc(C(=O)O)cc1,4.879251571445176
CC(C)(N)Cc1ccccc1,3.997785251103105
CCN(CC)CCNC(=O)COc1ccc(Cl)cc1,3.231803689529582
CCN(CC)CCNC(=O)COc1ccc(OC)cc1,3.317394675120275
CN(C)CCC=C1c2ccccc2COc2ccccc21,4.404807291312816
CN1CCC(CN2c3ccccc3Sc3ccccc32)C1,4.241486418180648
COC1CC=C2CCN3CCC4=C(CC(=O)OC4)C23C1,5.040211651588537
CCN1CC2CCC(OC)C34C2CC(C13)C1(O)CC(OC)C2(O)CC4C1C2OC(=O)c1ccccc1,4.997938295354335
CNC(C)C1CCC(N)C(OC2C(N)CC(N)C(OC3OCC(C)(O)C(NC)C3O)C2O)O1,3.770582027214509
CC[N+](C)(CC)CCOC(=O)C(O)(c1ccccc1)C1CCCCC1,4.065090250901861
CCCOC(=O)Cc1ccc(OCC(=O)N(CC)CC)c(OC)c1,3.653104409250727
COc1ccc2c3c1OC1C(O)C=CC4C(C2)N(C)CCC341,3.7974314174740105
CN1CC(C(=O)N2CCCC2)C=C2c3cccc4[nH]cc(c34)CC21,5.905018310092588
CC(C)C(=O)NCC1CC2c3cccc4c3c(cn4C)CC2N(C)C1,4.655756767975791
CCOC(=O)NCC1CC2c3cccc4[nH]cc(c34)CC2N(C)C1,4.913055824021439
CC1=CC2OC3CC4OC(=O)C=CC=CC(=O)OCCC(C)C(O)C(=O)OCC2(CC1)C4(C)C31CO1,5.968794159231461
Cc1ccc(Nc2ccc(O)c3c2C(=O)c2c(O)ccc(Nc4ccc(C)cc4S(=O)(=O)O)c2C3=O)c(S(=O)(=O)O)c1,4.671829095062424
CC(C)(C#N)C(C)(C)C#N,3.833140734560794
CCCCOc1c(N)cccc1C(=O)OCCN(CC)CC,4.258696427695293
CCC1(C(C)C=C(C)C)C(=O)NC(=O)NC1=O,4.076070353932709
CCCCC(CC)CO[PH](=O)OCC(CC)CCCC,3.486327029349586
c1ccc(C2(c3ccccc3)OCC(C3CCCCN3)O2)cc1,4.012210312704119
CN(C)CCOC(=O)COc1ccc(Cl)cc1,3.235051808166862
Cc1c(-c2ccccc2)oc2c(C(=O)OCCN3CCCCC3)cccc2c1=O,4.194755148981297
CN(C)c1ccc(N=Nc2ccc3nc4ccc(N)cc4[n+](-c4ccccc4)c3c2)cc1,4.9405993118165
CC1(C)SC2C(NC(=O)C(C(=O)O)c3ccsc3)C(=O)N2C1C(=O)O,1.681732933146362
CC1(C)SC2C(NC(=O)C(C(=O)O)c3ccccc3)C(=O)N2C1C(=O)O,1.9758980226233385
OCC1(O)OCC(O)C(O)C1O,1.1301674649461646
CC1CC=CC=CC=CC=CC(OC2OC(C)C(O)C(N)C2O)CC2OC(O)(CC(O)CC3OC3C=CC(=O)O1)CC(O)C2C(=O)O,4.522270089547701
c1ccc2c(c1)OCC(CN1CCN(CC3COc4ccccc4O3)CC1)O2,3.949117565118761
Cc1cccc(C)c1NC(=O)C1CN2CCC1CC2,4.482814754907546
CCCN(CCC)S(=O)(=O)c1ccc(C(=O)O)cc1,2.972527122244202
CCN(CC)CCON=c1c2ccccc2ccc2ccccc12,4.426560055756166
COc1cc(=O)oc(C=CC=CC=CC(C)=CC2(C)OC(C)C(C)(O)C2O)c1C,4.90578185323882
CC(C)CC1C(=O)N2CCCC2C2(O)OC(NC(=O)C3C=C4c5cccc6[nH]c(Br)c(c56)CC4N(C)C3)(C(C)C)C(=O)N12,4.736798735607143
Cc1nnc(SCC2=C(C(=O)O)N3C(=O)C(NC(=O)Cn4cnnn4)C3SC2)s1,2.2596120338313512
O=CC(O)C1OC(=O)C(O)C1O,2.2726906866797307
CC(CN1c2ccccc2Sc2ccccc21)[N+](C)(C)C,4.698191920620546
CC(CCc1ccccc1)NCC(O)c1ccc(O)c(C(N)=O)c1,3.9036351609072297
CN/C(=N\C#N)NCCSCc1[nH]cnc1C,3.187154297989749
CN(CCO)CCCl,4.05946874880402
CCCCCc1cc[n+](C(c2ccccc2)c2ccccc2)cc1,4.500329802422809
C=CS(=O)(=O)CCN(CCCl)CCCl,5.008743744050173
CC[N+](C)(C)CCOC(=O)CCC(=O)OCC[N+](C)(C)CC,5.326960904237329
CC[N+](CC)(CCCCCC[N+](CC)(CC)C1c2ccccc2-c2ccccc21)C1c2ccccc2-c2ccccc21,6.705905678584833
CCC(C)C1C(=O)N2CCCC2C2(O)OC(CC)(NC(=O)C3C=C4c5cccc6[nH]cc(c56)CC4N(C)C3)C(=O)N12,3.795248770199824
COCCOC(=O)C1=C(C)NC(C)=C(C(=O)OC(C)C)C1c1cccc([N+](=O)[O-])c1,5.22369941204391
COc1ccc2[nH]c(C)c(CCN(C)C)c2c1,4.023677003664281
CCOP(=O)(C=Cc1ccccc1)Oc1ccc([N+](=O)[O-])cc1,5.432904141164272
O=CC1(c2ccccc2)CCN(CCO)CC1,3.589783964735364
N#CCCCN1CCC(C=O)(c2ccccc2)CC1,3.931710372906848
CCN(CC)CCC(=O)N1CCC(C=O)(c2ccccc2)CC1,4.199268242316043
O=CC1(c2ccccc2)CCN(CCN2CCOCC2)CC1,3.4806076369218464
O=CC1(c2ccccc2)CCN(CCN2CCCCC2)CC1,4.000645171670894
CCC(=O)N(c1ccccc1)C1CCN(CCC=C(C)C)CC1C,6.592256087833917
C=CCCN1CCC(N(C(=O)CC)c2ccccc2)C(C)C1,5.574676439398613
CCC(=O)N(c1ccccc1)C1CCN(CCC(C)=C(C)C)CC1C,6.756543560448727
CCC(=O)N(c1ccccc1)C1CCN(CCC=C(C)Cl)CC1C,6.940663383104473
CCC(=O)N(c1ccccc1)C1CCN(CCC(C)=C(C)Cl)CC1C,6.860870813520347
CCC(=O)N(c1ccccc1)C1CCN(CCC2=CCCCC2)CC1C,6.6984044417333255
CCC(=O)N(c1ccccc1)C1CCN(CCN(C)c2ccccc2)CC1C,7.181326698613242
CCC(=O)N(c1ccccc1)C1CCN(CC(O)c2[nH]ccc2C)CC1C,6.167951299335694
CCC(=O)N(c1ccccc1)C1CCN(CCc2cscn2)CC1C(=O)OC,6.003837089918671
CCC(=O)N(c1ccccc1)C1CCN(CCC2OCCCO2)CC1C(=O)OC,5.973457585906576
CCC(=O)N(c1ccccc1)C1CCN(CC(O)c2[nH]ccc2C)CC1C(=O)OC,5.216820697197207
CCC(=O)N(c1ccccc1)C1CCN(CCC2=CCCCC2)CC1C(=O)OC,7.697389557402758
C=CCCN1CCC(N(C(=O)CC)c2ccccc2)C(C(=O)OC)C1,5.236102497551487
CCC(=O)N(c1ccccc1)C1CCN(CCC=C(C)C)CC1C(=O)OC,7.8721667656425725
CCC(=O)N(c1ccccc1)C1CCN(CCC(C)=C(C)C)CC1C(=O)OC,7.286159952456499
CCC(=O)N(c1ccccc1)C1CCN(CCC=C(C)Cl)CC1C(=O)OC,6.992251881077957
CCC(=O)N(c1ccccc1)C1CCN(CCC(C)=C(C)Cl)CC1C(=O)OC,7.007485330243191
CCC(=O)N(c1ccccc1)C1CCN(CCN(C)c2ccccc2)CC1C(=O)OC,6.3258818679276825
