curated_smiles,rat_skin_LD50
Clc1ccc(C(c2ccc(Cl)cc2)C(Cl)(Cl)Cl)cc1,2.2638229397877745
O=C(O)c1c(Cl)ccc(Cl)c1Cl,2.353065650129232
CCCCOCCOCCOCc1cc2c(cc1CCC)OCO2,1.629119690589367
CN(CCCl)CCCl,4.114099224914622
C1CN1P1(N2CC2)=NP(N2CC2)(N2CC2)=NP(N2CC2)(N2CC2)=N1,2.9859975975892423
O=[N+]([O-])C(Br)(CO)CO,2.0968839545573807
COP(=O)(OC)C(O)C(Cl)(Cl)Cl,2.1096409701407044
COP(=S)(OC)Oc1ccc(S(=O)(=O)N(C)C)cc1,2.9102881500273474
COP(=S)(OC)Oc1ccc(SC)c(C)c1,2.9260538814440253
O=[N+]([O-])OCC(CO[N+](=O)[O-])O[N+](=O)[O-],3.890805596587356
ClC(Cl)(Cl)Cl,1.482013317785349
CCCC[Sn](CCCC)(CCCC)O[Sn](CCCC)(CCCC)CCCC,3.2982102524493846
CCOP(=S)(OCC)Oc1ccc([N+](=O)[O-])cc1,4.631779387849662
CCOP(=S)(OCC)Oc1ccc2c(C)c(Cl)c(=O)oc2c1,2.6251341109279323
CN(C)N,1.8923837468302571
CC1CN1P(=O)(N1CC1C)N1CC1C,3.070465840435861
Oc1c(Cl)cc(Cl)c(Cl)c1Cl,2.67954590047446
CNN,2.4009954021190976
CNC(=O)CSP(=S)(OC)OC,2.8125592656421
Nc1nnc[nH]1,0.9247030334035522
COP(=O)(OC)OC=C(Cl)Cl,5.469283844530673
O=C(O)CF,3.2110871532525045
CNC(=O)Oc1cccc2ccccc12,1.7016219447356764
CNC(=O)Oc1cccc(C(C)C)c1,3.233032069736146
CS(C)=O,0.2907911833827593
O=C(O)c1ccccc1O,1.839232862622436
Oc1c(Cl)cc(Cl)c(Cl)c1Cc1c(O)c(Cl)cc(Cl)c1Cl,2.50689952892874
COc1ccc(C(c2ccc(OC)cc2)C(Cl)(Cl)Cl)cc1,1.760489080190491
IC(I)I,2.5218479074729814
OCC(F)(F)F,1.7748600601025688
CC(C)(C)OO,2.057203729792042
CC(C)(C)C(=O)O,1.730412487875573
ClC1=C(Cl)C2(Cl)C3C(Cl)C=CC3C1(Cl)C2(Cl)Cl,3.496535459092577
CCOP(=O)(C#N)N(C)C,3.954588198909403
CCOP(=S)(OCC)SC1OCCOC1SP(=S)(OCC)OCC,3.860147797663144
CCCCSP(=O)(SCCCC)SCCCC,3.272341746893068
COP(=S)(OC)SCc1nc(N)nc(N)n1,2.148144368127591
CC1=CC(=O)CC(C)(C)C1,1.997524666718247
C=CC(C)(O)CCC=C(C)C,1.4392707579371309
CCC(C)O,1.5689229926552932
O=C(Cl)CCl,2.2320013298752905
C=CC(N)=O,2.249681317823072
O=C(O)CBr,3.142852299978342
BrC(Br)C(Br)Br,1.8184822836128016
C=C(C)C(N)=O,1.1518089286790354
CC(C)(c1ccc(O)cc1)c1ccc(O)cc1,2.358488790476734
CC(O)(c1ccc(Cl)cc1)c1ccc(Cl)cc1,1.4267633067318728
CC(C)(OO)c1ccccc1,2.4834246735171623
O=S(=O)(Oc1ccc(Cl)cc1)c1ccc(Cl)cc1,1.4816804936606878
O=S(=O)(Oc1ccc(Cl)cc1)c1ccccc1,2.1282716113264954
CC(=O)CC(c1ccccc1)c1c(O)c2ccccc2oc1=O,2.3428919728333306
O=C1c2ccccc2-c2ccc(Br)c3cccc1c23,2.1891561124655583
O=C1C(=C(O)C(c2ccccc2)c2ccccc2)C(=O)c2ccccc21,3.2309314864554803
C=C(C)C1Cc2c(ccc3c2OC2COc4cc(OC)c(OC)cc4C2C3=O)O1,2.62283437843479
O=C1c2ccccc2C(=O)c2ccccc21,2.3185140990684783
CCCCOC(=O)c1ccccc1C(=O)OCc1ccccc1,1.6685875632265237
COP(=S)(OC)SCn1nnc2ccccc2c1=O,3.557031196744078
ClCc1cccc2ccccc12,1.5481338033131589
O=[N+]([O-])OC1COC2C(O[N+](=O)[O-])COC12,1.8960409475623896
Oc1c(Cl)c(Cl)c(Cl)c(Cl)c1Cl,3.443161901153608
CC(C)(C)c1ccccc1O,2.3285415316994973
CCc1cc2c(cc1C(C)=O)C(C)(C)CCC2(C)C,2.645888065660341
CCC(C)c1cc([N+](=O)[O-])cc([N+](=O)[O-])c1O,3.4775101360326075
O=Cc1ccccc1O,2.3086462139904635
CN(C)Cc1cc(CN(C)C)c(O)c(CN(C)C)c1,2.3166925852545632
c1ccc2ccccc2c1,1.7098599291339736
C=CCN(CC=C)C(=O)CCl,2.6833547796946453
O=C(O)COc1cc(Cl)c(Cl)cc1Cl,2.221255327282607
c1ccc2n[nH]nc2c1,2.076010204993056
Cc1ccccc1O,2.2415946757413514
Nc1ccccc1N,1.3350324247633991
OCC(O)CCl,2.01944447293833
CCOP(=S)(OCC)Oc1ccc(Cl)cc1Cl,2.9482999827180043
OCc1ccco1,1.409041994926687
CC(C)(C)c1ccc(C(=O)O)cc1,2.7738619890779352
CN(C)C1CCCCC1,2.536391216558696
O=[N+]([O-])c1ccccc1,1.7680775642564608
COC(=O)c1ccc(O)c([N+](=O)[O-])c1,1.99375797420303
Cc1ccc([N+](=O)[O-])cc1,0.9330378288341032
O=[N+]([O-])c1ccc(Cl)cc1,0.993314963840287
O=[N+]([O-])c1ccc(O)cc1,2.133058393975655
COc1ccc([N+](=O)[O-])cc1,0.9809601522254924
CCOc1ccc([N+](=O)[O-])cc1,1.0190227719976648
N#Cc1ccccc1,1.9341785041495072
Clc1nc(Cl)nc(Nc2ccccc2Cl)n1,1.7411925829670092
O=C(Nc1cccc(Cl)c1)OCC#CCCl,2.207674752474796
CCNc1ccccc1,1.4113438417293198
CC(C=O)Cc1ccc(C(C)C)cc1,1.5804368325773337
CCCCC(CC)CO,1.637593120652602
Cc1ccc(C=O)cc1,1.6817873810552686
COc1ccc(N)cc1,1.5853020702411589
CCOC(=O)CCl,2.88149098335641
O=C1CCCCCN1,1.752662943120972
Cc1ccc(O)c(C)c1,2.06992056993521
Cc1ccc(O)cc1,2.1589251018479056
Clc1ccc(Cl)cc1,1.389177901740675
Nc1ccc(Cl)cc1,1.6006121944422778
Oc1ccc(Cl)cc1,1.9330078483545523
BrCCBr,2.796717686853452
OCCCl,2.4390037829218536
C=CC#N,2.5545382688953624
O=CC=O,1.4626674763685714
CC[Hg]Cl,3.122387923136377
COC=O,1.176467484599134
CC(C)OP(C)(=O)F,4.74847952688004
CCOP(=O)(OCC)OP(=O)(OCC)OCC,5.082469704192166
CC(C)(C)OC(=O)CCl,2.0273899809719507
Cc1cccc(O)c1,1.9925936800813808
Nc1cccc(Cl)c1,2.7078221640901456
CC(CCl)OC(C)CCl,1.9321362435664384
CC1OC(C)OC(C)OC(C)O1,1.8890540794525152
Sc1ccccc1,2.564985454981382
CN1CCOCC1,1.7448902055317466
N#CCC#N,2.275890247285812
CCOCCO,1.363766214055984
CC(=O)CCC=C(C)C,1.8000259179113085
O=CCCCC=O,1.6025678188505847
NCCNCCO,1.6654892656748652
CCCCCCCCC(=O)O,1.8982890231107965
CCCCOCCOCCSC#N,2.9102123232814803
CCCCCCCCC=CCCCCCCCC(=O)O,2.149939259285844
CCCCC(CC)CN1C(=O)C2C3C=CC(C3)C2C1=O,2.767853462130725
CNC(=O)Oc1ccccc1OC(C)C,2.4175651021423934
CN(C)P(=O)(F)N(C)C,4.886843093939806
O=S1OCC2C(CO1)C1(Cl)C(Cl)=C(Cl)C2(Cl)C1(Cl)Cl,4.0780397241287645
OC(c1ccc(Cl)cc1)(c1ccc(Cl)cc1)C(Cl)(Cl)Cl,3.5687764903087897
CCOP(=S)(OCC)Oc1ccc(S(C)=O)cc1,5.011938190677951
CCNC(=O)CSP(=S)(OC)OC,2.0850942627363303
CNC(=O)ON=CC(C)(C)SC,4.881425744449368
O=C(NC(O)C(Cl)(Cl)Cl)NC(O)C(Cl)(Cl)Cl,1.851052774796451
CC(C)(C)c1cc(Cc2cc(C(C)(C)C)c(O)c(C(C)(C)C)c2)cc(C(C)(C)C)c1O,2.327020563842549
CCOP(=S)(OCC)Oc1ccc(=O)n(-c2ccccc2)n1,2.2096949758464306
Cc1cc(OC(=O)N(C)C)n(C(C)C)n1,4.576639526998765
CC(Oc1ccc(Cl)cc1Cl)C(=O)O,1.9330808969183864
O=Cc1ccc2c(c1)OCO2,4.477506158544792
Clc1ccc(Cl)c(Cl)c1,1.4706569456832623
CCOC(=O)CC(SP(=S)(OC)OC)C(=O)OCC,1.87121866557935
COP(=S)(OC)Oc1ccc([N+](=O)[O-])c(C)c1,2.4419850356467983
CCNc1nc(Cl)nc(NCC)n1,1.6056519121093122
CC(C)OC(=O)Nc1ccccc1,1.55441404539713
O=C(C=Cc1ccccc1)OCC=Cc1ccccc1,1.7231665935075955
OCCOc1ccccc1,0.9813756934265032
NC(=O)N=NC(N)=O,2.3657873950936605
CCCC(=O)OC(C(Cl)(Cl)Cl)P(=O)(OC)OC,1.6701503932469668
O=S1(=O)CCCC1,1.5000233064227626
C=C(C)C#N,1.508600930176564
CC(=O)N(C)C,1.6390978409987271
CC(Cl)(Cl)C(=O)O,1.456271875167923
CCCCN(CCCC)S(=O)(=O)c1ccc(Cl)cc1,1.5095385335524314
COC(=O)c1ccccc1C(=O)OC,1.606976678505785
O=C1C2CC=CCC2C(=O)N1SC(Cl)(Cl)Cl,1.779010303275824
O=S(=O)(O)c1cc(Nc2nc(Nc3ccccc3)nc(Nc3ccccc3)n2)ccc1C=Cc1ccc(Nc2nc(Nc3ccccc3)nc(Nc3ccccc3)n2)cc1S(=O)(=O)O,2.473722422787068
Nc1cc(Cl)cc(C(=O)O)c1Cl,1.9715035658534696
CCN(CC)C(=O)c1cccc(C)c1,1.5826859357700231
CCCOC(=O)c1ccc(C(=O)OCCC)nc1,1.427033526434761
CCN(CC)CCOc1ccc2nc(N(C)C)sc2c1,2.443849475707047
CNC(=S)S,2.2267498233017644
CC(C)Nc1nc(Cl)nc(NC(C)C)n1,1.8698276609799684
N#CCc1ccccc1,1.7677160044190496
CCOC(=O)C=CC(=O)OCC,1.5370126991458202
COP(=O)(OC)OC(C)=CC(=O)N(C)C,3.751850746678616
O=C(O)CC(=O)O,3.256112181884924
CCCCCCCCCOC(C)=O,1.5712311946206128
O=C1C2(Cl)C3(Cl)C4(Cl)C(Cl)(Cl)C5(Cl)C3(Cl)C1(Cl)C5(Cl)C24Cl,2.3897320708554104
COP(=S)(OC)SCC(=O)N1CCOCC1,3.0035564346122485
CCN(CC)C(=S)S,2.1740132632905134
COc1cccc(O)c1,2.260123867953789
CCCCSP(SCCCC)SCCCC,2.6861026816272453
CN(C)C(=O)Nc1ccc(Cl)cc1,1.900155119358195
CN(C)P(=O)(OP(=O)(N(C)C)N(C)C)N(C)C,4.280658787826301
ClC1=C(Cl)C2(Cl)C3C(Cl)OC(Cl)C3C1(Cl)C2(Cl)Cl,4.91566782249664
CCOP(=S)(OCC)Oc1cnccn1,4.491788773505257
COP(=S)(OC)Oc1ccc([N+](=O)[O-])cc1,3.594229232467061
CCOP(=S)(OCC)SCSCC,5.017677621430734
CCOP(=S)(OCC)SCCSCC,4.660253431339592
COP(=S)(OC)Oc1cc(Cl)c(Cl)cc1Cl,2.2062171676245543
COP(S)(=NC(C)C)Oc1ccc(Cl)cc1Cl,2.27186095969182
COP(=O)(OC)OC(Br)C(Cl)(Cl)Br,2.677588704669821
CCS(=O)CCSP(=O)(OC)OC,3.391446778737255
OC(O)C(Cl)(Cl)Cl,1.7371007538099306
FC(F)(F)C(Cl)Cl,1.8834626928644416
CCC(C)n1c(=O)[nH]c(C)c(Br)c1=O,2.018898465199701
CNC(=O)Oc1cc(C)c(N(C)C)c(C)c1,2.170824759313799
CCOP(=S)(CC)Oc1cc(Cl)c(Cl)cc1Cl,3.717051275318484
CNCC(O)c1ccc(O)c(O)c1,3.4705503737380266
CN(C)C(=O)Nc1ccc(Cl)c(Cl)c1,1.6685685429181911
CON(C)C(=O)Nc1ccc(Cl)c(Cl)c1,1.998428488469883
CNC(=O)Oc1cc(C(C)C)cc(C(C)C)c1,1.991460516651424
CCOP(=S)(OCC)Oc1cc(C)nc(C(C)C)n1,3.2281036548911257
O=C(CF)Nc1ccc(Br)cc1,4.520487275835904
FC(F)(Cl)C(Cl)Cl,1.9278449528002208
Nc1ccc(F)cc1F,2.2835872443024536
F[As](F)c1ccccc1,4.102717196683053
N#CN,2.699393751677689
FC(F)(F)C(F)(F)C(Cl)Cl,2.0063312402844957
ClC1=C(Cl)C2(Cl)C3C4C=CC(C4)C3C1(Cl)C2(Cl)Cl,3.7807971963464095
O=C(O)C1(O)c2ccccc2-c2ccccc21,1.3545521152069584
CCOP(=O)(OCC)OC(=CCl)c1ccc(Cl)cc1Cl,4.134183146649519
CCC(C)c1cc([N+](=O)[O-])cc([N+](=O)[O-])c1OC(=O)C=C(C)C,2.650950715725458
Cc1c(O)cc([N+](=O)[O-])cc1[N+](=O)[O-],3.995929011653368
COP(=S)(OC)Oc1ccc([N+](=O)[O-])c(Cl)c1,2.297623382210147
ClCCSCCCl,4.502648308007575
FC(Cl)C(F)(F)C(F)(F)Cl,2.0063312402844957
CCOC(=O)C(O)(c1ccc(Cl)cc1)c1ccc(Cl)cc1,1.813168513199712
CCOP(=O)(OCC)SCC[N+](C)(C)C,3.408796048951729
COC1(C)CC(c2ccccc2)c2c(c3ccccc3oc2=O)O1,4.186121852366196
COc1cc(C2c3cc4c(cc3C(O)C3COC(=O)C23)OCO4)cc(OC)c1OC,2.918460222353908
CN1CSC(=S)N(C)C1,1.8561645884244669
Cc1cc(N(C)C)nc(Cl)n1,2.234595732889203
CCN(CCCl)CCCl,4.000211986148755
ClC=C[As](Cl)Cl,4.140547846304126
ClC=CCCl,2.155907797131748
C1=CC=CCC=C1,2.31903065196159
O=P(N1CC1)(N1CC1)N1CC1,3.298918292194062
O=Cc1ccc([N+](=O)[O-])cc1,0.9752048360868952
ClCCN(CCCl)CCCl,5.009722775912059
CN=C=S,1.4199913868076983
C[Si]1(C)O[Si](C)(C)O[Si](C)(C)O[Si](C)(C)O1,2.224227164203795
CC1(C)CO1,1.255917435857584
CCOP(=S)(OCC)SCSP(=S)(OCC)OCC,3.792489970832408
CC(=O)O,1.7962562428875275
CC(C)C(Br)C(=O)O,2.108529039733849
CC(C)C(=O)C(C)C,0.8502554288959857
CCOP(=S)(OCC)Oc1ccc2c3c(c(=O)oc2c1)CCCC3,3.265279015931183
Cc1cccc(C)c1O,1.7205309520080172
O=C(O)O,2.724373909215289
CC=CCl,0.582779017765722
CCOP(=O)(Oc1ccc([N+](=O)[O-])cc1)SCC,3.5892270371641986
ClC1C(Cl)C(Cl)C(Cl)C(Cl)C1Cl,2.7342277926450755
Clc1cc(Cl)c(Cl)c(Cl)c1Cl,2.0005885044015908
NC(=O)c1ccccc1Cl,1.492994928491204
CN=C=O,1.3122260776168602
N#Cc1cccc(C#N)c1,1.4086943795316282
CC(C)=NN=C(C)C,2.235652354035893
O=[N+]([O-])OCCO[N+](=O)[O-],1.6022371016426429
CN(c1ccc(Cl)cc1)S(=O)(=O)c1ccc(Cl)cc1,2.4207929806956625
S=c1[nH]c(=S)[nH]c(=S)[nH]1,1.94762729761164
CCSCCSP(=S)(OC)OC,3.138715401589796
NC(=O)CF,2.9837277459456715
Cc1cc(OC(=O)N(C)C)nn1C(=O)N(C)C,2.6025356451266437
C1COCO1,0.6936038520721224
O=C(O)C(Cl)(Cl)Cl,1.9121875029653048
CNC(=O)Oc1cc(C)c(C)cc1Cl,2.2505501085057635
CCCCCCCCCCCC[N+](C)(C)CC(=O)O,2.321348242008066
NC(=O)CBr,1.6400786947900856
CCCCCCCCCCCCCCCC[N+](C)(C)CC(=O)O,1.3124960289994505
Br[As](Br)c1ccccc1,4.317834991947376
Cl[As](Cl)c1ccccc1,4.144056325780949
CCC(=O)Nc1ccc(Cl)c(Cl)c1,1.639651808450637
Oc1cccc(Oc2ccccc2)c1,1.8306703062747969
Cc1ccc(N(SC(F)(Cl)Cl)S(=O)(=O)N(C)C)cc1,2.841689759073445
COP(=S)(OC)SCN1C(=O)c2ccccc2C1=O,2.3789648704677973
CC(C)OP(=S)(OC(C)C)SCCNS(=O)(=O)c1ccccc1,2.0027662581280907
CCCN(CCC)C(=O)SCC,1.772055693260839
C=COCCOCCOCCOC=C,2.0048585346203285
CCOP(=S)(OCC)SCSc1ccc(Cl)cc1,4.103772056453598
CSP(SC)SC,2.22339763838539
CCC12COP(OC1)OC2,2.2418342750984945
CCNc1nc(NC(C)C)nc(SC)n1,1.8795488699103728
COCCCNc1nc(NC(C)C)nc(SC)n1,3.257502581965785
CCNc1nc(NC(C)(C)C)nc(SC)n1,2.0816424988990927
CC(=O)O[Sn](c1ccccc1)(c1ccccc1)c1ccccc1,2.9585883019782826
COCCNC(=O)CSP(=S)(OC)OC,2.232545073509172
CCSCCSP(=O)(OC)OC,3.4328580399237847
Oc1c(Cl)c(Cl)cc(Cl)c1Cl,2.896940308664566
CCOP(=S)(CC)Sc1ccccc1,3.224212313343424
COc1nn(CSP(=S)(OC)OC)c(=O)s1,4.082554163620989
COP(=S)(OC)SCSc1ccc(Cl)cc1,3.219310093127889
CN(C)C(=O)C(c1ccccc1)c1ccccc1,1.5782582864684642
C[N+](C)(C)CCCl,1.486497778657244
CCC12COP(=O)(OC1)OC2,3.5517524348652625
CNc1nc(NC(C)C)nc(SC)n1,2.3290112157073684
CCNc1nc(NCC)nc(SC)n1,1.837649521873096
CN(C)P(=O)(N(C)C)n1nc(-c2ccccc2)nc1N,3.787547549035204
CNC(=O)Oc1cccc2sccc12,2.0154729255181065
CN(C)S(=O)(=O)N(SC(F)(Cl)Cl)c1ccccc1,2.522753216035217
CNC(=O)CSP(=O)(OC)OC,2.48367897507821
CCCS(=O)(=O)C=CS(=O)(=O)CCC,2.681866894367535
CCCCN(CC)C(=O)SCCC,2.0072163167708177
O=[N+]([O-])c1ccc(/C=N/O)cc1,1.3692054011753998
CNC(=O)Oc1cccc(C)c1,2.265681001603214
CCSC(=O)N(CC)C1CCCCC1,1.9409999262308304
CCOP(=O)(OCC)OP(=O)(N(C)C)N(C)C,4.760755616319121
CCOP(=O)(OCC)ON1C(=O)c2cccc3cccc(c23)C1=O,3.397044439285819
CCOP(=S)(Cl)Cl,2.7265331629655702
CNC(=O)Oc1cccc2c1OC(C)(C)C2,3.265713810640021
CC1(C)CC2(CC(C)(C)c3ccc(O)cc32)c2cc(O)ccc21,2.188113945289588
CCCN(CCC)c1c([N+](=O)[O-])cc(C(F)(F)F)cc1[N+](=O)[O-],1.8264402341196104
CC1CN(C2CCCCCCCCCCC2)CC(C)O1,2.148423718233172
COc1nc(NC(C)C)nc(NC(C)C)n1,1.9548134724732364
CNC(=O)ON=CC(C)(C)S(C)(=O)=O,2.3468730338114305
N#Cc1cc(I)c(O)c(I)c1,3.43840512310746
N#Cc1cc(Br)c(O)c(Br)c1,5.141316485689351
CCCCCCCC(=O)Oc1c(Br)cc(C#N)cc1Br,2.304397885637582
Nc1cnn(-c2ccccc2)c(=O)c1Cl,1.646691853147911
CC(F)(Cl)Cl,1.7669702304811905
CCOP(=S)(Oc1cccc2cccnc12)c1ccccc1,3.818702168252581
O=[N+]([O-])c1ccc(Oc2ccc(Cl)cc2Cl)cc1,1.7544981720408377
O=[N+]([O-])c1ccc(Oc2c(Cl)cc(Cl)cc2Cl)cc1,1.5031680658777185
N#Cc1c(Cl)c(Cl)c(Cl)c(C#N)c1Cl,2.026801194258209
CCNc1nc(Cl)nc(NC(C)C)n1,1.23691597039419
CCNc1nc(Cl)nc(N(CC)CC)n1,2.361189354814241
COc1c(Cl)ccc(Cl)c1C(=O)O,2.344468907126224
CNC(=O)Oc1c(C(C)(C)C)cc(C)cc1C(C)(C)C,1.4323951158795856
NC(=S)c1c(Cl)cccc1Cl,2.314071670125024
CNC(=O)Nc1nc2ccccc2s1,2.617541298644076
CC(=O)Nc1ccc(N=NN(C)C)cc1,1.71233186021868
O=c1c(Cl)c[nH]c(Cl)c1Cl,1.9965904684397544
CN(C)C(=O)Nc1ccc(Oc2ccc(Cl)cc2)cc1,1.9863984686808231
CC1CCCCC1NC(=O)Nc1ccccc1,1.6257369949922431
CNC(=O)Oc1ccc(N(C)C)c(C)c1,2.8792752555673418
CNC(=O)Oc1cc(C)c(SC)c(C)c1,2.8087182058084705
CN(CCC(N)CC(=O)NC1C=CC(n2ccc(N)nc2=O)OC1C(=O)O)C(=N)N,2.134409508443505
CCOC(=O)CSP(=O)(OC)OC,3.015904377895553
CCOP(=S)(Oc1ccc([N+](=O)[O-])cc1)c1ccccc1,4.111679128904735
COP(=S)(OC)Oc1cc(Cl)c(Br)cc1Cl,1.864511081058392
C=C(C)C(=O)Nc1ccc(Cl)c(Cl)c1,2.111485291714528
CN(C)C(=O)Nc1cccc(C(F)(F)F)c1,2.0648415713709185
CCSC(=O)N1CCCCCC1,2.2054854706179534
ClC1=C(Cl)C(Cl)(C2(Cl)C(Cl)=C(Cl)C(Cl)=C2Cl)C(Cl)=C1Cl,1.9773943309933784
NNC(=S)NN,2.326966359170217
C(OCC1CO1)C1CO1,2.114420813681292
CCOP(=S)(OCC)SCSc1cc(Cl)ccc1Cl,2.7624622300347643
CCOP(=S)(OCC)SCC(=O)NC(C)C,3.455409837104152
CC(=O)Oc1c(C(C)(C)C)cc([N+](=O)[O-])c(C)c1[N+](=O)[O-],2.3577575178457497
CCOP(=S)(OCC)SCCS(=O)CC,3.499226730364696
COC(=O)C1(O)c2ccccc2-c2ccc(Cl)cc21,1.4388634023267552
COP(=S)(OC)SCC(=O)N(C)C=O,2.862619505360841
ClCC1C(CCl)C2(Cl)C(Cl)=C(Cl)C1(Cl)C2(Cl)Cl,2.5996331171517286
COP(=O)(OC)SCCSC,3.5024753186950863
COP(=N)(S)Oc1cc(Cl)c(Cl)cc1Cl,2.486484319530977
CCNP(=S)(OC)Oc1cc(Cl)c(Cl)cc1Cl,2.126575544220356
CCOC(=O)N(C)C(=O)CSP(=S)(OCC)OCC,2.93791362859538
C=Cc1ccc(OC(C)=O)cc1,1.9089887227279616
CNC(=O)Oc1cc(C)cc(C(C)C)c1,2.6633302195066166
CNC(=O)Oc1ccccc1C(C)C,2.587140508883546
CCOP(=S)(OC)Oc1cc(Cl)c(Cl)cc1Cl,2.3859118066365954
COP(=S)(OC)Oc1ccc(C#N)cc1,2.4829164395022705
CCOP(=S)(OCC)SCn1nnc2ccccc2c1=O,3.14036472106788
CNC(=O)Oc1cc(C)cc(C)c1,1.55441404539713
CNC(=O)Oc1cc(C)cc(C)c1C,1.9850805175555848
CNC(=O)Oc1cc(C(C)(C)C)cc(C(C)(C)C)c1,3.420584442255304
CCS(=O)CC(C)SP(=O)(OC)OC,2.5016886782499657
CNC(=O)Oc1cc(C)c(C)c(C)c1,1.9850805175555848
O=[N+]([O-])N1CN([N+](=O)[O-])CN([N+](=O)[O-])CN([N+](=O)[O-])C1,1.7725505313594825
CS(=O)(=O)C(Cl)=CCl,2.544157375741353
O=C(O)COc1ccc(Cl)cc1Cl,2.1683776480705426
c1cc[n+]2c(c1)-c1cccc[n+]1CC2,2.6289007430201417
COc1coc(CSP(=O)(OC)OC)cc1=O,3.333583672544965
COP(=S)(OC)SCc1ccc(SP(=S)(OC)OC)cc1,1.9079238267863712
NC1=C(Cl)C(=O)c2ccccc2C1=O,1.6182908151869868
CN1CCCC1c1cccnc1,3.0640191943853656
CCCCCC[Sn](CCCCCC)(CCCCCC)CC(=O)O,2.937783602951748
O=S(=O)(Cl)c1ccccc1Cl,1.4361326071952671
c1cc2c(c(OCCN3CCCCC3)c1)OCCO2,1.9291501898327617
CCOP(=S)(OCC)Oc1nc(Cl)c(Cl)cc1Cl,3.239449393707313
CC(C)(N=NC(C)(C)C(=N)N)C(=N)N,1.526413756537722
CCO[Si](C)(CCCCN)OCC,3.6593329480212047
CON(C)C(=O)Nc1ccc(Br)cc1,1.936351186733561
COC(=O)NS(=O)(=O)c1ccc(N)cc1,1.3621902078331114
N#CC1SC2=C(SC1C#N)C(=O)c1ccccc1C2=O,2.1736931351976336
COP(=S)(OC)Oc1ccc(Sc2ccc(OP(=S)(OC)OC)cc2)cc1,2.5321115302521493
CC(C)OC(=O)c1cncc(C(=O)OC(C)C)c1,1.427033526434761
Clc1cc(Cl)nc(-c2ccccc2)n1,2.051303051777531
CCC(C)c1ccccc1OC(=O)NC,1.6175727289459414
COP1(=S)OCc2ccccc2O1,2.732791680745474
O=C(O)Cn1c(=O)sc2cccc(Cl)c21,1.6878338412647824
O=C(O)C(F)(F)C(F)(F)C(F)(F)C(F)(F)C(F)(F)C(F)(F)C(F)(F)F,1.7719694332290312
CCCCCCCC(=O)Oc1c(I)cc(C#N)cc1I,2.9974859898171218
c1coc(-c2nc3ccccc3[nH]2)c1,2.566314906032524
CNC(=O)Oc1ccccc1Cl,2.569631366403644
CC(N)=NP(=S)(Oc1ccc(Cl)cc1)Oc1ccc(Cl)cc1,4.176342498111051
Clc1cccc(Cl)c1NC1=NCCN1,3.5168148038054565
O=C(OCCF)C(c1ccccc1)c1ccccc1,4.810050963782018
O=C(O)C=CCl,1.4363176225827128
CCCC[Sn](CCCC)(CCCC)OC(=O)c1ccccc1,2.912457659808899
COc1nc(Nc2ccc(C=Cc3ccc(Nc4nc(OC)nc(N(CCO)CCO)n4)cc3S(=O)(=O)O)c(S(=O)(=O)O)c2)nc(N(CCO)CCO)n1,3.201302060785004
CCOP(=S)(OCC)Oc1cc(Cl)c(Br)cc1Cl,2.595555740340953
CN(C)C(=O)Nc1cccc(OC(=O)NC(C)(C)C)c1,1.2586124079738996
C1=CCCC=CCCC=CCC1,1.6539517933146832
CCCCc1c(C)[nH]c(N(C)C)nc1=O,2.7186947118687668
CC1=C(C(=O)Nc2ccccc2)SCCO1,2.3504473934983223
CCCCOCCOCCOC(OCCOCCOCCCC)c1ccc2c(c1)OCO2,1.960543074650204
COP(=S)(OC)Oc1nc(Cl)c(Cl)cc1Cl,1.938854592920691
CCS(=O)CSP(=S)(OC(C)C)OC(C)C,4.036342255389247
COP(=S)(OC)Oc1ccc(N=Nc2ccc(Cl)cc2)cc1,2.3762982866152407
CC(C)OC(=O)C(O)(c1ccc(Cl)cc1)c1ccc(Cl)cc1,3.354387630204894
O=c1oc2ccccc2c(O)c1C1CCCc2ccccc21,3.863819337726595
CN(C(=O)CF)c1cccc2ccccc12,3.0085661880785084
CCNc1nc(Cl)nc(NC(C)(C)C)n1,1.8840681000945785
Cc1cc(Cl)ccc1OCCCC(=O)O,2.3592186877570804
CCC,1.3433790489566126
CNC(=O)C=C(C)OP(=O)(OC)OC,3.2994080605220097
CNC(=O)Oc1ccccc1C1OCCO1,1.871627413515492
CNC(=O)Oc1ccccc1C1OC(C)C(C)O1,2.099131384370478
CSc1nc(NC(C)C)nc(NC(C)C)n1,1.891310800728801
CCCC(C)(C)C(=O)Nc1ccc(Cl)cc1,2.4766613830012503
CCCOP(=O)(OCCC)Oc1ccc(SC)cc1,3.5364271814670425
NCCCOCCCCOCCCN,3.009268130706258
CC(C)(O)C(=O)c1ccccc1,1.3747131709674834
COC(=O)C=C(C)OP(=O)(OC)OC,4.73435061497236
C=C1C(C)(C)C2(Cl)C(Cl)C1(Cl)C(Cl)(Cl)C2(Cl)Cl,4.275717811368528
CCN=C1C=CC(=C(c2ccc(NCC)cc2)c2ccc(NCC)c(C)c2)C=C1,1.631843830127217
COc1cccc(C)c1O,1.839371188987427
S=C(S)NCCNC(=S)S,1.8271340649185777
Cc1cc(=O)[nH]o1,0.996025445560402
COP(N)(=O)SC,3.4506554916845524
CCOP(=S)(OCC)SC(CCl)N1C(=O)c2ccccc2C1=O,4.148177229200976
O=C(O)CCCOc1ccc(Cl)cc1Cl,2.4932715361925406
CCOC(=O)CCCOc1ccc(Cl)cc1C,1.807414937836708
CC(C)=CC1C(C(=O)OCc2coc(Cc3ccccc3)c2)C1(C)C,1.7909300414967877
CC(C)OC(=O)c1cc(C(=O)OC(C)C)cc([N+](=O)[O-])c1,2.0723102018897177
COC(=O)Nc1nc2ccccc2[nH]1,1.9804351775355469
CCCCSCCSP(=S)(OCC)OCC,3.1096101365524875
COc1cc(C=CC(=O)OC2CCC34CC35CCC3(C)C(C(C)CCC=C(C)C)CCC3(C)C5CCC4C2(C)C)ccc1O,3.780245283865352
CC1CNC(=S)S[Zn]SC(=S)N1,2.462084893519449
S=C([S-])NCCNC1=[S][Zn+2][S-]1,2.0425975612830047
ClC1=C(Cl)C2(Cl)C3C(Cl)C(Cl)CC3C1(Cl)C2(Cl)Cl,2.5910683410573063
CCOP(=S)(Oc1ccc(C#N)cc1)c1ccccc1,2.1808753470382616
CCOP(=S)(OCC)SCSC(C)(C)C,4.590823767157909
COP(=O)(OC)OC(=CBr)c1ccc(Cl)cc1Cl,2.274123196725775
O[Sn](C1CCCCC1)(C1CCCCC1)C1CCCCC1,2.936328870116429
CCN(CC)C(=O)C(Cl)=C(C)OP(=O)(OC)OC,3.379763687865427
O=[N+]([O-])c1ccc(ON=Cc2cc(Br)c(O)c(Br)c2)c([N+](=O)[O-])c1,2.186600395725578
CCCSP(=O)(OCC)SCCC,3.606284605561811
COC(=O)CCC[N+](C)(C)C,1.2761621455395844
COP(=S)(OC)SCCNC(C)=O,2.8120929906725927
CC(C)(C[Sn](CC(C)(C)c1ccccc1)(CC(C)(C)c1ccccc1)O[Sn](CC(C)(C)c1ccccc1)(CC(C)(C)c1ccccc1)CC(C)(C)c1ccccc1)c1ccccc1,3.0223066856948786
CON(C)C(=O)Nc1ccc(Br)c(Cl)c1,2.1666491301264417
CCOC(=O)c1cn2nc(OP(=S)(OCC)OCC)cc2nc1C,2.2711105872873856
N=C(N)NCCCCCCCCNCCCCCCCCNC(=N)N,2.374839959654975
CCOP(=S)(OCC)Oc1cnc2ccccc2n1,2.99753782219681
COC(=O)Nc1cccc(OC(=O)Nc2cccc(C)c2)c1,2.778605574220016
CC(C)C(C)(N)C#N,3.072176344478966
COc1ccc(Oc2ccc(NC(=O)N(C)C)cc2)cc1,2.124429910111271
O=C(Oc1ccccc1)n1c(C(F)(F)F)nc2cc(Cl)c(Cl)cc21,2.729087230181553
COC(=O)C(Cl)Cc1ccc(Cl)cc1,2.262702690971905
CCn1cc(C(=O)O)c(=O)c2cc3c(cc21)OCO3,2.115998042224831
CCOP(=S)(OCC)ON=C(C#N)c1ccccc1,2.4746590769164727
CCOP(=S)(OCC)ON=C(C#N)c1ccccc1Cl,2.823146754641244
CNC(=O)ON=C1C(Cl)C2CC(C#N)C1C2,2.0822071226234296
O=C(Nc1ccccc1)c1ccccc1I,2.2083513169994804
O=[N+]([O-])c1ccc(Oc2ccc(C(F)(F)F)cc2[N+](=O)[O-])cc1,2.039019968512699
Cc1ccc(NC(=O)N(C)C)cc1Cl,2.02669665597816
CCc1cccc(CC)c1N(COC)C(=O)CCl,2.3518156256168905
O=S(=O)(O)c1cc(Nc2nc(Nc3ccccc3)nc(N3CCOCC3)n2)ccc1C=Cc1ccc(Nc2nc(Nc3ccccc3)nc(N3CCOCC3)n2)cc1S(=O)(=O)O,2.467839864752212
CCCNCCO,1.7589843054048837
CNC(=O)ON=C(C)SC,2.005968350945256
CCCC(=O)Nc1ncnc2c1ncn2C1OC2COP(=O)(O)OC2C1OC(=O)CCC,2.370504762611356
CCS(=O)(=O)CCSP(=O)(OC)OC,2.719810072989086
CCOP(=O)(Sc1ccccc1)Sc1ccccc1,2.703018613017309
COP(=N)(S)OC,1.5101390067519858
CCN(CC)c1ccc(C=O)c(O)c1,1.888170504547528
CCCCNC(=O)n1c(NC(=O)OC)nc2ccccc21,2.4628814429188504
NC(=O)c1c(F)cccc1F,1.4972587020038517
COP(=S)(OC)Oc1cc(Cl)c(I)cc1Cl,2.283511591740796
CC(C)OC(=O)C(O)(c1ccc(Br)cc1)c1ccc(Br)cc1,2.0295055254265764
CN(C)C(=O)NC1CC2CC1C1CCCC21,0.9852741387068248
CNC(=O)N(C)c1nc2ccccc2s1,2.645981971552304
CCOP(=S)(OCC)Oc1cc(-c2ccccc2)on1,2.8427686735139157
Cc1cc(Cl)ccc1OC(C)C(=O)O,1.7296668549325898
CCC(c1ccccc1)C(C)C,1.9092242984179888
NC(=O)OCC(O)C(O)C(N)C(=O)NC(C(=O)O)C1OC(n2cc(CO)c(=O)[nH]c2=O)C(O)C1O,1.4043281704453665
CC1OC(OC2C(O)C(O)C(O)C(O)C2O)C(N)CC1NC(=N)C(=O)O,1.9769984141017145
CC(C)Oc1cc(-n2nc(C(C)(C)C)oc2=O)c(Cl)cc1Cl,1.8221001526532008
Cc1nn(-c2ccc3cc(-c4ccccc4)c(=O)oc3c2)nc1-c1ccccc1,2.8801490707367803
COc1ccc(NC(=O)N(C)C)cc1Cl,2.0581962887378324
Cn1c(=O)on(-c2ccc(Cl)c(Cl)c2)c1=O,1.4081468161878634
O=CNC(Nc1ccc(Cl)c(Cl)c1)C(Cl)(Cl)Cl,2.5268985882406065
CSc1nnc(C(C)(C)C)c(=O)n1N,2.029980015772759
CC(=O)c1cc2c(cc1C)C(C)(C)C(C)CC2(C)C,1.512480410345644
CC(=O)OCC12CC(OC(=O)CC(C)C)C(C)=CC1OC1C(O)C(OC(C)=O)C2(C)C12CO2,5.260636818058318
N#CSCSc1nc2ccccc2s1,1.6782670164229383
COP(=S)(Oc1cc(Cl)c(Br)cc1Cl)c1ccccc1,3.9715204290390704
CCNc1nc(Cl)nc(NC(C)(C)C#N)n1,2.302291235616801
CC(=O)OC(c1ccc(Cl)c(Cl)c1)C(Cl)(Cl)Cl,2.526893424691684
CCOP(=S)(OCC)Oc1cc(Cl)c(SC)cc1Cl,3.7943822665935274
CCOP(=O)(NC(C)C)Oc1ccc(SC)c(C)c1,3.578874055085051
CC(C)(C)C(=O)C(Cl)Cl,1.529047739787936
CNC(=O)Oc1cccc2c1OC(C)(C)O2,2.5959322370468825
CCNc1nc(NC(C)C(C)C)nc(SC)n1,1.9300843339038696
C#CCC1=C(C)C(OC(=O)C2C(C=C(C)C)C2(C)C)CC1=O,1.7787270325451956
C#CCc1ccc(COC(=O)C2C(C=C(C)C)C2(C)C)o1,1.757959031724168
Cc1nc(N(C)C)nc(OC(=O)N(C)C)c1C,2.678137635475191
CNC(=O)ON=C(SC)C(=O)N(C)C,1.9887887758682343
CC(=O)Oc1c(Br)cc(Cl)cc1C(=S)Nc1ccc(Br)cc1,2.365092821823195
CNC(=O)Oc1cccc(/N=C/N(C)C)c1,1.5967148810492051
CCOP(=S)(OCC)Oc1cc(C)nc(N(CC)CC)n1,2.522957779684131
COP(=O)(OC)OC1=C(Cl)C2C=CCC12,2.0979822642101857
COC(=O)NC(=S)Nc1ccccc1NC(=S)NC(=O)OC,1.5345362927645405
CCOC(=O)NC(=S)Nc1ccccc1NC(=S)NC(=O)OCC,1.3926453740640692
CCCCc1c(C)[nH]c(NCC)nc1=O,2.320754703196729
CCOP(=S)(OCC)Oc1ncn(-c2ccccc2)n1,2.45459404660493
O=C1CCC(=O)N1c1cc(Cl)cc(Cl)c1,1.387526856665436
CCCOP(=S)(OCCC)SCC(=O)N1CCCCC1C,2.2159386724853527
O=S(=O)(CCl)c1ccc(Br)cc1,2.129604506923615
CCNc1nc(Nc2ccccc2)nc(Nc2ccc(C=Cc3ccc(Nc4nc(NCC)nc(Nc5ccccc5)n4)cc3S(=O)(=O)O)c(S(=O)(=O)O)c2)n1,2.29934165557222
CCOP(=S)(OCC)SCCl,3.939167829284089
CC(C)N1C(=O)c2ccccc2NS1(=O)=O,1.982784844349693
CCOC(=O)Cn1c(=O)sc2cccc(Cl)c21,2.111910302692318
CC(C)CCCCC(=O)O,1.8579774271855465
C=COCC,0.5569474315215655
CC12C=CC(C1)C1C(=O)OC(=O)C12,1.5589109132398296
CC(=O)c1c(Cl)c(Cl)c(Cl)c(Cl)c1Cl,2.2106692151136094
CCOP(S)(=NC(C)C)Oc1ccccc1C(=O)OC(C)C,3.2641657413327088
CNC(=O)N(C)c1nnc(C(F)(F)F)s1,2.048152623311227
CC(C)OP(=O)(OC(C)C)SCc1ccccc1,1.890778724135268
CCOC1Oc2ccc(OS(C)(=O)=O)cc2C1(C)C,2.298533178695324
CCCN(CC1CC1)c1c([N+](=O)[O-])cc(C(F)(F)F)cc1[N+](=O)[O-],2.0396367675888047
CCCCCCCC[Sn](CCCCCCCC)(SCC(=O)OCCCCCC(C)C)SCC(=O)OCCCCCC(C)C,2.5239273129491284
CNC(=O)ON=CC1(C)SCC(C)S1,2.892736290323452
O=CNC(N1CCN(C(NC=O)C(Cl)(Cl)Cl)CC1)C(Cl)(Cl)Cl,1.6384553107719309
OCCN1CNC(=S)NC1,1.90641585832027
C#CCc1cc(COC(=O)C2C(C=C(C)C)C2(C)C)c(C)o1,1.7787270325451956
O=S(=O)(O)c1ccccc1C=Cc1ccc(-c2ccc(C=Cc3ccccc3S(=O)(=O)O)cc2)cc1,2.714842561553056
O=C1OCc2c(Cl)c(Cl)c(Cl)c(Cl)c21,1.4344315686254578
CCCC[Sn]1(CCCC)OCCS1,2.092107007204436
CCOC(=O)Cc1[nH]nc2ccc(Cl)cc12,1.377805111627045
O=[N+]([O-])c1cc(Cl)c(Cl)c(Cl)c1[N+](=O)[O-],2.8052897164550297
CN(C)C(=O)Nc1cccc(OC(F)(F)C(F)F)c1,2.146470682903099
CC(c1ccc(O)cc1)(c1ccc(O)cc1)c1ccc(O)cc1,2.185203482780834
Cc1cc(Cl)ccc1NC(=S)N(C)C,2.0269188456960565
CCN(CC)C(=O)SCc1ccc(Cl)cc1,1.9488613298281048
C=CCN1CCn2c1nc1c2c(=O)n(C)c(=O)n1C,1.718144473878805
COC(=O)Nc1nc2ccccc2n1C(=O)NCCCCCC#N,2.5176708539894297
CCOP(=O)(OP(=O)(OCC)N(C)C)N(C)C,4.4597256206551394
CCCN(CCC)c1c([N+](=O)[O-])cc(C(F)(F)F)c(N)c1[N+](=O)[O-],2.2434064223016565
CCN(OC(=O)c1ccccc1)C(=O)c1c(OC)ccc(Cl)c1OC,1.3847678543391344
COC(=O)N(C)C(=O)CSP(C)(=S)OC,2.5761172973303275
CCN(CC)c1nc(C)cc(OP(=S)(OC)OC)n1,1.822781821867021
CCCCOC(O)CC,1.8202113147705328
CCSCc1ccccc1OC(=O)NC,2.2920884098051344
CCS(=O)(=O)c1nnc(N(C)C(=O)NC)s1,1.7231797376158833
COP(=O)(NC(C)=O)SC,1.864911965746353
COC(=O)C(C)=COP(=S)(OC)OC,1.8892420450566816
CC(C)CNC(=O)N1CCNC1=O,2.568734288465301
CCNP(=S)(OC)OC(C)=CC(=O)OC(C)C,2.69791224201567
FC(F)(F)c1cccc(C(c2ccccc2)(c2ccccc2)n2cncn2)c1,2.579080155898956
CNc1nc(Nc2ccccc2)nc(Nc2ccc(C=Cc3ccc(Nc4nc(NC)nc(Nc5ccccc5)n4)cc3S(=O)(=O)O)c(S(=O)(=O)O)c2)n1,2.8858370997775764
CC12CC1(C)C(=O)N(c1cc(Cl)cc(Cl)c1)C2=O,2.05559542434723
COc1cc(Oc2ccc(Cl)cc2Cl)ccc1[N+](=O)[O-],4.798131114709347
CCCC[P+](CCCC)(CCCC)Cc1ccc(Cl)s1,2.523654136913233
Cc1ccc(N=CN(C)C=Nc2ccc(C)cc2C)c(C)c1,2.263360849338355
CCCN(CCCl)c1c([N+](=O)[O-])cc(C(F)(F)F)cc1[N+](=O)[O-],1.949023873857818
CCOP(=O)(OCC)OC(=CBr)c1ccc(Cl)cc1Cl,2.3053771683525195
CN(C)C(=O)Nc1ccc(SC(F)(F)Cl)c(Cl)c1,2.79957762330879
CCNc1nc(NC(C)(C)C)nc(OC)n1,1.8516942189275225
Nc1ccccc1,1.8229569039371196
CNC(=O)N(C)c1nnc(C(C)(C)C)s1,1.6595758535610894
CC(C)c1ccc(NC(=O)N(C)C)cc1,2.013446074933176
CCCC(=O)CNC(=O)Oc1cc(C)cc(C(C)C)c1,1.840990100535698
C=CC(=O)Oc1c(Br)cc(Cl)c2cccnc12,1.9938602410210704
CCSP(=O)(CCl)SCC,3.4422435349989744
CCCSP(=S)(OCC)Oc1ccc(Cl)cc1Cl,1.947072853946936
CNC(=O)ON=C(C)C(C)S(C)(=O)=O,1.3054803486532054
CC(C)N(Cc1ccccc1)C(=O)C(C)(C)C,2.066987115103136
O=C(NC(=O)c1c(F)cccc1F)Nc1ccc(Cl)cc1,1.492323081557576
CCCSP(=S)(OCC)Oc1ccc(SC)cc1,2.110531800507589
C=CCOC(Cn1ccnc1)c1ccc(Cl)cc1Cl,1.849777594833205
COP(=O)(OC)SCn1c(=O)oc2cc(Cl)cnc21,2.1790197525867083
COP(S)(=NC(C)C)Oc1ccc(C)cc1[N+](=O)[O-],1.7843433654069196
CN1C(C(=O)Nc2ccccn2)=C(O)c2ccccc2S1(=O)=O,1.821320902619308
CCOP(S)(=NC(C)CC)Oc1cc(C)ccc1[N+](=O)[O-],1.9195513723589983
O=C(O)CN(CCN(CC(=O)O)CC(=O)O)CC(=O)O,1.725382914022643
CCOP(=O)(Oc1ccc(Cl)cc1Cl)Oc1ccc(Cl)cc1Cl,1.9201483810188773
COP(=S)(OC)SCCSC(C)C,2.9842538659437845
CCC(C)N(C(=O)SCc1ccccc1)C(C)CC,1.8442425685167545
OCC1=CC(NC2CC(CO)C(OC3OC(CO)C(O)C(O)C3O)C(O)C2O)C(O)C(O)C1O,1.997817842991746
FC(F)(F)N=C1SC(=Nc2ccccc2)N(c2ccccc2)C1=NC(F)(F)F,1.9204885646582976
COCCO[Si](CCCl)(OCCOC)OCCOC,2.009497500243247
CCN(CC)c1ccc(N=Nc2ccc(S(=O)(=O)N(C)C)cc2)c(S(=O)(=O)NCC[n+]2ccccc2)c1,1.782720198588191
CC(C)(C)C(=O)C(Oc1ccc(Cl)cc1)n1ccnc1,1.7675506347519494
CCOc1cc(OP(=S)(OC)OC)nc(CC)n1,2.1647943623204418
CCCSP(=O)(OCC)Oc1c(Cl)cc(Cl)cc1Cl,3.162719697277764
CNC(=O)ON=C(CSC)C(C)(C)C,3.748032894130143
CC(C)=CC1C(C(=O)OC(C#N)c2cccc(Oc3ccccc3)c2)C1(C)C,1.8756029249785449
CC1(C)C(C(=O)OC(C#N)c2cccc(Oc3ccccc3)c2)C1(C)C,2.603840935593124
CC(=CCO)CCCC(C)C,1.8928428373505304
CC(Oc1ccc(Oc2ccc(Cl)cc2Cl)cc1)C(=O)O,1.8157941775690127
c1ncn([Sn](C2CCCCC2)(C2CCCCC2)C2CCCCC2)n1,2.639717520283678
CCOC(=O)C=C(C)C=CCC(C)CCCC(C)C,1.7266049701135624
CCCSP(=O)(OCC)Oc1ccc(Br)cc1Cl,2.36562283801476
COc1ccc(C(=O)c2cccc(C)c2)cc1C,1.778697394063325
Cc1nnc(-c2ccccc2)c(=O)n1N,2.6068476587678555
CC(C)(C)C1CCC(OC(=O)Cl)CC1,2.038866443961205
CCOP(=S)(OCC)Oc1nc(Cl)n(C(C)C)n1,3.4246975745465558
Cc1ccc(NC(=O)NC(C)(C)c2ccccc2)cc1,1.884649738853556
C=CC1(C)OC(=O)N(c2cc(Cl)cc(Cl)c2)C1=O,2.1555091133610973
CC(C)OC(=O)C(C(=O)OC(C)C)=C1SCCS1,1.4522817195700732
COCCN(C(=O)CCl)c1c(C)cccc1C,1.9067478894777408
CCc1cccc(C)c1N(C(=O)CCl)C(C)COC,1.9519515986174207
CCCOCCN(C(=O)CCl)c1c(CC)cccc1CC,2.002588232449876
CN(C)c1nc(=O)n(C2CCCCC2)c(=O)n1C,1.6794788476768656
CCCCNC1(P(=O)(OCCCC)OCCCC)CCCCC1,1.461748566793324
CCCCSC(=Nc1cccnc1)SCc1ccc(C(C)(C)C)cc1,1.8722763429450868
CCCC[Sn](CCCC)(OC(=O)C(F)(F)F)OC(=O)C(F)(F)F,2.661785245585499
O=S(=O)(O)c1cc(-n2ncc(-c3ccccc3)n2)ccc1C=Cc1ccc(-n2ncc(-c3ccccc3)n2)cc1S(=O)(=O)O,3.0980730583755194
CC1(C)C(C=C(Cl)Cl)C1C(=O)OC(C#N)c1cccc(Oc2ccccc2)c1,2.667865590269936
CC1(C)OCC2OC3(C(=O)O)OC(C)(C)OC3C2O1,2.4381767230629188
CC(Oc1ccc2ccccc2c1)C(=O)Nc1ccccc1,1.7654450180901498
CC1(C)C(C=C(Cl)Cl)C1C(=O)OCc1cccc(Oc2ccccc2)c1,2.3494651399072826
CCCCOC(=O)COC(=O)COc1ccc(Cl)cc1Cl,2.127341975052857
CC(C)OC(=O)C(C)N(C(=O)c1ccccc1)c1ccc(F)c(Cl)c1,2.356761812013574
COC(=O)C(C)N(C(=O)c1ccccc1)c1ccc(F)c(Cl)c1,3.057684212717583
CC1(C)C(C=C(Br)Br)C1C(=O)OC(C#N)c1cccc(Oc2ccccc2)c1,2.80037851275243
Clc1ccc(N2CCN(c3ccc(Cl)cc3)C2C(Cl)(Cl)Cl)cc1,1.6133755768835258
ClCc1cccc(Oc2ccccc2)c1,1.5821912772154143
C#CC(OC(=O)C1C(C=C(C)C)C1(C)C)C(C)=CCC,1.7394204334759038
CC(C)(C)C(O)C(Oc1ccc(-c2ccccc2)cc1)n1cncn1,1.829204678044652
CC(C)(C)C(O)C(Oc1ccc(Cl)cc1)n1cncn1,1.7719841169976294
CCCCN(CCCC)SN(C)C(=O)Oc1cccc2c1OC(C)(C)C2,2.2793862955031896
C=CCON=C(CCC)C1C(=O)CC(C)(C)C(C(=O)OC)C1=O,1.8107552390619812
CCCCCCCCOc1ccccc1NC(=O)OCCN1CCCCC1,2.8768422673144003
Cc1ccccc1C(=O)Nc1cccc(OC(C)C)c1,1.4303073054958042
CN(C)C(=O)Nc1cc(C(C)(C)C)on1,1.625857549668946
O=c1oc2ccccc2c(O)c1C1CC(c2ccc(-c3ccccc3)cc2)Cc2ccccc21,3.948931071194755
O=c1oc2ccccc2c(O)c1C1CC(c2ccc(-c3ccc(Br)cc3)cc2)Cc2ccccc21,3.4178252957695734
C=CC[N+]1(CCC(C)CCCC(C)C)CCCCC1,3.3649879654994117
COP(=S)(OC)Oc1c(Cl)cc(C)cc1Cl,1.7797854620234117
CSc1nnc(C(C)(C)C)c(=O)n1/N=C/C(C)C,2.4287598576917206
O=C1CCc2cccc3c2N1CC3,1.7472238043271588
O=P(Oc1ccccc1)(Oc1ccccc1)Oc1cccc(OP(=O)(Oc2ccccc2)Oc2ccccc2)c1,2.458231310230412
COC(=O)C(C)N(C(=O)c1ccco1)c1c(C)cccc1C,1.987697972512305
COCC(=O)N(c1c(C)cccc1C)C(C)C(=O)OC,1.9547652160659248
Cc1ccc(S(=O)(=O)Oc2c(C(=O)c3ccc(Cl)cc3Cl)c(C)nn2C)cc1,1.943810970593137
CC1(C)C(C=C2CCSC2=O)C1C(=O)OCc1coc(Cc2ccccc2)c1,2.0931019758073743
CCCCCCCCCCCCN1CCCCCC1=O,1.5463637269052093
COc1ccc(SC#N)c([N+](=O)[O-])c1,2.021631640482465
CSC(C)=NOC(=O)N(C)SN(C)C(=O)ON=C(C)SC,2.345470529206565
O=CNC(N1CCOCC1)C(Cl)(Cl)Cl,2.25466848391678
Clc1ccc(C2(Cn3cncn3)OCCO2)c(Cl)c1,2.069091147695731
CCCC1COC(Cn2cncn2)(c2ccc(Cl)cc2Cl)O1,1.932253009866561
CCC1COC(Cn2cncn2)(c2ccc(Cl)cc2Cl)O1,2.02477555961911
CON(C(=O)c1cc(C)oc1C)C1CCCCC1,1.7012674149069391
COc1nn(-c2ccccc2OC)c(=O)o1,1.9488040459328104
CCOC(=O)C(SP(=S)(OC)OC)c1ccccc1,2.6605565124139514
CC(C)(SC(=O)N1CCCCC1)c1ccccc1,1.7216556589898728
Cc1ccc(N=c2sccn2C)c(C)c1,1.8477417749962384
Cc1c(Cl)cc(-c2ccc(=O)[nH]n2)cc1Cl,1.707747264012337
CCN(Cc1c(F)cccc1Cl)c1c([N+](=O)[O-])cc(C(F)(F)F)cc1[N+](=O)[O-],2.3240086193825498
N#CCON=C(C#N)c1ccccc1,1.776246457234275
CCCCCCCCCC[N+](C)(C)Cc1ccccc1,2.2893879426251997
Oc1ccccc1,2.148223499690385
Cn1c(=O)sc2cccc(Cl)c21,1.902355408423653
CCCCCCCSC,1.9627530405350315
CCOc1ccc(C2(C(=O)OC(C#N)c3cccc(Oc4ccccc4)c3)CC2(Cl)Cl)cc1,2.3823439918758607
OCC[S+](CCO)CCSCCCl,4.390611914152114
CCOP(=O)(OCC)OCn1c(=O)oc2cc(Cl)ccc21,2.9238654751855013
COP(=S)(OC)SCC(=O)N(c1ccc(Cl)cc1)C(C)C,2.2646525708468968
CCSc1nnc(C(C)(C)C)c(=O)n1N,1.6595758535610894
O=C(NC(=O)c1ccccc1Cl)Nc1ccc(OC(F)(F)F)cc1,1.8557650045618528
CCC(C)C1OC2(C=CC1C)CC1CC(CC=C(C)C(OC3CC(OC)C(OC4CC(OC)C(O)C(C)O4)C(C)O3)C(C)C=CC=C3COC4C(O)C(C)=CC(C(=O)O1)C34O)O2,3.338999022696899
O=C1c2c(O)ccc(O)c2C(=O)c2c(NCCNCCO)ccc(NCCNCCO)c21,2.4330161926148204
Nc1nc(N)nc(NC2CC2)n1,1.7292379674794396
CCCOC(=O)COc1cccc(C(C)(C)C)c1,2.0974967825806776
CCCC(Cn1cncn1)c1ccc(Cl)cc1Cl,1.9764875373051896
CC(C)Oc1cccc(NC(=O)c2ccccc2C(F)(F)F)c1,1.8106545063105055
CC(C)(C)C(=O)CCc1ccc(Cl)cc1,1.6526929799670715
CCOC(=O)C(C)Oc1ccc(Oc2nc3ccc(Cl)cc3s2)cc1,2.276288281504987
CCOC(=O)C(C)Oc1ccc(Oc2nc3ccc(Cl)cc3o2)cc1,2.2574157591985893
O=C(O)CCC(CC(=O)O)(C(=O)O)P(=O)(O)O,1.8295128272576908
CCC(=O)OCC(=O)C1(OC(=O)CC)C(C)CC2C3C(Cl)CC4=CC(=O)C=CC4(C)C3C(O)CC21C,3.841818136841008
CNC(=O)Sc1ccc(OS(C)(=O)=O)cc1,1.718209292834566
Cc1cccc(C)c1N(Cn1cccn1)C(=O)CCl,1.6105147737122334
N=C(N)NCC(O)CC(O)(C(=O)O)C1OC(n2cc(CO)c(N)nc2=O)C=CC1NC(=O)C(N)CO,2.012411998310187
CC(Cc1ccc(C(C)(C)C)cc1)CN1CC(C)OC(C)C1,1.8588950952395096
CCCN(CCOc1c(Cl)cc(Cl)cc1Cl)C(=O)n1ccnc1,1.8769921807071976
CC1(C)C(C=C(Cl)C(F)(F)F)C1C(=O)OC(C#N)c1cccc(Oc2ccccc2)c1,2.852356439018127
CCNc1nc(Cl)nc(NCC(=O)O)n1,1.36481918082967
CON(C)C(=O)Nc1ccc(OCCc2ccc(C)cc2)cc1,1.7984918123804776
CC1(C)C(C=C(Cl)Cl)C1C(=O)OC(C#N)c1ccc(F)c(Oc2ccccc2)c1,1.9388138250609983
CCS(=O)(=O)Oc1ccc2c(c1)C(C)(C)CO2,1.7098175730730452
CCCOC/C(=N\c1ccc(Cl)cc1C(F)(F)F)n1ccnc1,1.839794696625956
CSc1nc2cc(Cl)c(Oc3cccc(Cl)c3Cl)cc2[nH]1,1.9538381861446084
CC(C)N1C(=O)N(c2ccccc2)CSC1=NC(C)(C)C,1.7859658596553554
Nc1c(Cl)c(F)nc(OCC(=O)O)c1Cl,2.1055646810503608
CC(C)C(Nc1ccc(C(F)(F)F)cc1Cl)C(=O)OC(C#N)c1cccc(Oc2ccccc2)c1,1.4004689112174882
CCCCOC(=O)C(C)Oc1ccc(Oc2ccc(C(F)(F)F)cn2)cc1,1.8018582188474512
CCCCOC(NC(=O)c1ccccc1O)C(Cl)(Cl)Cl,1.8333179900698755
CC(NC(=O)C(C)NC(=O)C(N)CCP(C)(=O)O)C(=O)O,2.032465643042541
O=C(NC(=O)c1c(F)cccc1F)Nc1cc(Cl)c(Oc2ncc(C(F)(F)F)cc2Cl)c(Cl)c1,2.87559094037408
Cc1nn(C)c(OCC(=O)c2ccccc2)c1C(=O)c1ccc(Cl)cc1Cl,1.9066205262099665
COC(=O)C(C)N(C(=O)Cc1ccccc1)c1c(C)cccc1C,1.813458221318132
O=C(O)C(CO)Nc1ccc([N+](=O)[O-])cc1,1.1503495778273016
CCOC(=O)C1(C)OC(=O)N(c2cc(Cl)cc(Cl)c2)C1=O,1.8223498694266225
CCOC(=O)NCCOc1ccc(Oc2ccccc2)cc1,2.178029670682596
CN(C(=O)COc1nc2ccccc2s1)c1ccccc1,1.775780783263432
CCCC(=NOCC)C1C(=O)CC(CC(C)SCC)CC1=O,1.816228038889112
Nc1c([N+](=O)[O-])ccc(Oc2ccccc2)c1Cl,1.7237314312474248
Clc1ccccc1-c1nnc(-c2ccccc2Cl)nn1,2.3571562129390733
CC(C)(NC(=O)C(Br)C(C)(C)C)c1ccccc1,1.7955338335629532
N#Cc1c[nH]cc1-c1cccc(Cl)c1Cl,2.073881409220484
N#CC(=NOCC1OCCO1)c1ccccc1,1.6669651484591068
CC(C)(C)C(O)C(Cc1ccc(Cl)cc1Cl)n1cncn1,2.516195473241978
O=C(O)c1c(Cl)c(Cl)c(Cl)c(Cl)c1C(=O)Nc1cccc(Cl)c1Cl,1.952226571811731
CCOC(=O)C(C)Oc1ccc(Oc2cnc3cc(Cl)ccc3n2)cc1,2.3038442408601085
OC(Cn1cncn1)(c1ccc(F)cc1)c1ccccc1F,2.4789933660262977
CC(C)(C)C(O)C(Cc1ccc(Cl)cc1)n1cncn1,2.468048835048791
CCCCC(CC)C(=O)OCC(COC(=O)C=Cc1ccc(OC)cc1)OC(=O)C=Cc1ccc(OC)cc1,2.9761839162190693
C=C(c1ccccc1OCc1cccc(Cl)c1)n1ccnc1,2.7143074016674444
CP(=O)(O)CCC(N)C(=O)O,1.9569555960390228
CCOC(=O)C(C)OC(=O)c1cc(Oc2ccc(C(F)(F)F)cc2Cl)ccc1[N+](=O)[O-],2.3634013618075587
COCC(=O)N(c1c(C)cccc1C)N1CCOC1=O,2.143495694701392
CC1C(c2ccc(Cl)cc2)SC(=O)N1C(=O)NC1CCCCC1,1.8486656553493772
Cc1c(F)c(F)c(COC(=O)C2C(C=C(Cl)C(F)(F)F)C2(C)C)c(F)c1F,3.45167858471111
CCCCC(O)(Cn1cncn1)c1ccc(Cl)cc1Cl,2.196198300045676
CC(C)c1cc(Oc2ccccc2)cc(C(C)C)c1NC(=S)NC(C)(C)C,2.283966862741809
CC(C)(C)C1(CCc2ccc(Cl)cc2)CO1,1.678987927951796
CCOc1ccc(C(C)(C)COCc2cccc(Oc3ccccc3)c2)cc1,2.2453465931446184
CC(C)C1(C)NC(c2nc3ccccc3cc2C(=O)O)=NC1=O,2.192206320332636
CCCCCCC(C)OC(=O)COc1nc(F)c(Cl)c(N)c1Cl,2.2639294436755657
CCCCCCCCCCCCCN1CC(C)OC(C)C1,1.871466391909519
COc1nc(C)nc(NC(=O)NS(=O)(=O)c2ccccc2OCCCl)n1,2.3030145232839474
O=C(Nc1ccc(Cl)cc1C(O)c1ccccc1)c1ccncc1,1.830965706088987
CCOC(=O)CCN(SN(C)C(=O)Oc1cccc2c1OC(C)(C)C2)C(C)C,2.312321250848305
Cc1ccc(C(=O)COc2c(C(=O)c3ccc(Cl)c(C)c3Cl)c(C)nn2C)cc1,1.93582858530404
COC(=O)c1ccccc1CS(=O)(=O)NC(=O)Nc1nc(OC)cc(OC)n1,2.3121858221366414
O=C(NC(=O)c1c(F)cccc1F)Nc1cc(Cl)c(F)c(Cl)c1F,2.2800226278700197
CCOC(=O)CCN(Cc1ccccc1)SN(C)C(=O)ON=C(C)SC,2.300528095634288
O=C(Nc1ccc(F)cc1F)c1cccnc1Oc1cccc(C(F)(F)F)c1,2.29479567997624
CC(C)(C)C(O)C(=Cc1ccc(Cl)cc1Cl)n1cncn1,1.8145498980020576
CC(C)(C)C(O)C(=Cc1ccc(Cl)cc1)n1cncn1,2.1640285011402183
CCCC(=O)N(CSP(=S)(OC)OC)c1ccccc1Cl,1.8693261777775452
O=C(O)c1c(Cl)ccc2cc(Cl)cnc12,2.082894827444937
Cc1c(Cl)ccc(OC(C)C(=O)Nc2ccccc2)c1Cl,1.811852383192374
CCN(C(=O)SCc1ccccc1)C(C)C(C)C,2.122906921668582
COC(=O)c1ccccc1S(=O)(=O)NC(=O)Nc1nc(OC(F)F)cc(OC(F)F)n1,2.367366121489791
O=C(O)c1cn(C2CC2)c2cc(Cl)c(F)cc2c1=O,2.1487105981153047
O=C(NC(=O)c1c(F)cccc1F)Nc1cc(Cl)c(OC(F)(F)C(F)F)c(Cl)c1,1.9648674997921032
Clc1ccc(CSC(Cn2cncn2)=Nc2ccc(Cl)cc2Cl)cc1,2.3135983383815897
CSC(=O)c1c(C(F)F)nc(C(F)(F)F)c(C(=O)SC)c1CC(C)C,1.9046311660495772
COc1cc(OC)nc(NC(=O)NS(=O)(=O)c2c(C(=O)O)cnn2C)n1,2.2691219308423816
CCOP(=O)(SC(C)CC)N1CCSC1=O,2.517327729025716
CC1(C)C(C=CC(=O)OC(C(F)(F)F)C(F)(F)F)C1C(=O)OC(C#N)c1cccc(Oc2ccccc2)c1,2.4325235497874
CCCC(=NOCC)C1C(=O)CC(C2CCCSC2)CC1=O,1.910456310001668
O=C(NC(=O)c1c(F)cccc1F)Nc1ccc(Oc2ccc(C(F)(F)F)cc2Cl)cc1F,2.388075434562332
CN(Cc1ccc(C(C)(C)C)cc1)Cc1cccc2ccccc12,2.501710899827905
C=CCCCOC(=O)C(CC)N(Cc1ccco1)C(=O)n1ccnc1,2.2372910801988697
CCOC(=O)c1nc(C(Cl)(Cl)Cl)n(-c2ccc(Cl)cc2Cl)n1,2.304792016492227
O=C(O)c1nc(C(Cl)(Cl)Cl)n(-c2ccc(Cl)cc2Cl)n1,2.2734943505795786
COc1cc(OC)nc(NC(=O)NS(=O)(=O)c2ncccc2C(F)(F)F)n1,2.3089164015436863
COc1ccc(COC(=O)C2=C(CCl)CSC3C(NC(=O)Cc4ccccc4)C(=O)N23)cc1,2.386478454238609
CCCN(CCC)C(=O)CN(CC)P(=S)(OCC)OCC,1.8305296468130576
CCOCCc1ccc(OCCNc2ncnc(CC)c2Cl)c(C)c1C,2.276365283563467
O=[N+]([O-])c1ccc(NS(=O)(=O)c2ccc(Cl)c(C(F)(F)F)c2)c(Cl)c1,2.3172022447235734
CCCCCCOc1ccc(NNC=O)cc1,2.0724612935116555
CC(C)(C)C(O)(CCc1ccc(Cl)cc1)Cn1cncn1,1.7893338838077364
CC#Cc1cc(C)nc(Nc2ccccc2)n1,2.047817882745586
COc1ccc(C(=CC(=O)N2CCOCC2)c2ccc(Cl)cc2)cc1OC,2.2876483566036487
CC(C)=NOCCOC(=O)C(C)Oc1ccc(Oc2cnc3cc(Cl)ccc3n2)cc1,2.346242430481147
FC(F)(F)COC1CCC(Cn2cncn2)(c2ccc(Cl)cc2Cl)O1,2.296880090917909
C=C1C(=CC=C2CCCC3(C)C2CCC3C(C)C=CC(O)C2CC2)CC(O)CC1O,4.439452700450564
O=C(NC(=O)c1c(F)cccc1F)Nc1ccc(CON=C(c2ccc(Cl)cc2)C2CC2)cc1,2.383727421417093
Clc1ccc(C2(Cn3cncn3)CC(Br)CO2)c(Cl)c1,2.2753908335267186
CCc1nn(C)c(C(=O)NCc2ccc(C(C)(C)C)cc2)c1Cl,2.222538295848591
N#CC(CCc1ccc(Cl)cc1)(Cn1cncn1)c1ccccc1,1.8284356034937013
COc1cc(OC)nc(NC(=O)NS(=O)(=O)c2c(-c3nnn(C)n3)cnn2C)n1,2.326748449496615
COc1cc(OC)nc(NC(=O)NS(=O)(=O)c2c(Cl)nc3ccccn23)n1,2.314725473717949
COc1cc(OC)nc(Oc2cccc(Oc3nc(OC)cc(OC)n3)c2C(=O)O)n1,2.3328150218297954
Cc1nn(C)c(Oc2ccccc2)c1C=NOCc1ccc(C(=O)OC(C)(C)C)cc1,2.3237644922218514
O=[N+]([O-])N=C1NCCN1Cc1ccc(Cl)nc1,1.7087012737596785
CCCCC(C)CC(O)C=CC1C(O)CC2CC(CCOCC(=O)OC)CC21,2.593996293262351
CC(=O)CC(c1ccc(Cl)cc1)c1c(O)c2ccccc2oc1=O,4.016499000604295
CC1COCc2cc3c(cc21)C(C)(C)C(C)C3(C)C,1.7133309084367216
c1ccc(C(c2ccccc2)(c2ccccc2)N2CCOCC2)cc1,2.517780284098852
CC(C)N(C(=O)SCC(Cl)=CCl)C(C)C,2.1045710131048367
COc1c(Cl)cc(Cl)c(Cl)c1C(=O)O,2.4073637070958127
CCOP(=S)(OCC)SCn1c(=O)oc2cc(Cl)ccc21,2.9745660101011544
C#CCOS(=O)OC1CCCCC1Oc1ccc(C(C)(C)C)cc1,3.1467232314980813
Cc1cc([N+](=O)[O-])cc([N+](=O)[O-])c1O,2.9959290116533674
CCCCOC(=O)C1(O)c2ccccc2-c2ccccc21,1.4507708721778707
CCN(CC)C(=O)CCl,2.183766477355065
ClC1(Cl)C2(Cl)C3(Cl)C4(Cl)C(Cl)(Cl)C5(Cl)C3(Cl)C1(Cl)C5(Cl)C24Cl,2.4358013801657847
CNC(=O)Oc1ccc(C)c(C)c1,2.2533840497331488
CC(CCl)[N+](=O)[O-],2.533095511038368
CCCCOCC1CO1,1.7821291594153288
CCN(CC)C(=O)Cc1ccccc1,2.038866130627365
CCCCOc1ccc(CC(=O)NO)cc1,1.6498642583325758
Cc1ccc2nc3sc(=O)sc3nc2c1,2.670811552076736
COP(=S)(OC)Oc1ccc([N+](=O)[O-])cc1Cl,2.5760875499753864
O=C(O)C1(O)c2ccccc2-c2ccc(Cl)cc21,1.4161010482478529
CC(=O)Oc1c([N+](=O)[O-])cc([N+](=O)[O-])cc1C(C)(C)C,2.149607032296661
CCCOP(=S)(OCCC)OP(=S)(OCCC)OCCC,2.3227164954938107
C#CCOc1ccccc1OC(=O)NC,1.9319936276396377
COP(=O)(OC)Sc1ccc(Cl)cc1,3.1984147902556326
C[N+]1(C)CCCCC1,1.1656171339688333
Cc1cc(Cl)ccc1OCC(=O)O,2.3023763908318355
CCOP(=S)(OCC)OP(=S)(OCC)OCC,3.695380634693184
ClC1=C(Cl)C2(Cl)C3CC=CC3C1(Cl)C2(Cl)Cl,2.69119172142662
CCOP(=O)(OCC)SCC(=O)NC(C)(C)C#N,3.447620146528052
CSc1nc([N-][N+]#N)nc(NC(C)C)n1,1.875603310536736
C[n+]1ccc(-c2cc[n+](C)cc2)cc1,3.367024948287395
OCCN1CN(CCO)CN(CCO)C1,2.039978929492657
CCCN(CCC)c1c([N+](=O)[O-])cc(S(C)(=O)=O)cc1[N+](=O)[O-],2.2372634171688714
OCc1cccc2ccccc12,1.5002364748256387
CC(C)=CC1C(C(=O)OCN2C(=O)C3=C(CCCC3)C2=O)C1(C)C,2.1224282209376235
COP(=O)(OC)OC(C)=CC(=O)OC(C)c1ccccc1,3.0194790068772086
CCCOC(=O)NCCCN(C)C,1.6837188223374062
CC(C)=CC1C(C(=O)OCc2cccc(Oc3ccccc3)c2)C1(C)C,1.845665973854852
CCCCc1c(C)nc(NCC)nc1OS(=O)(=O)N(C)C,2.8013035294362787
Cc1cccc2sc3nncn3c12,1.5780498198065125
CC(C)(C)C(=O)C(Oc1ccc(Cl)cc1)n1cncn1,1.7690137847007104
CC(C)COC(=O)C(C)Oc1ccc(Oc2ccc(Cl)cc2)cc1,1.6395188609305789
COC(=O)C(C)Oc1ccc(Oc2ccc(Cl)cc2Cl)cc1,2.2319662982017783
CNC(=O)Oc1ccccc1OC(CCl)OC,1.8123935626891816
CC(C)C(C(=O)OC(C#N)c1cccc(Oc2ccccc2)c1)c1ccc(Cl)cc1,1.9241841444690049
CCCCOC(=O)N(C)SN(C)C(=O)Oc1cccc2c1OC(C)(C)C2,2.2815810059573765
O=C(Nc1ccccc1)N(Cc1ccc(Cl)cc1)C1CCCC1,1.81801859723791
CC(Cc1ccc(C(C)(C)C)cc1)CN1CCCCC1,2.176828774017438
CCCCOC(=O)c1ccccc1Nc1cccc(C(F)(F)F)c1,1.829099123665072
CCOc1ccc(NC(=O)OC(C)C)cc1OCC,1.7280695711595615
CCOCCOC(=O)C(C)Oc1ccc(Oc2ncc(C(F)(F)F)cc2Cl)cc1,2.336269563297648
CC=CCOCN(C(=O)CCl)c1c(CC)cccc1CC,2.1901032832735297
CC(Oc1ccc(Oc2ncc(Cl)cc2Cl)cc1)C(=O)N1CCCO1,1.884490628075708
Cc1ccccc1COC1CC2(C(C)C)CCC1(C)O2,2.137360442147941
CCON=C(CC)C1C(=O)CC(c2c(C)cc(C)cc2C)CC1=O,2.216746333609975
CON=C(Cc1cccnc1)c1ccc(Cl)cc1Cl,1.7711007396148024
O=C1C2=C(CCCC2)C(=O)N1c1ccc(Cl)cc1,1.718846994202799
FC(F)(F)C(=NOCC1OCCO1)c1ccc(Cl)cc1,2.3033798157128254
COc1cccc(N(C)C(=S)Oc2cccc(C(C)(C)C)c2)n1,1.820139694607702
C/C(=N/Nc1nc(C)cc(C)n1)c1ccccc1C,2.104379548652318
CCCSP(=O)(OCC)Oc1cnn(-c2ccc(Cl)cc2)c1,2.2562401442869344
O=c1oc2ccccc2c(O)c1C1CC(c2ccc(OCc3ccc(C(F)(F)F)cc3)cc2)Cc2ccccc21,5.257320914498142
Cc1cnc2c(C(=O)O)c(Cl)ccc2c1,2.044624024160955
CN(CC=CC#CC(C)(C)C)Cc1cccc2ccccc12,2.163516182224201
CCOC(=O)c1cnn(C)c1S(=O)(=O)NC(=O)Nc1nc(OC)cc(OC)n1,2.3163897510731952
CC(C1CC1)C(O)(Cn1cncn1)c1ccc(Cl)cc1,2.1640285011402183
COCCOc1ccccc1S(=O)(=O)NC(=O)Nc1nc(OC)nc(OC)n1,1.9174130742884516
CCOC(=O)C1CC(=O)C(=C(O)C2CC2)C(=O)C1,1.799798729631905
CC(Oc1ccc(Oc2nc3ccc(Cl)cc3o2)cc1)C(=O)O,2.2223613487692284
CC(COc1ccc(Oc2ccccc2)cc1)Oc1ccccn1,2.2059834453484486
CC(C)(C)c1ccc(CSc2cnn(C(C)(C)C)c(=O)c2Cl)cc1,2.2611938521308863
CN=C1OC(c2ccccc2)C(=O)C1c1cccc(C(F)(F)F)c1,2.8238770362899057
CCN(Cc1ccc(Cl)nc1)C(C[N+](=O)[O-])=NC,2.131490345694948
O=C(O)C1C2CCC(O2)C1C(=O)O,2.3323627372557265
