curated_smiles,rat_unreported_LD50
CCOC(=O)C1(c2ccccc2)CCN(C)CC1,2.9461328133753497
Clc1ccc(C(c2ccc(Cl)cc2)C(Cl)(Cl)Cl)cc1,3.072483958847507
CN(C)CCCN1c2ccccc2Sc2ccc(Cl)cc21,3.5493752382531976
CCN(CC)CCOC(=O)c1ccc(N)cc1,3.197400030119955
CCN(CC)CCNC(=O)c1ccc(N)cc1,3.17489153864006
CC(C)NCC(O)c1ccc(O)c(O)c1,2.395400405469224
CN(CCCl)CCCl,4.962831549583973
COP(=O)(OC)C(O)C(Cl)(Cl)Cl,2.670308276310441
CC[Hg]Sc1ccccc1C(=O)O,3.980950509763967
O=C(O)c1cccnc1,1.4882368676624178
CCN(CC)N=O,2.620017013108583
ClCCN(Cc1ccccc1)Cc1ccccc1,3.335424466416924
CS(=O)(=O)OCCCCOS(C)(=O)=O,4.391474991356573
C=CC1CN2CCC1CC2C(O)c1ccnc2ccc(OC)cc12,3.732961724261582
O=C1NC(=O)C(c2ccccc2)(c2ccccc2)N1,3.217179340990165
Cc1c(N(C)C)c(=O)n(-c2ccccc2)n1C,3.1186610873281917
O=c1[nH]c(=O)n(C2CC(O)C(CO)O2)cc1Br,2.125551980425476
OCC(S)CS,3.0411480417386203
CC(N)=O,1.4096244301903054
CNC(=O)CSP(=S)(OC)OC,3.0278955111143167
ClC1=C(Cl)C2(Cl)C3C4CC(C5OC45)C3C1(Cl)C2(Cl)Cl,4.350376873367003
COP(=O)(OC)OC=C(Cl)Cl,3.588470252249881
O=C(O)CF,3.716237131572411
CN(C)N=O,3.3134160600699967
CNC(=O)Oc1cccc2ccccc12,2.60471193172762
CNC(=O)Oc1cccc(C(C)C)c1,3.6733266564998304
CCC(=O)OC1(c2ccccc2)CC(C)N(C)CC1C,3.921437380188555
CC1CC(C)C(=O)C(C(O)CC2CC(=O)NC(=O)C2)C1,3.3253983657305906
CS(C)=O,1.778907822403885
CN(C)C=O,1.3867664157173134
Nc1ccc(S(=O)(=O)Nc2ncccn2)cc1,3.1943113693217544
CC1(C)SC2C(NC(=O)C(N)c3ccccc3)C(=O)N2C1C(=O)O,1.5433378160570177
CC(C)=CC1C(C(=O)OCc2cc3c(cc2Cl)OCO3)C1(C)C,2.549667819201968
CCN(CC)CC(=O)Nc1c(C)cccc1C,3.7743557635246714
ClCCl,1.2007226824666364
NC=O,1.176486769434035
CN(C)C,2.0433218715294807
CC(C)(O)C#N,3.806108538095593
CCCCC(CC)COP(=O)(OCC(CC)CCCC)OCC(CC)CCCC,1.0360716991031995
C=CC(N)=O,2.533677974188272
NC(=O)CCl,3.125773949850885
C=CC(=O)O,1.7608023249384384
CNC(C)=O,1.3587376921170695
C=C(C)C(=O)O,1.730832725161933
O=S(=O)(Oc1ccc(Cl)cc1)c1ccc(Cl)cc1,2.1699266326049336
CC(C)(OOC(C)(C)c1ccccc1)c1ccccc1,1.8878936692686743
CC(=O)CC(c1ccccc1)c1c(O)c2ccccc2oc1=O,3.790050004175549
O=C1C(=C(O)C(c2ccccc2)c2ccccc2)C(=O)c2ccccc21,4.490568796961236
O=c1c(=O)c2cccc3cccc1c32,2.3983645506484046
C=C(C)C1Cc2c(ccc3c2OC2COc4cc(OC)c(OC)cc4C2C3=O)O1,3.475388300828639
CCOC(=O)c1ccccc1C(=O)OCC,1.3690986231046922
CC(C)COC(=O)c1ccccc1C(=O)OCC(C)C,1.132834244083936
CCCCOC(=O)c1ccccc1C(=O)OCCCC,1.4709984817124335
CCCCCCOC(=O)c1ccccc1C(=O)OCCCCCC,1.0058250515410327
CCCCCCCCCOC(=O)c1ccccc1C(=O)OCCCCCCCCC,1.3665453933680798
O=C1OC(=O)C2CC=CCC12,1.70514784758143
O=NN(c1ccccc1)c1ccccc1,1.820037171803748
COP(=S)(OC)SCn1nnc2ccccc2c1=O,4.325422609838566
Oc1c(Cl)c(Cl)c(O)c(Cl)c1Cl,1.873255258982384
Cc1cc(C)c(N)c(C)c1,2.4268582959508405
Oc1ccccc1-c1ccccc1,1.799623859068615
O=C1Nc2ccccc2C1=O,2.30737208363155
O=C1CCN(c2ccccc2)N1,2.720070949725649
c1ccc(-c2ccccc2)cc1,1.5349056558605407
COc1ccc(CC#N)cc1OC,2.072379811048493
O=C(O)COc1cc(Cl)c(Cl)cc1Cl,2.708393702759793
CCCCOC(=O)COc1ccc(Cl)cc1Cl,2.4789223545528065
C1=Cc2ccccc2C1,1.7033399834766965
Cc1ccccc1Cl,1.3465108211071453
Nc1ccccc1N,2.214458493557549
Nc1ccccc1O,1.8899508752329088
Cc1ccc(C)c(O)c1,2.2236310491135343
CNC(=O)NC,1.6439952055784814
CC(C)=CC1C(C(=O)OC2CC(=O)C(C3C=CCC3)=C2C)C1(C)C,2.562229401265348
O=S(=O)(Oc1ccc(Cl)cc1Cl)c1ccccc1,2.3355524579824496
OCc1ccco1,2.328915602734749
CC(C)c1cccc(C(C)C)c1,1.2742434983667608
CC(C)c1ccc(C(C)C)cc1,1.1480484852622577
ClCc1ccccc1,2.3065056594355613
Cl[Hg]c1ccccc1,3.796781024841415
c1ccc(OP(Oc2ccccc2)Oc2ccccc2)cc1,2.318580111348564
CC(C)OC(=O)Nc1cccc(Cl)c1,1.804686547516543
O=C(Nc1cccc(Cl)c1)OCC#CCCl,2.689984119918174
N=C(Nc1ccccc1)Nc1ccccc1,2.81563119868778
ClCc1ccc(Cl)cc1,2.175501025649577
O=C1CCCCCN1,2.290264945222016
Cc1ccc(Cl)cc1,1.5003256854516742
Cc1ccc(O)cc1,1.875623873144356
Oc1ccc(Cl)cc1,2.3132190900661582
O=C1C=CC(=O)C=C1,4.285621596548695
OCCCl,3.054613054556888
OCCO,0.6789243991530276
CCOP(=O)(OCC)OP(=O)(OCC)OCC,5.41346292323359
CCCC(C)Br,1.438749414518338
CC(C)OC(C)C,1.2399758212173326
Nc1cccc(N)c1,2.488695312633594
Nc1nc(N)nc(N)n1,1.32264304207559
Cc1ccccc1,1.1256038305734275
NC1CCCCC1,2.498100413412608
CC(C)OCCO,1.92074509136148
CCCCCl,1.6240428913566007
O=C(O)C=CC(=O)O,1.2322185549902975
CCOCCO,1.065529118576173
C1=CCCCC1,1.6135564251780448
NCCNCCN,2.0267774867514734
OCCOCCO,0.831286991893294
CCCCOCCO,2.1101599503008632
CCOCCOCCO,1.252610340567373
CCCCOCCOCCO,1.5569159773711267
CC1(C)SC2C(NC(=O)Cc3ccccc3)C(=O)N2C1C(=O)O,1.5700198631276236
CNC(=O)Oc1ccccc1OC(C)C,3.320655089134337
O=S1OCC2C(CO1)C1(Cl)C(Cl)=C(Cl)C2(Cl)C1(Cl)Cl,4.007458649843057
CCOP(=S)(OCC)Oc1ccc(S(C)=O)cc1,4.447666760239389
CNC(=O)ON=CC(C)(C)SC,5.310882804567472
O=S(=O)(c1ccc(Cl)cc1)c1cc(Cl)c(Cl)cc1Cl,1.852549523984908
O=[N+]([O-])c1c(Cl)c(Cl)cc(Cl)c1Cl,3.018519088757984
CCCCC(CC)COC(=O)c1ccccc1C(=O)OCC(CC)CCCC,0.9195943520302472
CC1(C)C(=O)N(Cl)C(=O)N1Cl,2.554149829550868
O=C1C(Cl)=C(Cl)C(=O)C(Cl)=C1Cl,1.4638594302963537
C=CC=CCC1=C(C)C(OC(=O)C2C(C=C(C)C)C2(C)C)CC1=O,2.5342006776651043
CC(C)(C)CC(C)(C)c1ccc(OCCOCC[N+](C)(C)Cc2ccccc2)cc1,2.9923199294350544
CCOC(=O)CC(SP(=S)(OC)OC)C(=O)OCC,2.865780202072836
CCCOC(=O)c1cc(O)c(O)c(O)c1,1.9288074175165573
COP(=S)(OC)Oc1ccc([N+](=O)[O-])c(C)c1,2.9804547592790693
CN(C)C(=O)OC1=CC(=O)CC(C)(C)C1,3.1487280721278346
CCNc1nc(Cl)nc(NCC)n1,2.161607116191236
Nc1ccc(O)cc1,2.2086324230856893
Oc1ccc(O)cc1,2.1845021545095675
O=c1ccc(=O)[nH][nH]1,0.9692934927239684
CNC=O,1.3911410244962925
CCC1(c2ccccc2)C(=O)NCNC1=O,2.037936195916714
CCCC(=O)OC(C(Cl)(Cl)Cl)P(=O)(OC)OC,2.6701503932469666
CCCCOP(=O)(OCCCC)OCCCC,2.2792724850096286
NC(=O)NO,1.2476593150912134
CC(=O)N(C)C,1.463006581943046
O=S(=O)(c1ccccc1)c1ccccc1,2.0379779805429714
CC(=O)Nc1c(I)cc(I)c(C(=O)O)c1I,1.7612210494020328
COC(=O)c1ccccc1C(=O)OC,1.3104943105925246
O=C1C2CC=CCC2C(=O)N1SC(Cl)(Cl)Cl,2.054734433675035
O=C1c2ccccc2C(=O)N1SC(Cl)(Cl)Cl,1.4721155018926797
c1ccc(Nc2ccc3ccccc3c2)cc1,1.401493633524876
CC(Cl)(Cl)C(=O)OCCOc1cc(Cl)c(Cl)cc1Cl,2.285267050734893
CN(C)C(=S)SSC(=S)N(C)C,2.511782224501045
CNC(=S)S,2.289844249455934
CC(C)(C)CC(C)(C)S,3.914821355286231
COP(=O)(OC)OC(C)=CC(=O)N(C)C,4.03267735625431
CCCNCCC,2.557992439990428
COP(=S)(OC)SCC(=O)N1CCOCC1,3.17658926918371
O=C(O)C(=O)O,1.8082785095827676
CCCCSP(SCCCC)SCCCC,2.9309097530523864
CN(C)C(=O)Nc1ccc(Cl)cc1,1.7417926272629454
CN(C)P(=O)(OP(=O)(N(C)C)N(C)C)N(C)C,4.502507537442658
N#[N+][CH-]C(=O)CCC(N)C(=O)O,3.3525785359738074
ClC1=C(Cl)C2(Cl)C3C(Cl)OC(Cl)C3C1(Cl)C2(Cl)Cl,4.91566782249664
COP(=S)(OC)Oc1ccc([N+](=O)[O-])cc1,4.420304035167887
CCOP(=S)(OCC)SCCSCC,5.040464673051197
CCOP(=S)(OCC)Oc1ccc2c(C)cc(=O)oc2c1,4.237551674738517
CNP(=O)(OC)Oc1ccc(C(C)(C)C)cc1Cl,2.5784680359675565
CCCCCCCCCCCC(=O)OCCSC#N,2.9784133569131046
CCS(=O)CCSP(=O)(OC)OC,3.5785334220944
OC(O)C(Cl)(Cl)Cl,2.358205375741242
C[N+]([O-])(CCCl)CCCl,3.324583258260194
CC=C(C)C(=O)OC1CCN2CC=C(COC(=O)C(O)(C(C)OC)C(C)(C)O)C12,3.757032066116772
CC1Cc2c(Cl)cc(C(=O)NC(Cc3ccccc3)C(=O)O)c(O)c2C(=O)O1,4.263762992691916
CC(C)NNC(=O)c1ccncc1,2.709325698320239
CC1C(=O)OC2CCN3CC=C(COC(=O)C(C)(O)C1(C)O)C23,3.7342142438229886
CN(C)C(=O)Nc1ccc(Cl)c(Cl)c1,1.8360596302119545
CCOP(=S)(OCC)Oc1cc(C)nc(C(C)C)n1,3.085436151322394
Cc1ccccc1-n1c(C)nc2ccccc2c1=O,2.8852449846326307
Cc1nc2ccccc2c(=O)n1-c1ccccc1Cl,3.034578728463768
CC(C)=CCN1CCC2(C)c3cc(O)ccc3CC1C2C,3.0083431077160614
CNNCc1ccc(C(=O)NC(C)C)cc1,2.625520413186217
CC(C)NP(=O)(F)NC(C)C,3.561528309520789
COC(=O)C(O)=CF,3.176377075518668
N#CN,1.9000940220684612
O=C(O)C(O)=CF,3.122428876155531
CC=C1CC(C)C(C)(O)C(=O)OCC2=CCN3CCC(OC1=O)C23,3.923503066942104
COP(=S)(OC)Oc1ccc([N+](=O)[O-])c(Cl)c1,2.5292319691156595
C[Hg]NC(=N)NC#N,3.822021254877633
Cc1cc(O)cc(O)c1,2.1675657959846126
O=C1CC(=O)NC(=S)N1,1.454679193601045
NC(=S)SSC(N)=S,2.396378439549764
CC(=O)OC1CC2(O)C(CCC3(C)C(c4ccc(=O)oc4)CCC32O)C2(C)CCC(OC3OC(CO)C(O)C(O)C3O)C=C12,5.88978616087735
COP(=O)(OC)OC,2.4473906268035868
CC[Hg]N(c1ccccc1)S(=O)(=O)c1ccc(C)cc1,3.978603188887858
Nc1c(Cl)c(Cl)c(Cl)c(Cl)c1Cl,1.2477343796021454
CN(Cc1cnc2nc(N)nc(N)c2n1)c1c(Cl)cc(C(=O)NC(CCC(=O)O)C(=O)O)cc1Cl,5.223237102960043
Cc1ccco1,2.233112499261324
Cc1cc(N(C)C)nc(Cl)n1,5.137685719881147
CCN(CCCl)CCCl,5.53169090319101
ClC1CCCCC1,1.5969890664473814
CN1CC(CO)=CC2c3cccc4[nH]cc(c34)CC21,3.2981927443936843
CC(C)C(O)(C(=O)OCC1=CCN2CCCC12)C(C)O,2.8502908136233835
CCCCN(C)C(=O)Nc1ccc(Cl)c(Cl)c1,1.3982226029368263
ClCCN(CCCl)CCCl,4.912812762904002
CCOP(=S)(OCC)SCSP(=S)(OCC)OCC,3.844518970836418
O=C1C=CC(=O)c2c1ccc1ccccc21,2.9293480147039457
CCOP(=S)(OCC)Oc1ccc2c3c(c(=O)oc2c1)CCCC3,3.390217752539483
OC(CNCCCl)C(O)C(O)C(O)CNCCCl,3.581497388248035
CCN(CC)c1nc(Cl)nc(N(CC)CC)n1,1.8671626423736143
N#CO,1.6337208789995978
Nc1cccc(O)c1,1.9867836734693325
CCCCC(C)=O,2.039752456118085
CN(C)C(N)=O,1.6439952055784814
ClC1C(Cl)C(Cl)C(Cl)C(Cl)C1Cl,3.36673217686406
Nc1c(I)cc(I)cc1C(=O)O,3.3345989385120283
ClCc1ccccc1Cl,2.5734410343216143
CCN(C=O)CC,1.7644123452342215
CC(=O)C=Cc1ccco1,2.62751261327111
Nc1ccc(N)cc1,2.910150788132332
CCNC(C)=O,1.542187827990671
N#Cc1cccc(C#N)c1,1.8751765175146609
CCNC=O,1.3867664157173134
CC1OC(OC2CC(O)C3(CO)C4C(O)CC5(C)C(C6=CC(=O)OC6)CCC5(O)C4CCC3(O)C2)C(O)C(O)C1O,3.669992626411439
CNC(=O)N(C)C,1.9122730844650588
CN(C)C(=O)N(C)C,1.9189435224644384
CCOC(=O)C(C)(C)Oc1ccc(Cl)cc1,2.2089820961200317
CCOP(=O)(OCC)OP(=S)(OCC)OCC,5.787116019654138
NOCC(=O)O,2.7979882587278326
CNC(=O)Oc1cc(C)c(C)cc1Cl,2.862863734199279
CCC(C)c1cccc(OC(=O)NC)c1,2.785063816239705
CCCC[Sn](Cl)(Cl)CCCC,3.3822872662579013
CCN(CC)C(C)=O,1.885270732588346
O=CN(O)CC(=O)O,1.376854233067078
CCC(=O)Nc1ccc(Cl)c(Cl)c1,2.224678460479819
O=C(NP(=O)(N1CC1)N1CC1)c1cccc(Br)c1,4.138463225848726
O=C(NP(=O)(N1CC1)N1CC1)c1ccc(F)cc1,3.72253069113758
O=C(NP(=O)(N1CC1)N1CC1)c1cc(Br)cc(Br)c1,3.611742420791353
COP(=S)(OC)SCN1C(=O)c2ccccc2C1=O,3.3809344633307017
CC(C)OP(=S)(OC(C)C)SCCNS(=O)(=O)c1ccccc1,2.712872628582069
C[Sn](C)(Cl)Cl,3.472572638530873
CN(N)C=O,2.267658569509321
CCCN(CCC)C(=O)SCC,2.0570975835406897
CNC(=O)Oc1cccc(C(C)(C)C)c1,2.6444448753462426
COP(=O)(O)OC,1.1603184035293124
O=P(O)(O)OC(CO)CO,1.704233813419392
CCN(CC)CCCl,3.6552601227048207
CCCCOC(=S)S,2.509413553292005
CN1CCCC1=O,1.1511202091453177
S=C(S)N1CCCCC1,2.2782019791448107
OCc1ccc(Cl)cc1,1.5697426155951868
O=C(O)c1ccccc1C(=O)O,2.179060608249753
O=C(C=Cc1ccco1)C=Cc1ccco1,1.889950932909422
CCOC(=O)CSP(=S)(OCC)OCC,2.41390299750444
COP(=S)(OC)SCSc1ccc(Cl)cc1,3.2427911889774124
O=C(NP(=O)(N1CC1)N1CC1)c1ccccc1Br,3.755246473997395
CCC(C)c1cc([N+](=O)[O-])cc([N+](=O)[O-])c1OC(=O)OC(C)C,3.3674956928928808
C[N+](C)(C)CCCl,2.1964631672947257
CN(C)P(=O)(N(C)C)n1nc(-c2ccccc2)nc1N,4.468788786410791
CNC(=O)Oc1cccc2sccc12,2.947287063771945
CN(C)S(=O)(=O)N(SC(F)(Cl)Cl)c1ccccc1,2.8237832116991988
CCC(=O)C(CC(C)N(C)C)(c1ccccc1)c1ccccc1,4.043436665985952
CNC(=O)CSP(=O)(OC)OC,3.588414325598223
CCCCN(CC)C(=O)SCCC,2.257093789987417
Cc1ccc2c(c1)NC(=O)C2=O,2.395682252845747
CNC(=O)Oc1cccc(C)c1,2.5845205556857525
CCSC(=O)N(CC)C1CCCCC1,1.9667461184945936
O=C(O)c1ccc(N(CCCl)CCCl)cc1,3.619186118680061
COc1cc2c(c3oc(=O)c4c(c13)CCC4=O)C1C=COC1O2,4.716388748124736
Cc1onc(-c2ccccc2)c1C(=O)NC1C(=O)N2C1SC(C)(C)C2C(=O)O,1.6036249713152768
CCCC[Sn](Cl)(CCCC)CCCC,2.1508391674479697
CCNNC(=O)C1C(c2cc(OC)c(OC)c(OC)c2)c2cc3c(cc2C(O)C1CO)OCO3,3.53011733366475
CNC(=O)Oc1cccc2c1OC(C)(C)C2,4.066141455734817
CCOP(=S)(CC)Oc1ccc(Cl)cc1Cl,3.6008408094442017
O=[N+]([O-])c1ccc(Oc2ccc(Cl)cc2Cl)cc1,1.976346921657194
CC(C)N(C(=O)CCl)c1ccccc1,2.302040527816405
Clc1cccc(C(Cl)(Cl)Cl)n1,1.798183517059386
O=c1c(Cl)c[nH]c(Cl)c1Cl,3.394530477111792
CN(C)C(=O)Nc1ccc(Oc2ccc(Cl)cc2)cc1,2.463519723400485
CNC(=O)Oc1ccc(N(C)C)c(C)c1,3.619637945061585
CNC(=O)Oc1cc(C)c(SC)c(C)c1,3.3527862501587458
Cc1c(Cl)ccc(Cl)c1Cl,1.6098522061598934
CCOC(=O)CSP(=O)(OC)OC,2.358327058717759
CCOP(=S)(Oc1ccc([N+](=O)[O-])cc1)c1ccccc1,4.664521097562516
Nc1c(I)cc(C(=O)O)cc1I,2.8780642145741435
CCN(CC)C(=O)C1CCCN(Cc2ccc(CN3CCCC(C(=O)N(CC)CC)C3)cc2)C1,2.9492903715807794
CN(C)C(=O)NC1CCCCCCC1,2.246192092087312
CCNc1ccc([C+](c2ccc(N(C)C)cc2)c2ccc(N(C)C)cc2)c2ccccc12,2.256709524595908
CCN(CC)c1ccc(N)cc1,2.562298152637148
CCSC(=O)N1CCCCCC1,2.454990957103542
ClC1=C(Cl)C(Cl)(C2(Cl)C(Cl)=C(Cl)C(Cl)=C2Cl)C(Cl)=C1Cl,2.185002641495125
CCCCOP(=S)(S)OCCCC,2.028409998752332
CCOP(=S)(OCC)SCC(=O)NC(C)C,4.552319850112209
CNC(=O)C(C)SCCSP(=O)(OC)OC,3.652220647710633
NC(=O)N[Hg]c1ccccc1,3.828329862003754
O=CNCC(=O)O,1.536040515438547
CCOP(=O)(OCC)SCCS(=O)(=O)CC,5.161881364245502
CCOC(=O)N(C)C(=O)CSP(=S)(OCC)OCC,3.961394724444903
O=C1C=Cc2cc(S(=O)(=O)O)cc(S(=O)(=O)O)c2C1=NNc1ccc(S(=O)(=O)O)c2ccccc12,2.4301855510485963
CCOP(=S)(OC)Oc1cc(Cl)c(Cl)cc1Cl,2.729910875693757
COP(=S)(OC)Oc1ccc(C#N)cc1,2.6225784329312773
Nc1cccc(C(F)(F)F)c1,2.525924388366069
CNC(=O)Oc1cc(C)cc(C)c1,2.864217965368616
COP(C)(=S)Oc1ccc(Cl)cc1Cl,3.287009491686036
CCS(=O)CC(C)SP(=O)(OC)OC,3.3943132315637445
O=[N+]([O-])N1CN([N+](=O)[O-])CN([N+](=O)[O-])CN([N+](=O)[O-])C1,1.6081976755750451
COc1coc(CSP(=O)(OC)OC)cc1=O,3.9704057701321394
CC(C)=NOC(=O)Nc1ccccc1,1.8066727994486729
CCOP(=S)(OCC)Oc1nc(Cl)c(Cl)cc1Cl,3.368709504098255
N#CSc1ccc(N)cc1,3.062743928662557
CON(C)C(=O)Nc1ccc(Br)cc1,1.8252007346108945
O=C(O)c1cccc(N(CCCl)CCCl)c1,3.377133982975417
O=C(O)c1ccccc1N(CCCl)CCCl,2.9133766898137363
CCCCCCCC[Sn](Cl)(Cl)Cl,1.9495106985699309
C1CCC(NC2CCCCC2)CC1,2.506404448055119
N#CC1SC2=C(SC1C#N)C(=O)c1ccccc1C2=O,2.4682570886123827
COP(=S)(OC)Oc1ccc(Sc2ccc(OP(=S)(OC)OC)cc2)cc1,1.7343336461649883
CCCCCCC(=O)NC,1.8550039962596396
NNc1c2ccccc2nc2ccccc12,4.241488371560625
CN(CCCOS(C)(=O)=O)CCCOS(C)(=O)=O,3.6069571759004777
O=C(Oc1ccc(C2CCCCC2)cc1)c1cccnc1,2.1068319566458205
Cn1c(=O)c2[nH]cnc2n(C)c1=O,2.778553992354315
CC(=O)N(C)N,2.740905218586538
O=CC=Cc1ccccc1O,2.2956726371895195
CCCCCCCC[Sn](Cl)(Cl)CCCCCCCC,1.7740631438243892
CS(=O)(=O)N(SC(Cl)(Cl)Cl)c1ccc(Cl)cc1,1.851374552821419
O=P1(NCCCl)OCCCN1CCCl,2.90490521386998
COP(=S)(OC)SCC(=O)NC(C)C,3.0125284707458597
CNC(=O)Oc1ccccc1Cl,3.092510111683981
O=C(NP(=O)(N1CC1)N1CC1)c1cc(I)cc(I)c1,2.6224022800834623
O=C(NP(=O)(N1CC1)N1CC1)c1cc(I)cc(I)c1I,2.622500003434152
O=C(NP(=O)(N1CC1)N1CC1)c1ccccc1,3.701094579265001
O=C(NP(=O)(N1CC1)N1CC1)c1ccccc1I,3.707250148659552
O=C(NP(=O)(N1CC1)N1CC1)c1cccc(I)c1,4.085120174556256
CCCCNP(=S)(OCC)Sc1ccccc1,2.9843862760021245
CCCC[Sn](=S)CCCC,3.261894259863639
ClCCN(CCCl)C1CCCCC1,4.873465923711318
CN(CCBr)CCBr,4.486001640507777
O=CNO,2.0297396692743326
O=C(O)CP(=O)(O)O,2.845194194575673
O=C1OC(OC2OC(=O)C(Cl)=C2Cl)C(Cl)=C1Cl,2.2039991777029275
O=C(NP(=O)(N1CC1)N1CC1)c1cc(I)ccc1I,2.7721646004167946
O=[N+]([O-])c1cc([N+](=O)[O-])c2[nH]c3c([N+](=O)[O-])cc([N+](=O)[O-])cc3c2c1,3.142638456982453
CCOP(=S)(OCC)Oc1cc(Cl)c(Br)cc1Cl,3.218978783284441
CCOP(=S)(OCC)OCCS(=O)(=O)CC,3.9857901051898215
O=C(O)CCC([N+](=O)[O-])([N+](=O)[O-])[N+](=O)[O-],2.9091610365064406
CC(=O)CCC([N+](=O)[O-])([N+](=O)[O-])[N+](=O)[O-],2.867516591198117
CCOP(=S)(OCC)N1C(=O)c2ccccc2C1=O,1.777119299746872
O=S(=O)(O)c1ccc(Cl)cc1,1.239385163694014
CNC(C)=S,3.4730634177122126
O=NN(Cc1ccccc1)Cc1ccccc1,2.400401741345674
O=C1C=C2C=CC3CC2(O1)C1CCCCN31,4.703527311022569
CCP(=S)(CC)Oc1cc(Cl)c(Cl)cc1Cl,4.27143840945272
O=C1C2C(C(=O)N1[Hg]c1ccccc1)C1(Cl)C(Cl)=C(Cl)C2(Cl)C1(Cl)Cl,3.724231537867449
NC(=S)N/N=N\c1ccc(Cl)c(Cl)c1,5.697449050648431
COC(=O)CCC([N+](=O)[O-])([N+](=O)[O-])[N+](=O)[O-],2.738487616039304
CCCCN(CCCC)CCCOC(=O)c1ccc(N)cc1,3.611298362296429
CCNc1nc(Cl)nc(NC(C)(C)C)n1,1.9632493461422036
Cc1cccc(C(=O)O)c1N(CCCl)CCCl,4.118946197132775
Cc1c(C(=O)O)cccc1N(CCCl)CCCl,4.265074232811013
CCc1ccc(C(=O)O)cc1N(CCCl)CCCl,3.8828988458761966
Cc1ccc(N(CCCl)CCCl)c(C(=O)O)c1,2.9292821308878203
Cc1ccc(C(=O)O)cc1N(CCCl)CCCl,4.110259149098065
Cc1ccc(N(CCCl)CCCl)cc1C(=O)O,3.64877380236844
CC(C)N(CCOC(=O)c1ccc(N)cc1)C(C)C,3.4222105282786037
Cc1ccc(C(=O)O)c(N(CCCl)CCCl)c1,4.1401354962027135
CC1C(=O)OCC2=CCN3CCC(OC(=O)C(C)C1(C)O)C23,3.8884069754243886
O=P1(N(CCCl)CCCl)NCCCO1,3.138034973896025
Cc1cc(N=Nc2ccc(N=Nc3ccccc3)cc2)ccc1O,2.0423051612431364
C[N+](CCCl)(CCCl)CCCl,3.4664978927429484
CC1CC2(OC2C)C(=O)OC2CCN3CC=C(COC(=O)C1(C)O)C23,3.767649270876088
CNC(=O)Oc1ccccc1C1OCCO1,3.2695674221875293
CCCC(=O)Nc1c(I)cc(I)c(C(=O)O)c1I,2.0858530064854297
Cc1nc(N)nc(N)c1Cc1ccc(Cl)cc1,4.094675474985406
CC(C)(C)N,2.210936504334272
CS(=O)(=O)OCC(OS(C)(=O)=O)C(O)C(O)C(COS(C)(=O)=O)OS(C)(=O)=O,2.3931714288368897
C=C1C(C)(C)C2(Cl)C(Cl)C1(Cl)C(Cl)(Cl)C2(Cl)Cl,3.1788077983604714
CNc1ccc([C+](c2ccc(N(C)C)cc2)c2ccc(N(C)C)cc2)cc1,2.56549544695877
S=C(S)NCCNC(=S)S,1.8326317570693096
Cc1cc(=O)[nH]o1,1.5488674142181829
ClCCN(CCCl)Cc1ccccc1,4.365776170935476
ClCC(Cl)=C(Cl)Cl,2.225553226010682
CCCC[N+](O)=NC,2.6139789829166182
S=C([S-])NCCNC1=[S][Zn+2][S-]1,2.1733658415520285
NC(=O)CCC([N+](=O)[O-])([N+](=O)[O-])[N+](=O)[O-],3.170482718957177
CCC(C)OC(=O)CCC([N+](=O)[O-])([N+](=O)[O-])[N+](=O)[O-],2.5855851847904665
CC(C)(C)OC(=O)CCC([N+](=O)[O-])([N+](=O)[O-])[N+](=O)[O-],2.6677719409778167
O=C(CCC([N+](=O)[O-])([N+](=O)[O-])[N+](=O)[O-])OCC([N+](=O)[O-])([N+](=O)[O-])[N+](=O)[O-],3.446867955254455
COC(=O)CCC[N+](=O)[O-],2.167701234971368
CNC(=O)CCC([N+](=O)[O-])([N+](=O)[O-])[N+](=O)[O-],3.19707829984804
C[N+](C)(N)CCCl,1.7163794520612536
NC(=O)NC(CC(=O)O)C(=O)O,2.245828403547361
CCOP(=O)(OCC)SCc1ccccc1,3.0388888687812474
COC(=O)Nc1cccc(OC(=O)Nc2cccc(C)c2)c1,2.574485591564091
CC(=O)Oc1cccc2c1C(=O)c1c(OC(C)=O)cc(C(=O)O)cc1C2=O,1.6911369178885398
Clc1ccc(C(Cl)Cl)cc1,2.018092171471743
CC=CCOC(=O)COc1ccc(Cl)cc1Cl,2.7844010918576214
COc1cccc(C(=O)NP(=O)(N2CC2)N2CC2)c1,3.5798638996937773
COc1ccc(C(=O)NP(=O)(N2CC2)N2CC2)cc1,3.7330922757899545
CCOc1cccc(C(=O)NP(=O)(N2CC2)N2CC2)c1,3.356289209089592
C=CCOc1cccc(C(=O)NP(=O)(N2CC2)N2CC2)c1,3.5381584207917984
C=CCOc1ccc(C(=O)NP(=O)(N2CC2)N2CC2)cc1,3.709397177053068
CCCCCN(CCCCC)CCOC(=O)c1ccc(N)cc1,3.408886853509768
CCCCCN(CCCCC)CCCOC(=O)c1ccc(N)cc1,3.649340052038124
CCC(C)N(CCOC(=O)c1ccc(N)cc1)C(C)CC,3.466011528272994
CC(C)CN(CCOC(=O)c1ccc(N)cc1)CC(C)C,3.466011528272994
CC(C)CCN(CCOC(=O)c1ccc(N)cc1)CCC(C)C,3.8068268621818047
CCC(C)N(CCCOC(=O)c1ccc(N)cc1)C(C)CC,3.611298362296429
CC(C)CCN(CCCOC(=O)c1ccc(N)cc1)CCC(C)C,3.649340052038124
CCN(CC)CCCCCOC(=O)c1ccc(N)cc1,3.444662991030452
CCCN(CCC)CCOC(=O)c1ccc(N)cc1,3.4222105282786037
CC(C)N(CCCOC(=O)c1ccc(N)cc1)C(C)C,3.5696017276387515
CCCCN(CCCC)CCOC(=O)c1ccc(N)cc1,3.767041523936975
CNC(=O)ON=C1C(Cl)C2CC(C#N)C1C2,3.968263770316593
CCOC(=O)CCC([N+](=O)[O-])([N+](=O)[O-])[N+](=O)[O-],2.549901654025856
CC(C)OC(=O)CCC([N+](=O)[O-])([N+](=O)[O-])[N+](=O)[O-],2.724567486456574
CCCCOC(=O)CCC([N+](=O)[O-])([N+](=O)[O-])[N+](=O)[O-],2.2997951556832223
O=C(CCC([N+](=O)[O-])([N+](=O)[O-])[N+](=O)[O-])OC1CCCC1,2.50997272288031
CC(=O)CCC(C)([N+](=O)[O-])[N+](=O)[O-],2.279107749383996
O=C(CCC([N+](=O)[O-])([N+](=O)[O-])[N+](=O)[O-])c1ccccc1,2.2907191126365847
CN(C)C(=O)CCC([N+](=O)[O-])([N+](=O)[O-])[N+](=O)[O-],2.7961700292048057
NC(=O)CCC[N+](=O)[O-],1.865692772782211
O=[N+]([O-])CCC([N+](=O)[O-])([N+](=O)[O-])[N+](=O)[O-],2.748352794991759
N#CCCC([N+](=O)[O-])([N+](=O)[O-])[N+](=O)[O-],3.3098387489923096
C=CCC1=C(C)C(OC(=O)C2C(C)(C)C2(C)C)CC1=O,2.5357044466117418
CCOP(=S)(OCC)SC1=COCCO1,3.477622816385568
O=C1OC2(c3ccccc31)c1cc(I)c(O)c(I)c1Oc1c2cc(I)c(O)c1I,2.644542513153425
C[N+]1(C)CCOC(O)(c2ccc(-c3ccc(C4(O)C[N+](C)(C)CCO4)cc3)cc2)C1,5.964360215170597
O=P(O)(O)CCCl,1.8174271329070943
CCS(=O)(=O)CCSP(=O)(OC)OC,3.8167200859971424
CC(C)=CC1C(C(=O)OC2CC(=O)C(Cc3ccco3)=C2C)C1(C)C,2.689480107141661
CCOP(=O)(Sc1ccccc1)Sc1ccccc1,3.165557867863974
Cc1cc(C(=O)O)ccc1N(CCCl)CCCl,4.210716570488421
Cc1cc(C(=O)O)cc(N(CCCl)CCCl)c1,3.725162148231896
CN(C)CCCOC(=O)c1ccc(N)cc1,2.744856027041518
CCCN(CCC)CCCOC(=O)c1ccc(N)cc1,3.444662991030452
CC(C)CN(CCCOC(=O)c1ccc(N)cc1)CC(C)C,3.185329630024148
CCN(CC)CCCCOC(=O)c1ccc(N)cc1,3.547149264886903
CCCC(=O)NC,1.7039315978528402
CCCCNC(=O)n1c(NC(=O)OC)nc2ccccc21,1.4663697707646717
COP(=S)(OC)Oc1cc(Cl)c(I)cc1Cl,2.31492005599242
COC(=O)c1c(C)cccc1N(CCCl)CCCl,2.964371888703407
COC(=O)c1ccc(C)c(N(CCCl)CCCl)c1,4.1616524468290255
Cc1cc(N(CCCl)CCCl)ccc1C(=O)O,3.677737498303757
COC(=O)CCC([N+](=O)[O-])[N+](=O)[O-],2.283588401441792
CC(=O)Nc1c(I)cc(I)cc1C(=O)O,2.4497525858243554
CC(C)c1ccc(C(=O)O)cc1N(CCCl)CCCl,3.0313970437518707
CCCc1ccc(C(=O)O)cc1N(CCCl)CCCl,2.924474908742995
CN(C)CCCN1CCC2(CCC(CO)CC2)CC1,3.185817270610793
Cc1ccc(C(N)=O)cc1N(CCCl)CCCl,4.293487252416813
Cc1ccc(C=O)cc1N(CCCl)CCCl,4.114217205543093
Cc1ccc(S(=O)(=O)O)cc1N(CCCl)CCCl,3.193427941740599
Cc1ccc(P(=O)(O)O)cc1N(CCCl)CCCl,3.6370071900817775
O=C1C(=NNc2ccc(S(=O)(=O)O)cc2)C(=O)N(c2ccccc2)N1c1ccccc1,3.005456232605698
CCNNC(C)=O,2.8330918384174337
O=CC(O)C(O)C(O)C(S)CO,1.1466240888240051
COc1cccc(OP(=O)(Oc2ccccc2)N(CCCl)CCCl)c1,3.351356036512833
COc1ccc(OP(=O)(Oc2ccc(OC)cc2)N(CCCl)CCCl)cc1,3.4202618834783785
COc1ccc(OP(=O)(Oc2ccccc2)N(CCCl)CCCl)cc1,3.28440924688222
CN(O)C=O,1.699357800883173
CC(=O)OCC12CC(OC(=O)CC(C)C)C(C)=CC1OC1C(O)C(OC(C)=O)C2(C)C12CO2,5.920688756363967
Cc1ccc(C(=O)N2CCOCC2)cc1N(CCCl)CCCl,4.307709923404806
Cc1ccc([N+](=O)[O-])cc1N(CCCl)CCCl,3.044776441255173
Cc1ccc(C(=O)OC(C)C)cc1N(CCCl)CCCl,4.201730228785968
CCCCCCCCCCCCCCCCCOC(=O)c1ccc(C)c(N(CCCl)CCCl)c1,3.6180666631216782
CCN(CC)CCOC(=O)c1ccc(C)c(N(CCCl)CCCl)c1,4.273394853997137
CCNC(=O)c1ccc(C)c(N(CCCl)CCCl)c1,4.402595216539152
Cc1ccc(C(=O)N2CCCCC2)cc1N(CCCl)CCCl,3.836701268965951
COP(=O)(OC)OC(=CCl)c1cc(Cl)c(Cl)cc1Cl,1.6899433835472204
CNS(=O)(=O)NC,1.7929691972054107
COCC[Hg+],3.7154651532897423
CN1CCC23c4c5ccc(O)c4OC2C([N-][N+]#N)CCC3C1C5,4.380730136221845
COc1ccc2c3c1OC1C([N-][N+]#N)CCC4C(C2)N(C)CCC341,3.4168401370737667
CCOP(=O)(OCC)OCCSCC,3.1412741386777934
CCOP(=O)(OCC)OCCS(=O)(=O)CC,3.563124960338044
CCOP(=O)(OCC)OCCS(=O)CC,4.412084051733415
CN1CCC23c4c5ccc(O)c4OC2C(O)C=CC3C1C5,3.1461339768563588
Nc1ncnc2c1ncn2C1OC(COC2C(CO)OC(OC(C(=O)O)C(O)C(OP(=O)(O)O)C(O)C(=O)O)C(O)C2O)C(O)C1O,3.254955639145637
COP(=N)(S)Oc1ccccc1C(=O)OC(C)C,4.118915244363443
CC(C)N(CCCl)CCCl,5.2650773780035935
CC[N+](CC)(CC)c1ccc(-c2ccc([N+](CC)(CC)CC)cc2)cc1,4.826343118281194
C[N+](C)(Cc1ccc([N+](=O)[O-])cc1)c1ccc(-c2ccc([N+](C)(C)Cc3ccc([N+](=O)[O-])cc3)cc2)cc1,5.425582006449313
CC(C1=NCCN1)(c1ccccc1)c1ccccn1,2.4622304176861425
COc1ccc(C(=O)O)cc1N(CCCl)CCCl,4.261503746178806
O=C(c1cccc(N(CCCl)CCCl)c1)N1CCCCC1,3.3904486842615227
Cc1ccc(NC(=O)c2cccc(N(CCCl)CCCl)c2)c([N+](=O)[O-])c1,2.9176600652861397
CN(C)C(=O)c1cccc(N(CCCl)CCCl)c1,3.1129024357398265
NC(=O)c1cccc(N(CCCl)CCCl)c1,3.4212581615782875
CCN(CC)CCOC(=O)c1ccccc1N(CCCl)CCCl,3.11401868907041
CC(C)OC(=O)c1cccc(N(CCCl)CCCl)c1,4.307092220220479
O=C(Cl)c1cccc(N(CCCl)CCCl)c1,3.2577281083958267
O=[N+]([O-])c1cccc(N(CCCl)CCCl)c1,3.0204867411702216
Cc1ccc(C(=O)O)c(C)c1N(CCCl)CCCl,4.286591183437326
CC(C)N(C(=O)c1cccc(N(CCCl)CCCl)c1)C(C)C,3.431004216577324
COC(=O)c1cccc(N(CCCl)CCCl)c1,3.554674766694213
O=C(OCCOc1cc(Cl)c(Cl)cc1Cl)C(Cl)(Cl)Cl,2.2674221351062336
COc1ccccc1OP(=O)(Oc1ccccc1)N(CCCl)CCCl,3.351356036512833
CC(=O)c1c(Cl)c(Cl)c(Cl)c(Cl)c1Cl,2.36903170720886
CC(C)OC(=O)c1ccccc1O[PH](=S)OCCN,3.214729318911511
Clc1ccc(-c2ccccc2)c(Cl)c1Cl,1.7789056691686642
CCCCCCCC[Sn](CCCCCCCC)(SCC(=O)OCCCCCC(C)C)SCC(=O)OCCCCCC(C)C,2.580542731098012
CCC(C)NC(=S)C(=S)NC(C)CC,4.667299755345933
ClCCNCCCCCCNCCCl,3.0813581110150854
CCCCOCOc1ccccc1,1.786046029150956
Clc1ccccc1-c1ccccc1,1.8865068396965887
Oc1ccc([Hg]c2ccccc2)c(O)c1,3.888516461074945
O=C(NP(=O)(N1CC1)N1CC1)c1ccc(I)cc1,3.877511864054509
O=C(NP(=O)(N1CC1)N1CC1)c1ccc(Cl)cc1,4.040892807080376
O=C1NC(=O)C2=C1CCCC2,1.924178743294468
Cc1c(Cl)c(Cl)c(C(Cl)Cl)c(Cl)c1Cl,1.5305885796895575
C=CCC1=C(C)C(OC(=O)C2C(C=C(C)C)C2(C)C)CC1=O,2.648092979883539
CCSCc1ccccc1OC(=O)NC,2.750726258830784
Cc1cn(C2CC([N-][N+]#N)C(CO)O2)c(=O)[nH]c1=O,2.5518483251655497
NC(=O)c1[nH]nc(C2OC(CO)C(O)C2O)c1O,3.568567115476169
CC(=O)Nc1c(I)c(C(=O)NC(C=O)C(O)C(O)C(O)CO)c(I)c(N(C)C(C)=O)c1I,3.69301151035897
Cc1ccc(N=CN(C)C=Nc2ccc(C)cc2C)c(C)c1,2.6893295816106355
CC(=O)Oc1ccccc1C=CC=O,2.4041446824718897
O=C1Nc2ccccc2C1=Nc1ccccc1,2.477604187628984
CCCCOP(O)(=S)OCCCC,2.0141982166530257
CC(C)c1ccc(NC(=O)N(C)C)cc1,2.296191762170626
CCOC(=O)CCC(NC(=O)c1ccc(N=NN(C)C)cc1)C(=O)OCC,3.00861050050738
Cc1[nH]c(=O)[nH]c(=O)c1S(=O)(=O)Nc1ccc(S(=O)(=O)c2ccc(NS(=O)(=O)c3c(C)[nH]c(=O)[nH]c3=O)cc2)cc1,2.38065296730761
CC=C1CC(C)C(O)(CO)C(=O)OCC2=CCN3CCC(OC1=O)C23,4.001732476909456
O=C(O)C(Cl)c1ccc(C2CCCCC2)c(Cl)c1,3.00331840470192
C[N+]1(CC2COC(CCC3OCC(C[N+]4(C)CCCC4)O3)O2)CCCC1,5.966768073443264
O=C(Nc1ccc([N+](=O)[O-])cc1[N+](=O)[O-])c1ccc([N+](=O)[O-])cc1,1.1790135509447328
CCOP(=S)(Cl)Oc1ccccc1,2.294943614132102
CCCN(CCCl)CCCl,5.361987391011651
C=C(Cl)C(C)(Cl)Cl,2.514185635235057
Cc1cc(O)c(C(C)(C)C)cc1C(C)CC(c1cc(C(C)(C)C)c(O)cc1C)c1cc(C(C)(C)C)c(O)cc1C,1.5901250061967722
COCCN(C(=O)CCl)c1ccccc1C,2.2497700838231247
O=c1[nH]c2c(Cl)c(Cl)c(Cl)cc2o1,2.2982288297964977
CCc1cccc(C)c1N(C(=O)CCl)C(C)COC,1.9519515986174207
c1ccc(N2CCNCC2)nc1,2.3796369046450003
CC1(C)C(C=C(Cl)Cl)C1C(=O)OC(C#N)c1cccc(Oc2ccccc2)c1,3.017350592437945
CC1(C)C(C=C(Cl)Cl)C1C(=O)OCc1cccc(Oc2ccccc2)c1,2.862528902894021
CN(Cc1cnc2c(N)nc(N)nc2n1)c1ccc(C(=O)NC(CCC(=O)O)C(=O)O)cc1,2.925021165353671
CCCC(C)CCOC(=O)c1ccccc1C(=O)OCCC(C)CCC,1.0090916382241046
O=C(NCc1cccnc1)Nc1ccc([N+](=O)[O-])cc1,4.327780251071668
CCCCC(Sc1cc(C(C)(C)C)c(O)c(C(C)(C)C)c1)C(=O)O,1.6898759037435755
COC(=O)Nc1nc2ccc(S(=O)c3ccccc3)cc2[nH]1,1.6926183700402673
CCN(CC)CCOC(=O)c1cc(C)cc(C)c1,2.884932978345085
CCOP(=S)(OCC)OC(Cl)C(Cl)(Cl)Cl,5.271071942428166
COCCCCC(=NOCCN)c1ccc(Cl)cc1,2.28720282592899
Cc1ccc(C(=O)O)cc1N(CCBr)CCBr,4.182158955972453
Cc1ccc(C(=O)O)cc1N(CCI)CCI,3.883722932196573
Cc1ccc(C(=O)O)cc1N(CC(C)Cl)CC(C)Cl,3.9517045622339055
CCCCN(CCCl)CCCl,5.296965583036721
Oc1ccccc1C=CC=Nc1ccccc1,2.4737788346467244
Cc1cccc(Nc2ccncc2S(=O)(=O)NC(=O)NC(C)C)c1,1.8431430437127976
N#CC1CN1C(N)=O,1.9488196818163035
COc1cccc2c1C(=O)c1c(O)c3c(c(O)c1C2=O)CC(O)(C(=O)CO)CC3OC1CC(N)C(O)C(C)O1,4.8901214846957215
NC(CCC(=O)NCCS(=O)(=O)O)C(=O)O,2.4052848748901803
CCCCCCCC[Sn]1(CCCCCCCC)SCC(=O)OCCOC(=O)CS1,2.936874091289979
CC(CC1CCc2ccccc2Cc2ccccc21)CN(C)C,3.0916189377308405
NS(=O)(=O)c1cccc(N(CCCl)CCCl)c1,3.468737660194092
O=C(O)c1ccc(NS(=O)(=O)c2cccc(N(CCCl)CCCl)c2)cc1,2.9206252287480283
O=S(=O)(F)c1cccc(N(CCCl)CCCl)c1,3.229411380456016
O=C(O)c1ccc(Br)c(N(CCCl)CCCl)c1,3.8338251276517368
Cc1ccc(C(=O)Nc2ccccc2S(=O)(=O)F)cc1N(CCCl)CCCl,2.9378507569583863
Cc1ccc(C(=O)Nc2cccc(S(=O)(=O)F)c2)cc1N(CCCl)CCCl,3.636820761294405
Cc1ccc(C(=O)Nc2ccc(S(=O)(=O)F)cc2)cc1N(CCCl)CCCl,3.659097156005557
CCCCC1C(=O)N(c2ccc(S(=O)(=O)O)cc2)N(c2ccc(S(=O)(=O)O)cc2)C1=O,2.1966474348322214
O=C1C(c2ccc(S(=O)(=O)O)cc2)C(=O)N(c2ccc(S(=O)(=O)O)cc2)N1c1ccc(S(=O)(=O)O)cc1,2.4419667677658463
CCCCCCCCCCCCN1CCCCCC1=O,1.5463637269052093
CCN1CCN(C(=O)NC(C(=O)NC2C(=O)N3C2SC(C)(C)C3C(=O)O)c2ccccc2)C(=O)C1=O,2.412934064993029
CCOC(=O)C(O)=C(F)C(=O)OCC,2.4391621010424105
Oc1ccccc1C=CC=Nc1ccc(Br)cc1,2.605191518436857
CCCCCCCCCCCC(C)[N+](C)(C)[O-],2.3163451527016488
CCOC(=O)C(SP(=S)(OC)OC)c1ccccc1,3.107714543756171
CCOC(=O)C(NC(=O)c1ccc(C)c(N(CCCl)CCCl)c1)C(O)c1ccccc1,3.01646969003581
CCN1CCN(C(=O)NC(C(=O)NC2C(=O)N3C(C(=O)O)=C(CSc4nnnn4C)CSC23)c2ccc(O)cc2)C(=O)C1=O,2.3048673559809933
CN(c1c(Br)cc(Br)cc1Br)c1c([N+](=O)[O-])cc([N+](=O)[O-])cc1C(F)(F)F,3.4586814359881406
ClCCNCCNCCCl,3.364311739196636
ClCCN(CCCl)CCN(CCCl)CCCl,5.190466168544543
CC1=NO/C(=N\Nc2ccccc2Cl)C1=O,3.2755599636350428
Cc1ccc(C(=O)N2CC2)cc1N(CCCl)CCCl,4.248430557431425
COC(=O)c1ccc(C)c(NC(=O)N(CCCl)N=O)c1,3.958193089957112
NNC1(c2ccccc2)NC(=O)CC(=O)N1,3.041850427117596
CCCC(C)C1(CC)C(=O)NC(=NNCc2c(CO)cnc(C)c2O)NC1=O,3.270481409896663
CCCC(C)C1(CC)C(=O)NC(NN)NC1=O,3.430152127558389
C=C(C)C1NC(=O)C(NC)C(O)c2cc(Cl)c(O)c(c2)OC(C)(CC)C(C(=O)N2CC=CC2C(=O)NC(C(=O)NC(=CC(=O)O)C(=O)O)=C(C)CC)NC1=O,5.19823853330129
CC(Cl)=C(Cl)CCl,2.637939392985678
COc1cc(NCc2cnc3nc(N)nc(N)c3n2)ccc1C(=O)NC(CCC(=O)O)C(=O)O,4.092726183648207
COc1cc(C(=O)NC(CCC(=O)O)C(=O)O)ccc1NCc1cnc2nc(N)nc(N)c2n1,3.30144191799328
Nc1nc(N)c2nc(CNc3ccc(C(=O)NCC(=O)NC(CCC(=O)O)C(=O)O)cc3)cnc2n1,3.1079369160951678
CN(Cc1cnc2nc(N)nc(N)c2n1)c1ccc(C(=O)NCC(=O)NC(CCC(=O)O)C(=O)O)cc1,2.818423770185864
CN(Cc1cnc2nc(N)nc(N)c2n1)c1ccc(C(=O)NC(Cc2ccccc2)C(=O)NC(CCC(=O)O)C(=O)O)cc1,3.091796191601106
Nc1c(I)cc(I)c(C(=O)O)c1I,2.550292469508245
CC(C)Nc1nc(NC(C)C)nc(N(C)C#N)n1,2.119380627370611
CCOC(c1ccncc1)c1c(C(=O)O)n(C)c2ccccc12,3.4918559478111484
CCOC(c1cccnc1)c1c(C(=O)O)n(C)c2ccccc12,3.4918559478111484
COC(c1cccnc1)c1c(C(=O)O)n(C)c2ccccc12,3.4717697586725693
CN(Cc1cnc2nc(N)nc(N)c2n1)c1ccc(C(=O)NCC(=O)O)cc1,3.186300364810928
CC(NC(=O)c1ccc(N(C)Cc2cnc3nc(N)nc(N)c3n2)cc1)C(=O)O,3.091640664803468
CN(Cc1cnc2nc(N)nc(N)c2n1)c1ccc(C(=O)NCCC(=O)O)cc1,3.236417861190747
CN(CC(=O)O)C(=O)c1ccc(N(C)Cc2cnc3nc(N)nc(N)c3n2)cc1,3.035852832751865
CCC(NC(=O)c1ccc(N(C)Cc2cnc3nc(N)nc(N)c3n2)cc1)C(=O)O,2.647575591474108
CN(Cc1cnc2nc(N)nc(N)c2n1)c1ccc(C(=O)NCCCC(=O)O)cc1,3.600410337989043
CC(C)C(NC(=O)c1ccc(N(C)Cc2cnc3nc(N)nc(N)c3n2)cc1)C(=O)O,3.3268118898852874
CC(C)CC(NC(=O)c1ccc(N(C)Cc2cnc3nc(N)nc(N)c3n2)cc1)C(=O)O,3.3771438513457754
CN(CC(=O)NC(CCC(=O)O)C(=O)O)C(=O)c1ccc(N(C)Cc2cnc3nc(N)nc(N)c3n2)cc1,2.7497825964131546
CC(C)CC(NC(=O)c1ccc(N(C)Cc2cnc3nc(N)nc(N)c3n2)cc1)C(=O)NC(CCC(=O)O)C(=O)O,3.055947197121573
CC(NC(=O)c1ccc(N(C)Cc2cnc3nc(N)nc(N)c3n2)cc1)C(=O)NC(CCC(=O)O)C(=O)O,3.0503483542115486
CN(Cc1cnc2nc(N)nc(N)c2n1)c1ccc(C(=O)NC(Cc2ccccc2)C(=O)O)cc1,2.991363046803495
CN(Cc1cnc2c(N)nc(N)nc2n1)c1ccc(C(=O)NCC(=O)O)cc1,3.222664229566776
O=C(Nc1ccccc1)c1cccc(N(CCCl)CCCl)c1,3.360634623595766
O=S(=O)(Oc1ccccc1)c1cccc(N(CCCl)CCCl)c1,3.0003354615970848
O=C(O)c1ccc(Cl)c(N(CCCl)CCCl)c1,3.764573149085784
CC(=O)c1ccccc1NC(=O)c1ccc(C)c(N(CCCl)CCCl)c1,2.9134981680083123
CC(=O)c1cccc(NC(=O)c2ccc(C)c(N(CCCl)CCCl)c2)c1,2.9926794140559374
CC(=O)c1ccc(NC(=O)c2ccc(C)c(N(CCCl)CCCl)c2)cc1,3.3772554611699936
Cc1ccc(C(=O)Nc2ccccc2C(=O)CBr)cc1N(CCCl)CCCl,4.27619517123042
Cc1ccc(C(=O)Nc2cccc(C(=O)CBr)c2)cc1N(CCCl)CCCl,3.9751651755664383
Cc1ccc(C(=O)Nc2ccc(C(=O)CBr)cc2)cc1N(CCCl)CCCl,3.782040577211976
C1=CC(Nc2ccccc2)Oc2ccc3ccccc3c21,2.561633982401365
Brc1ccc(NC2C=Cc3c(ccc4ccccc34)O2)cc1,2.6717663123635607
O=[N+]([O-])c1ccc(NC2C=Cc3c(ccc4ccccc34)O2)cc1,2.627819034434095
CCCCNNC,2.231218898230332
C=C(C)CCCC1(C)OC(=O)C23CCC4C(=CCC5C(C)(C)C(OC6OCC(OS(=O)(=O)O)C(O)C6OC6OC(C)C(OC7OC(CO)C(O)C(OCC8OC(CO)C(O)C(OC)C8O)C7O)C(O)C6OC6OCC(O)C(O)C6O)CCC45C)C2CC(=O)C13,4.715141583923669
CC(=O)OC(C(Cl)(Cl)Cl)P(=O)(Oc1ccccc1)Oc1ccccc1,2.2977779399836398
COP(=O)(OC)C(OC(=O)CCl)C(Cl)(Cl)Cl,2.899359035289363
CCC(=O)Nc1c(I)cc(I)c(C(=O)O)c1I,1.848067416871324
N#CC(Cc1ccc(N(CCCl)CCCl)cc1)C(=O)NC1(CO)COC2(CCCCC2)OC1,2.697622471623481
N#CC(Cc1ccc(N(CCCl)CCCl)cc1)C(=O)NC(CO)(CO)CO,2.881146977513344
Cc1ccc(C(=O)O)cc1N=NN(C)C,2.7849799970461104
COC(=O)c1ccc(C)c(N=NN(C)C)c1,2.344035186524178
CCOC(=O)c1ccc(C)c(N=NN(C)C)c1,2.370730210811676
CCCOC(=O)c1ccc(C)c(N=NN(C)C)c1,2.395878945067338
Cc1ccc(C(=O)OC(C)C)cc1N=NN(C)C,2.395878945067338
CCCCOC(=O)c1ccc(C)c(N=NN(C)C)c1,2.420084402923967
Cc1ccc(C(=O)OCC(C)C)cc1N=NN(C)C,2.420084402923967
CCCCCOC(=O)c1ccc(C)c(N=NN(C)C)c1,2.4426222775093374
Cc1ccc(C(=O)OCCC(C)C)cc1N=NN(C)C,2.4426222775093374
Cc1ccc(C(=O)Oc2ccccc2)cc1N=NN(C)C,2.452294094437111
Cc1ccc(C(N)=O)cc1N=NN(C)C,2.892787924676812
CNC(=O)c1ccc(C)c(N=NN(C)C)c1,2.7927388284562555
CCNC(=O)c1ccc(C)c(N=NN(C)C)c1,2.8244707328443464
CCCNC(=O)c1ccc(C)c(N=NN(C)C)c1,2.966894394504584
Cc1ccc(C(=O)NC(C)C)cc1N=NN(C)C,3.0545850736932545
CCCCNC(=O)c1ccc(C)c(N=NN(C)C)c1,3.02269330909182
Cc1ccc(C(=O)NCC(C)C)cc1N=NN(C)C,2.920582102397956
Cc1ccc(C(=O)NC(C)(C)C)cc1N=NN(C)C,3.193583374461693
Cc1ccc(C(=O)NC2CCCCC2)cc1N=NN(C)C,2.459553649125517
Cc1ccc(C(=O)Nc2ccccc2)cc1N=NN(C)C,2.449915456090219
Cc1ccc(C(=O)NCc2ccccc2)cc1N=NN(C)C,2.4722746134031484
Cc1ccc(C(=O)N(C)C)cc1N=NN(C)C,3.1738781969009366
CCN(CC)C(=O)c1ccc(C)c(N=NN(C)C)c1,3.14937971196964
Cc1ccc(C(=O)N(C(C)C)C(C)C)cc1N=NN(C)C,3.06507305359302
CCCCN(CCCC)C(=O)c1ccc(C)c(N=NN(C)C)c1,2.5685632581370337
Cc1ccc(C(=O)N(CC(C)C)CC(C)C)cc1N=NN(C)C,2.5030617093806016
Cc1ccc(C(=O)N(C2CCCCC2)C2CCCCC2)cc1N=NN(C)C,2.5688362692346707
Cc1ccc(C(=O)N(Cc2ccccc2)Cc2ccccc2)cc1N=NN(C)C,2.586714297113851
O=C(Oc1ccc(C23CC4CC(CC(C4)C2)C3)cc1)c1cccnc1,2.017855996605396
O=C(Oc1ccccc1C1CCCCC1)c1cccnc1,2.137500776412272
CCOC(=O)C(NC(=O)c1ccc(N=NN(C)C)cc1)C(C)C,2.7297086878478027
CCOC(=O)C(C)NC(=O)c1ccc(N=NN(C)C)cc1,2.563883865693181
CCOC(=O)CC(NC(=O)c1ccc(N=NN(C)C)cc1)C(=O)OCC,2.685940814904312
N#CC(=Cc1ccc(N(CCCl)CCCl)cc1)C(=O)NC(CO)(CO)CO,2.619411626979425
CCOC(=O)C(C)N(C(=O)CC1c2ccccc2-c2ccccc21)c1ccc(N=NN(C)C)cc1,2.7566997934050965
CN(C)c1ccc(C2OC(C)(C)N=C2c2ccccc2)cc1,2.482163121019073
CN(C(=O)CC(=O)N(C)c1c(I)c(C(=O)NC(CO)C(O)CO)c(I)c(C(=O)NC(CO)C(O)CO)c1I)c1c(I)c(C(=O)NC(CO)C(O)CO)c(I)c(C(=O)NC(CO)C(O)CO)c1I,2.839377913472399
CC(C)(C)c1cc(C2CCCCC2)ccc1OC(=O)c1cccnc1,2.2977772416355595
CC1(C)CC1C(=O)NC(=CCCCCSCC(N)C(=O)O)C(=O)O,1.6513507134624048
CN(Cc1cnc2c(N)nc(N)nc2n1)c1ccc(C(=O)NC(CC(=O)O)C(=O)O)cc1,3.35606530265018
CN(Cc1cnc2nc(N)nc(N)c2n1)c1ccc(C(=O)NCC(=O)NC(CC(=O)O)C(=O)O)cc1,3.0265227886152504
CN(Cc1cnc2nc(N)nc(N)c2n1)c1ccc(C(=O)NC(Cc2ccccc2)C(=O)NC(CC(=O)O)C(=O)O)cc1,2.793188433414228
COc1cc(N(C)Cc2cnc3nc(N)nc(N)c3n2)ccc1C(=O)NC(CCC(=O)O)C(=O)O,2.350614811659884
COc1cc(C(=O)NC(CCC(=O)O)C(=O)O)ccc1N(C)Cc1cnc2nc(N)nc(N)c2n1,3.1194217598696072
COc1cc(N(C)Cc2cnc3nc(N)nc(N)c3n2)ccc1C(=O)NC(CC(=O)O)C(=O)O,2.496129088021746
COc1cc(C(=O)NC(CC(=O)O)C(=O)O)ccc1N(C)Cc1cnc2nc(N)nc(N)c2n1,2.9744092346416267
Nc1nc(N)c2nc(CNc3ccc(C(=O)NCC(=O)NC(CC(=O)O)C(=O)O)cc3)cnc2n1,3.419529249917898
CC1Sc2nc(N)nc(N)c2N=C1CN(C)c1ccc(C(=O)NC(CCC(=O)O)C(=O)O)cc1,3.034799520787512
O=C(O)CN1C(=S)c2cccc3c(F)ccc1c23,2.337919934775289
O=C(O)CN1C(=S)c2cccc3c(Br)cc(Br)c1c23,2.524048677407777
O=C(O)CN1C(=S)c2cccc3c(Cl)cc(Cl)c1c23,2.4152196567113107
O=C(O)CN1C(=S)c2cccc3cccc1c23,2.3069376570504603
O=C(O)CN1C(=S)c2cccc3c(Cl)ccc1c23,2.364444675556311
c1cnc2ccc(-c3nccc4c3[nH]c3ccccc34)cc2c1,3.303012288182917
CCn1c(-c2ccc(OC(C)=O)cc2)c(C)c2cc(OC(C)=O)ccc21,1.8468342246117948
CCCCCC(=O)Nc1c(I)cc(I)cc1C(=O)O,3.1253029747423127
O=C(Nc1c(I)cc(I)cc1C(=O)O)c1ccccc1,3.1365778922509557
O=CNc1c(I)cc(I)c(C(=O)O)c1I,1.8315786546540207
O=C(Nc1c(I)cc(I)c(C(=O)O)c1I)c1ccccc1,2.7916443405160574
CCCCCC(=O)Nc1c(I)cc(I)c(C(=O)O)c1I,2.626071926055221
CCCCCCCCCCCC(=O)Nc1c(I)cc(I)c(C(=O)O)c1I,3.3809176434068937
CC(=O)Nc1c(I)cc(C(=O)O)cc1I,2.011194726244054
OC(Cn1cncn1)(Cn1cncn1)c1ccc(F)cc1F,2.486112966522751
O=[N+]([O-])c1ccc(N=CC=Cc2ccccc2O)cc1,2.553514083599792
CC(=O)Oc1ccccc1C=CC=Nc1ccccc1,2.548695630073188
CC(=O)Oc1ccc2ccccc2c1C=CC=Nc1ccccc1,2.6237618688944773
CC(=O)Oc1ccc2ccccc2c1C=CC=O,2.5056165941268675
CC(=O)Oc1c(C=CC=O)cc(C)c2ccccc12,2.530259478972903
CC(C)OC(=O)c1ccccc1OP(=N)(S)OC(C)C,3.093294431809201
COC(=O)c1ccccc1OP(=N)(S)OC,2.385629548399056
CCOP(=N)(S)Oc1ccccc1C(=O)OC,2.37905473164897
C=[N+](C)O.CCl,2.5664924875617565
Cc1ccc2oc(=O)cc(CN)c2c1,2.845589502673203
Cc1ccc2c(CN)cc(=O)oc2c1,2.8455895026732034
CCCC[N+](O)=CCCl.CCl,5.30344878215392
CC(C)CCN(CCCl)CCCl,4.849550439983672
CC(C)CC[N+](O)=CCCl.CCl,3.855607984133835
COCC=[N+](O)CCCl,2.4845873752399785
O[N+](=CCCl)CCCl.c1ccccc1,3.827247387602237
CCl.C[N+](O)=CCCl.O[N+](=CCCl)CCCl,5.022642784659061
CCCCCN(CCCl)CCCl,4.849550439983672
CCN(CC)CCCOC(=O)c1ccc(N)cc1,3.3016237045109
C=C1C(=O)NC(C)C(=O)NC(CC(C)C)C(=O)NC(C(=O)O)C(C)C(=O)NC(CCCNC(=N)N)C(=O)NC(C=CC(C)=CC(C)C(Cc2ccccc2)OC)C(C)C(=O)NC(C(=O)O)CCC(=O)N1C,7.298935562703546
ClCC[N+]1(CCCl)CCCO1,4.424012177918438
CC1(C)C2CC(NC(=O)C(O)C3CCCC3)C(CC=CCCCC(=O)O)C1C2,3.396889794223313
CCOC(=O)CCNC(=O)c1ccc(N=NN(C)C)cc1,2.422524479022781
CCOC(=O)C(Cc1ccccc1)NC(=O)c1ccc(N=NN(C)C)cc1,2.829966735124798
CC12CCC(=O)CC1CCC1C2CCC2(C)C(OC(=O)Cc3ccc(N(CCCl)CCCl)cc3)CCC12,3.220737905165495
CC[N+](O)=CCCl.CCl.O[N+](=CCCl)CCCl,5.615533170793958
O/[N+](=C/c1ccccc1)CCCl.c1ccccc1,2.8754912088454447
COc1ccc(C(=CC(=O)NCc2ccccc2)c2ccc(OC)cc2)cc1,2.873264785283252
COc1ccc(C(=CCNS(=O)(=O)c2ccccc2)c2ccc(OC)cc2)cc1,2.913291325534265
CCOC(=O)CCC(C#N)=C(c1ccc(OC)cc1)c1ccc(OC)cc1,2.863833005128826
COC(=O)CCCC(C#N)=C(c1ccc(OC)cc1)c1ccc(OC)cc1,2.863833005128826
Cc1cc(C)c(NC(=O)C(C)N2CCCCCC2)c(C)c1,4.020715264660237
CCC(C(=O)Nc1c(C)cccc1C)N1CCCCCC1,4.667656268992246
CCC(C(=O)Nc1c(C)cc(C)cc1C)N1CCCCCC1,4.350337051065504
CCCC(C(=O)Nc1c(C)cc(C)cc1C)N1CCCCCC1,4.722207369744392
COc1ccc(C=NNC(=O)C2=CCN(NS(=O)(=O)c3ccc(NC(C)=O)cc3)CC2)cc1,3.3512983234090843
CC(=O)Nc1ccc(S(=O)(=O)NN2CC=C(C(=O)N/N=C/c3ccc(C)cc3)CC2)cc1,3.403254012356236
CC(=O)Nc1ccc(S(=O)(=O)NN2CC=C(C(=O)N/N=C/c3ccccc3)CC2)cc1,3.548033482550254
CC(=O)Nc1ccc(S(=O)(=O)NN2CC=C(C(=O)N/N=C/c3ccc(Cl)cc3)CC2)cc1,3.531440595250218
CC(=O)Nc1ccc(S(=O)(=O)NN2CC=C(C(=O)N/N=C/c3ccc([N+](=O)[O-])cc3)CC2)cc1,3.482971788773081
COc1ccc(-c2nnc(C3=CCN(NS(=O)(=O)c4ccc(NC(C)=O)cc4)CC3)o2)cc1,3.273716862751019
CC(=O)Nc1ccc(S(=O)(=O)NN2CC=C(c3nnc(-c4ccc(C)cc4)o3)CC2)cc1,3.480509015343238
CC(=O)Nc1ccc(S(=O)(=O)NN2CC=C(c3nnc(-c4ccccc4)o3)CC2)cc1,3.36420231397939
CC(=O)Nc1ccc(S(=O)(=O)NN2CC=C(c3nnc(-c4ccc(Cl)cc4)o3)CC2)cc1,3.432687148217368
CC(=O)Nc1ccc(S(=O)(=O)NN2CC=C(c3nnc(-c4ccc([N+](=O)[O-])cc4)o3)CC2)cc1,3.333105884982281
CNS(C)(=O)=O,1.7369937443811765
CCC(=O)NC,1.7096789152844345
Br[Hg]c1ccccc1,3.813034820629636
N#Cc1c(Cl)cccc1Cl,2.536593790683816
O=P(O)(O)OCC(O)CO,1.655929133844837
Cc1c(O)ccc([N+](=O)[O-])c1[N+](=O)[O-],3.2000489943092925
C=CCNC(CCC(=O)[CH-][N+]#N)C(=O)NC(CCC(=O)[CH-][N+]#N)C(=O)O,3.385441818216583
COc1ccc2c3c1OC1C(O)C=CC4C(C2)N(C)CCC341,3.1974546763927214
CC(C)N(C(=O)SCC(Cl)=CCl)C(C)C,2.8373329751388416
CC(C)N(C(=O)SCC(Cl)=C(Cl)Cl)C(C)C,2.3162170198414103
CCCC(C)C(=O)Nc1ccc(C)c(Cl)c1,1.672181193895257
CCOP(=S)(OCC)SCn1c(=O)oc2cc(Cl)ccc21,3.435296848632647
Cc1cc([N+](=O)[O-])cc([N+](=O)[O-])c1O,3.3675400816030563
CCCCSc1nc2ccccc2s1,2.235073714699506
CCc1nc(C)ccc1O,2.183054620783333
O=C1C2CC=CCC2C(=O)N1SC(Cl)(Cl)C(Cl)Cl,1.764756298999178
ClCC=C(Cl)CCl,2.880386162503848
CCCCCCCCCCCCOC(=O)c1ccccc1C(=O)OCCCCCCCCCCCC,1.0024079892952584
CC[Hg]OP(=O)(O)O[Hg]CC,4.2673923409078185
CC(C)(OO)c1ccc(C(C)(C)OO)cc1,2.440816963180175
CC1C(=O)OC2C1CCC1(C)C(=O)C=CC(C)(O)C21,3.5223111662733477
CCCOP(=S)(OCCC)OP(=S)(OCCC)OCCC,3.5779890005971167
ClCCN1CCOCC1,3.329894513033303
Cc1cc(Cl)ccc1OCC(=O)O,2.4572783508175786
CN(C)CCCl,3.5546264327036954
O=C(c1cccc(N(CCCl)CCCl)c1)N1CCOCC1,3.918086717976162
O=C(c1cccc(N(CCCl)CCCl)c1)N1CC1,3.61932022289558
O=C(O)c1cccc(Cl)n1,2.0251239779742574
C[n+]1ccc(-c2cc[n+](C)cc2)cc1,2.872174926607301
COP(=O)(OC)OC(C)=CC(=O)OC(C)c1ccccc1,3.685733447295895
CC=CCC1=C(C)C(OC(=O)C2C(C=C(C)C)C2(C)C)CC1=O,2.4791034492075883
Clc1c(Cl)c(Cl)c(-c2ccccc2)c(Cl)c1Cl,1.9599163513335724
Clc1cccc(-c2ccccc2)c1Cl,2.0001986004901395
COc1ccc(OC)c(C(O)CNC(=O)CN)c1,5.592409093622835
COc1cccc(OP(=O)(Oc2cccc(OC)c2)N(CCCl)CCCl)c1,3.3947077790059903
CC(C)C(C(=O)OC(C#N)c1cccc(Oc2ccccc2)c1)c1ccc(Cl)cc1,3.3178027793583995
Cc1ccc(S(=O)(=O)N2CCOC(N(CCCl)CCCl)C2)cc1,3.723962782501281
C=CCN(CCCl)CCCl,5.35720564902911
CC[N+]([O-])(CCCl)CCCl,3.792583110465097
[O-][N+](CCCl)(CCCl)CCCl,4.866340514744759
ClCCN1CCN(CCCl)CC1,5.479464249514974
CCOP(=O)(OCC)OC(C=COCCCl)C(Cl)Cl,4.718430855625315
CSP(N)(=O)Oc1ccccc1C(=O)OC(C)C,4.897856839791238
CCSP(N)(=O)Oc1ccccc1C(=O)OC(C)C,4.004779792594863
CC(C)OC(=O)c1ccccc1OP(N)(=O)SC(C)C,3.8025643927850328
Cc1cc2c(c3ccccc13)OC(Nc1ccc([N+](=O)[O-])cc1)C=C2,2.6465461802041377
ClCCON(CCCl)CCCl,3.4684005060727223
ClCCN(CCCl)OCCBr,3.548148554412184
CCON(CCCl)CCCl,3.0266663164984653
O=c1c2cc(I)ccc2nc(-c2ccccc2)n1-c1ccccc1-c1nc2ccccc2n1CN1CCCCC1,2.9719883072219737
O=c1c2cc(I)ccc2nc(-c2ccccc2)n1-c1ccccc1-c1nc2ccccc2n1CN1CCOCC1,2.973329598756596
CC1CCN(Cn2c(-c3ccccc3-n3c(-c4ccccc4)nc4ccc(I)cc4c3=O)nc3ccccc32)CC1,2.9814401695247983
CN1CCC(Cn2c(-c3ccccc3-n3c(-c4ccccc4)nc4ccc(I)cc4c3=O)nc3ccccc32)CC1,2.9814401695247983
O=c1c2cc(Br)ccc2nc(-c2ccccc2)n1-c1ccccc1-c1nc2ccccc2n1CN1CCCCC1,2.9387293755806727
O=c1c2cc(Br)ccc2nc(-c2ccccc2)n1-c1ccccc1-c1nc2ccccc2n1CN1CCOCC1,2.940177243010936
CN1CCC(Cn2c(-c3ccccc3-n3c(-c4ccccc4)nc4ccc(Br)cc4c3=O)nc3ccccc32)CC1,2.948924749548932
CC1CCN(Cn2c(-c3ccccc3-n3c(-c4ccccc4)nc4ccc(Br)cc4c3=O)nc3ccccc32)CC1,2.948924749548932
O=c1c2ccccc2nc(-c2ccccc2)n1-c1ccccc1-c1nc2ccccc2n1CN1CCCCC1,2.876446240346331
O=c1c2ccccc2nc(-c2ccccc2)n1-c1ccccc1-c1nc2ccccc2n1CN1CCOCC1,2.878116947942682
O=c1c2ccccc2nc(-c2ccccc2)n1-c1ccccc1-c1nc2ccccc2n1CN1CCCC1,2.8643732045296173
CC1CCN(Cn2c(C(Cc3ccccc3)n3c(-c4ccccc4)nc4ccccc4c3=O)nc3ccccc32)CC1,2.910773454232827
O=c1c2ccccc2nc(-c2ccccc2)n1C(Cc1ccccc1)c1nc2ccccc2n1CN1CCCCC1,2.8996298253099253
O=c1c2ccccc2nc(Oc2ccccc2[N+](=O)[O-])n1-c1ccccc1-c1nc2ccccc2n1CN1CCCCC1,2.925361392077903
O=c1c2ccccc2nc(Oc2ccccc2[N+](=O)[O-])n1-c1ccccc1-c1nc2ccccc2n1CN1CCOCC1,2.926854441482155
Cc1nc2ccccc2c(=O)n1-c1ccccc1-c1nc2ccccc2n1CN1CCOCC1,2.82217769776084
Cc1nc2ccccc2c(=O)n1-c1ccccc1-c1nc2ccccc2n1CN1CCCCC1,2.8202768177456328
Cc1nc2ccccc2c(=O)n1-c1ccccc1-c1nc2ccccc2n1CN(C)C,2.779737569489451
CCNC(=N)NC(=O)Cc1c(Cl)cccc1Cl,3.5241759819820158
CCCNC(=N)NC(=O)Cc1c(Cl)cccc1Cl,3.545846970578309
O=[N+]([O-])c1cccc(C=NNc2c3ccccc3nc3ccccc23)c1,3.3583892215783897
O=[N+]([O-])c1ccc(C=NNc2c3ccccc3nc3ccccc23)cc1,3.8623826226983535
CCO[N+](C)(CCCl)CCCl,4.42838751876222
CS(=O)(=O)OCCON(CCCl)CCCl,3.57236501703699
C[N+](CCCl)(CCCl)OCCCl,4.497043969576684
CCN(CC)CCOC(=O)c1cccc(C)c1C,2.9196950846042964
CCN(CC)CCOC(=O)c1cc(C)ccc1C,2.8527482949736838
CCC1=C(C)CN(C(=O)NCCc2ccc(S(=O)(=O)NC(=O)NC3CCC(C)CC3)cc2)C1=O,1.690750559274631
CCN(CC)CCOC(=O)c1c(C)c(C)cc(C)c1C,3.1420889856073773
Oc1ccc(C=NNc2c3ccccc3nc3ccccc23)c(O)c1,3.079918972565868
Oc1ccc(Br)cc1C=NNc1c2ccccc2nc2ccccc12,3.5807323706308245
CN(C)c1ccc(C=NNc2c3ccccc3nc3ccccc23)cc1,4.054906570078212
CCC(C(=O)Nc1ccccc1C)N1CCCCCC1,4.22355292044915
CCOC(=O)C1=C(C)NC(C)=C(C(=O)OCC2COC3(CCCC3)O2)C1c1cccc(Cl)c1,2.376548672251137
